# File produced by Open Asset Import Library (http://www.assimp.sf.net)
# (assimp v3.1.236340372)

mtllib LINTERNA%20hp.mtl

# vertex positions
v -0.860913 0.730256 -0.523923
v -0.811902 0.730256 -0.474913
v -0.811902 0.730256 -0.965067
v -0.860913 0.730256 -0.916056
v -0.835298 -0.015642 -0.471167
v -0.847057 0.011812 -0.442779
v -0.902494 0.011812 -0.498215
v -0.874106 -0.015642 -0.509974
v -0.137173 -0.015642 -0.471167
v -0.125415 0.011812 -0.442779
v -0.098366 -0.015642 -0.509974
v -0.069978 0.011812 -0.498215
v -0.902494 0.011812 -0.941764
v -0.874106 -0.015642 -0.930005
v -0.098366 -0.015642 -0.930005
v -0.069978 0.011812 -0.941764
v -0.847057 0.011812 -0.997201
v -0.835298 -0.015642 -0.968813
v -0.125415 0.011812 -0.997201
v -0.137173 -0.015642 -0.968813
v -0.847057 0.701786 -0.442779
v -0.125415 0.701786 -0.442779
v -0.847057 0.701786 -0.997201
v -0.125415 0.701786 -0.997201
v -0.069978 0.701786 -0.498215
v -0.069978 0.701786 -0.941764
v -0.902494 0.701786 -0.941764
v -0.902494 0.701786 -0.498215
v -0.889468 0.701381 -0.505783
v -0.835923 0.701381 -0.452237
v -0.136548 0.701381 -0.452237
v -0.165910 0.730256 -0.474913
v -0.083003 0.701381 -0.505783
v -0.116899 0.730256 -0.523923
v -0.083003 0.701381 -0.934197
v -0.116899 0.730256 -0.916056
v -0.136548 0.701381 -0.987742
v -0.165910 0.730256 -0.965067
v -0.835923 0.701381 -0.987742
v -0.889468 0.701381 -0.934197
v -0.315406 0.920679 -0.641611
v -0.315406 0.921077 -0.660178
v -0.315406 0.879005 -0.661080
v -0.315406 0.877114 -0.660484
v -0.315406 0.876795 -0.645619
v -0.315406 0.878608 -0.642513
v -0.315406 1.022316 -0.639433
v -0.315406 1.022713 -0.658000
v -0.315407 0.981585 -0.658881
v -0.315407 0.981187 -0.640315
v -0.259419 0.876771 -0.661128
v -0.259467 0.874881 -0.659317
v -0.199600 0.876341 -0.661234
v -0.198404 0.874443 -0.659423
v -0.172210 0.904491 -0.660704
v -0.170965 0.897603 -0.658878
v -0.175709 0.949390 -0.658094
v -0.177983 0.949339 -0.659942
v -0.209192 0.997646 -0.659121
v -0.208009 0.998406 -0.657258
v -0.315406 1.060649 -0.657186
v -0.315406 1.062536 -0.655295
v -0.265072 1.048946 -0.655586
v -0.265763 1.047246 -0.657474
v -0.241515 1.029247 -0.656488
v -0.242411 1.027832 -0.658362
v -0.259471 0.874563 -0.644451
v -0.259419 0.876373 -0.642561
v -0.198404 0.874125 -0.644557
v -0.199600 0.875944 -0.642668
v -0.170965 0.897284 -0.644012
v -0.172601 0.898305 -0.642138
v -0.177975 0.948942 -0.641376
v -0.175709 0.949072 -0.643228
v -0.208009 0.998087 -0.642393
v -0.209187 0.997252 -0.640554
v -0.242406 1.027443 -0.639796
v -0.241515 1.028929 -0.641623
v -0.265072 1.048627 -0.640721
v -0.265763 1.046849 -0.638908
v -0.315406 1.062217 -0.640430
v -0.315406 1.060253 -0.638621
v -0.259394 0.913105 -0.641774
v -0.262690 1.008024 -0.639740
v -0.259359 0.965931 -0.640642
v -0.259394 0.913503 -0.660340
v -0.259359 0.966329 -0.659208
v -0.262690 1.008421 -0.658306
v -0.315406 0.920679 -0.779141
v -0.315406 0.878608 -0.778239
v -0.315406 0.876795 -0.776349
v -0.315406 0.877114 -0.761483
v -0.315406 0.879005 -0.759673
v -0.315406 0.921077 -0.760575
v -0.315406 1.022316 -0.781319
v -0.315407 0.981187 -0.780437
v -0.315407 0.981585 -0.761871
v -0.315406 1.022714 -0.762752
v -0.259467 0.874881 -0.761436
v -0.259419 0.876771 -0.759625
v -0.198404 0.874443 -0.761330
v -0.199600 0.876341 -0.759518
v -0.170965 0.897603 -0.761875
v -0.172210 0.904491 -0.760048
v -0.175709 0.949390 -0.762658
v -0.208009 0.998406 -0.763494
v -0.209192 0.997646 -0.761632
v -0.177983 0.949339 -0.760810
v -0.315406 1.060649 -0.763565
v -0.265763 1.047246 -0.763278
v -0.265072 1.048946 -0.765166
v -0.315406 1.062536 -0.765457
v -0.242411 1.027832 -0.762390
v -0.241515 1.029247 -0.764265
v -0.259419 0.876373 -0.778191
v -0.259471 0.874563 -0.776301
v -0.199600 0.875944 -0.778085
v -0.198404 0.874125 -0.776196
v -0.172601 0.898304 -0.778614
v -0.170965 0.897285 -0.776740
v -0.177975 0.948942 -0.779377
v -0.209187 0.997252 -0.780199
v -0.208009 0.998087 -0.778359
v -0.175709 0.949072 -0.777524
v -0.242406 1.027443 -0.780956
v -0.265763 1.046848 -0.781845
v -0.265072 1.048627 -0.780031
v -0.241515 1.028929 -0.779129
v -0.315406 1.060253 -0.782132
v -0.315406 1.062217 -0.780323
v -0.259394 0.913105 -0.778978
v -0.259359 0.965931 -0.780111
v -0.262690 1.008023 -0.781013
v -0.259394 0.913503 -0.760412
v -0.262690 1.008421 -0.762446
v -0.259359 0.966330 -0.761544
v -0.669096 0.747548 -0.539291
v -0.668327 0.727696 -0.552041
v -0.581035 0.727696 -0.552041
v -0.489282 0.727696 -0.552041
v -0.490685 0.747548 -0.539291
v -0.577517 0.747548 -0.539291
v -0.673840 1.085975 -0.552041
v -0.669096 1.078019 -0.539291
v -0.577517 1.078019 -0.539291
v -0.490685 1.078019 -0.539291
v -0.403854 1.078019 -0.539291
v -0.317022 1.078019 -0.539291
v -0.317022 1.092836 -0.552041
v -0.303073 1.072985 -0.552041
v -0.303073 1.072985 -0.652184
v -0.305984 1.087801 -0.651600
v -0.681506 0.742514 -0.552041
v -0.303073 0.742514 -0.552041
v -0.317022 0.747548 -0.539291
v -0.316252 0.727696 -0.552041
v -0.681506 1.072985 -0.552041
v -0.490685 0.832377 -0.539291
v -0.403854 0.747548 -0.539291
v -0.403854 0.832377 -0.539291
v -0.403854 0.917206 -0.539291
v -0.317022 0.917206 -0.539291
v -0.317022 1.002034 -0.539291
v -0.403854 1.002034 -0.539291
v -0.490685 1.002034 -0.539291
v -0.577517 1.002034 -0.539291
v -0.303073 0.997001 -0.552041
v -0.303073 0.997001 -0.652184
v -0.681506 0.827343 -0.552041
v -0.681506 0.827343 -0.656627
v -0.681506 0.742514 -0.656627
v -0.669096 0.832377 -0.539291
v -0.303073 0.827343 -0.552041
v -0.317022 0.832377 -0.539291
v -0.577517 0.832377 -0.539291
v -0.490685 0.917206 -0.539291
v -0.577517 0.917206 -0.539291
v -0.303073 0.742514 -0.652184
v -0.303073 0.827343 -0.652184
v -0.303073 0.912172 -0.652184
v -0.303073 0.912172 -0.552041
v -0.669096 0.917206 -0.539291
v -0.681506 0.912172 -0.552041
v -0.681506 0.997001 -0.552041
v -0.669096 1.002034 -0.539291
v -0.681506 0.912172 -0.656627
v -0.681506 1.072985 -0.656627
v -0.681506 0.997001 -0.656627
v -0.339602 0.774099 -0.539291
v -0.360350 0.759868 -0.539291
v -0.383969 0.766300 -0.539291
v -0.346538 0.823983 -0.539291
v -0.333881 0.800656 -0.539291
v -0.390905 0.816185 -0.539291
v -0.370157 0.830415 -0.539291
v -0.396626 0.789628 -0.539291
v -0.511188 0.776935 -0.539291
v -0.531587 0.764826 -0.539291
v -0.553627 0.772483 -0.539291
v -0.515147 0.824652 -0.539291
v -0.504378 0.801716 -0.539291
v -0.557586 0.820201 -0.539291
v -0.537186 0.832309 -0.539291
v -0.564396 0.795420 -0.539291
v -0.651740 1.058693 -0.538986
v -0.628802 1.071544 -0.538986
v -0.599288 1.063386 -0.538986
v -0.647326 1.016819 -0.538986
v -0.659413 1.041206 -0.538986
v -0.594874 1.021512 -0.538986
v -0.622559 1.008662 -0.538986
v -0.587201 1.047843 -0.538986
v -0.474357 1.061195 -0.539291
v -0.450331 1.075235 -0.539291
v -0.424511 1.066062 -0.539291
v -0.470028 1.013993 -0.539291
v -0.482516 1.041006 -0.539291
v -0.420182 1.018859 -0.539291
v -0.444208 1.004818 -0.539291
v -0.412023 1.047890 -0.539291
v -0.651250 0.902305 -0.539291
v -0.629262 0.915881 -0.539291
v -0.600428 0.907999 -0.539291
v -0.646185 0.850501 -0.539291
v -0.658260 0.875224 -0.539291
v -0.595364 0.856195 -0.539291
v -0.622099 0.842620 -0.539291
v -0.588354 0.883277 -0.539291
v -0.471685 0.906650 -0.539291
v -0.447460 0.915757 -0.539291
v -0.424603 0.902936 -0.539291
v -0.474989 0.853712 -0.539291
v -0.483088 0.880951 -0.539291
v -0.427906 0.849998 -0.539291
v -0.452132 0.840891 -0.539291
v -0.416504 0.875698 -0.539291
v -0.677969 1.081848 -0.671790
v -0.316252 0.727696 -0.653272
v -0.405109 0.727696 -0.552041
v -0.395496 0.727696 -0.651159
v -0.668327 0.727696 -0.648545
v -0.586195 0.727696 -0.650586
v -0.664283 0.760246 -0.545493
v -0.576424 0.760246 -0.545493
v -0.580528 0.733990 -0.557697
v -0.664283 0.733990 -0.557697
v -0.664283 1.087292 -0.557697
v -0.327088 1.090363 -0.557697
v -0.327088 1.076181 -0.545493
v -0.410200 1.076181 -0.545493
v -0.493312 1.076181 -0.545493
v -0.576424 1.076181 -0.545493
v -0.664283 1.076181 -0.545493
v -0.316820 1.090363 -0.653161
v -0.314474 1.076181 -0.653720
v -0.314474 1.076181 -0.557697
v -0.676898 0.760246 -0.557697
v -0.314474 0.760246 -0.557697
v -0.327088 0.733990 -0.557697
v -0.327088 0.760246 -0.545493
v -0.676898 1.076181 -0.557697
v -0.493312 0.841441 -0.545493
v -0.410200 0.841441 -0.545493
v -0.410200 0.760246 -0.545493
v -0.493312 0.760246 -0.545493
v -0.410200 0.922636 -0.545493
v -0.410200 1.003830 -0.545493
v -0.327088 1.003830 -0.545493
v -0.327088 0.922636 -0.545493
v -0.493312 1.003830 -0.545493
v -0.576424 1.003830 -0.545493
v -0.314474 1.003830 -0.557697
v -0.314474 1.003830 -0.653720
v -0.676898 0.841441 -0.557697
v -0.676898 0.760246 -0.658145
v -0.676898 0.841441 -0.658145
v -0.664283 0.841441 -0.545493
v -0.314474 0.841441 -0.557697
v -0.327088 0.841441 -0.545493
v -0.576424 0.841441 -0.545493
v -0.576424 0.922636 -0.545493
v -0.493312 0.922636 -0.545493
v -0.314474 0.841441 -0.653720
v -0.314474 0.760246 -0.653720
v -0.314474 0.922636 -0.557697
v -0.314474 0.922636 -0.653720
v -0.676898 0.922636 -0.557697
v -0.664283 0.922636 -0.545493
v -0.676898 1.003830 -0.557697
v -0.664283 1.003830 -0.545493
v -0.676898 0.922636 -0.658145
v -0.673764 0.997737 -0.658145
v -0.673479 1.068089 -0.658145
v -0.386558 0.773238 -0.545493
v -0.363950 0.767081 -0.545493
v -0.344092 0.780702 -0.545493
v -0.339389 0.811175 -0.545493
v -0.351503 0.833502 -0.545493
v -0.373338 0.834607 -0.545493
v -0.393196 0.820985 -0.545493
v -0.398672 0.795566 -0.545493
v -0.553284 0.775878 -0.545493
v -0.532188 0.768548 -0.545493
v -0.512662 0.780137 -0.545493
v -0.506144 0.803857 -0.545493
v -0.516452 0.825811 -0.545493
v -0.537547 0.833140 -0.545493
v -0.557073 0.821551 -0.545493
v -0.563591 0.797831 -0.545493
v -0.597262 1.061929 -0.545798
v -0.625715 1.069738 -0.545798
v -0.647670 1.057438 -0.545798
v -0.655014 1.041079 -0.545798
v -0.643445 1.017736 -0.545798
v -0.619740 1.009929 -0.545798
v -0.593037 1.022228 -0.545798
v -0.585693 1.047431 -0.545798
v -0.429972 1.064736 -0.545493
v -0.454686 1.073516 -0.545493
v -0.477683 1.060077 -0.545493
v -0.485493 1.041133 -0.545493
v -0.473540 1.015275 -0.545493
v -0.448826 1.006495 -0.545493
v -0.425828 1.019934 -0.545493
v -0.418019 1.047722 -0.545493
v -0.597835 0.910284 -0.545493
v -0.626246 0.918027 -0.545493
v -0.647848 0.904689 -0.545493
v -0.654734 0.878084 -0.545493
v -0.642872 0.853795 -0.545493
v -0.619209 0.846051 -0.545493
v -0.592859 0.859390 -0.545493
v -0.585972 0.885996 -0.545493
v -0.427643 0.905596 -0.545493
v -0.449520 0.917868 -0.545493
v -0.472708 0.909152 -0.545493
v -0.483622 0.884554 -0.545493
v -0.475869 0.858482 -0.545493
v -0.453992 0.846211 -0.545493
v -0.430804 0.854928 -0.545493
v -0.419890 0.879525 -0.545493
v -0.672337 1.081301 -0.672659
v -0.327088 0.733990 -0.654761
v -0.412138 0.733990 -0.557697
v -0.402938 0.733990 -0.652738
v -0.664283 0.733990 -0.650410
v -0.585467 0.733990 -0.652363
v -0.492706 0.732909 -0.557697
v -0.669096 0.747548 -0.878125
v -0.577517 0.747548 -0.878125
v -0.490685 0.747548 -0.878125
v -0.489282 0.727696 -0.865375
v -0.581035 0.727696 -0.865375
v -0.668327 0.727696 -0.865375
v -0.673840 1.085975 -0.865375
v -0.317022 1.092836 -0.865375
v -0.317022 1.078019 -0.878125
v -0.403854 1.078019 -0.878125
v -0.490685 1.078019 -0.878125
v -0.577517 1.078019 -0.878125
v -0.669096 1.078019 -0.878125
v -0.305984 1.087801 -0.765815
v -0.303073 1.072985 -0.765231
v -0.303073 1.072985 -0.865375
v -0.681506 0.742514 -0.865375
v -0.303073 0.742514 -0.865375
v -0.316252 0.727696 -0.865375
v -0.317022 0.747548 -0.878125
v -0.681506 1.072985 -0.865375
v -0.490685 0.832377 -0.878125
v -0.403854 0.832377 -0.878125
v -0.403854 0.747548 -0.878125
v -0.403854 0.917206 -0.878125
v -0.403854 1.002034 -0.878125
v -0.317022 1.002034 -0.878125
v -0.317022 0.917206 -0.878125
v -0.490685 1.002034 -0.878125
v -0.577517 1.002034 -0.878125
v -0.303073 0.997001 -0.865375
v -0.303073 0.997001 -0.765231
v -0.681506 0.827343 -0.865375
v -0.681506 0.742514 -0.760788
v -0.681506 0.827343 -0.760788
v -0.669096 0.832377 -0.878125
v -0.303073 0.827343 -0.865375
v -0.317022 0.832377 -0.878125
v -0.577517 0.832377 -0.878125
v -0.577517 0.917206 -0.878125
v -0.490685 0.917206 -0.878125
v -0.303073 0.827343 -0.765231
v -0.303073 0.742514 -0.765231
v -0.303073 0.912172 -0.865375
v -0.303073 0.912172 -0.765231
v -0.681506 0.912172 -0.865375
v -0.669096 0.917206 -0.878125
v -0.681506 0.997001 -0.865375
v -0.669096 1.002034 -0.878125
v -0.681506 0.912172 -0.760788
v -0.681506 0.997001 -0.760788
v -0.681506 1.072985 -0.760788
v -0.383969 0.766300 -0.878125
v -0.360350 0.759868 -0.878125
v -0.339602 0.774099 -0.878125
v -0.333881 0.800656 -0.878125
v -0.346538 0.823983 -0.878125
v -0.370157 0.830415 -0.878125
v -0.390905 0.816185 -0.878125
v -0.396626 0.789628 -0.878125
v -0.553627 0.772483 -0.878125
v -0.531587 0.764826 -0.878125
v -0.511188 0.776935 -0.878125
v -0.504378 0.801716 -0.878125
v -0.515147 0.824652 -0.878125
v -0.537186 0.832309 -0.878125
v -0.557586 0.820201 -0.878125
v -0.564396 0.795420 -0.878125
v -0.599288 1.063386 -0.878428
v -0.628802 1.071544 -0.878428
v -0.651740 1.058693 -0.878428
v -0.659413 1.041206 -0.878428
v -0.647326 1.016819 -0.878428
v -0.622559 1.008662 -0.878428
v -0.594874 1.021512 -0.878428
v -0.587201 1.047843 -0.878428
v -0.424511 1.066062 -0.878125
v -0.450331 1.075235 -0.878125
v -0.474357 1.061195 -0.878125
v -0.482516 1.041006 -0.878125
v -0.470028 1.013993 -0.878125
v -0.444208 1.004818 -0.878125
v -0.420182 1.018859 -0.878125
v -0.412023 1.047890 -0.878125
v -0.600428 0.907999 -0.878125
v -0.629262 0.915881 -0.878125
v -0.651250 0.902305 -0.878125
v -0.658260 0.875224 -0.878125
v -0.646185 0.850501 -0.878125
v -0.622099 0.842620 -0.878125
v -0.595364 0.856195 -0.878125
v -0.588354 0.883277 -0.878125
v -0.424603 0.902936 -0.878125
v -0.447460 0.915757 -0.878125
v -0.471685 0.906650 -0.878125
v -0.483088 0.880951 -0.878125
v -0.474989 0.853712 -0.878125
v -0.452132 0.840891 -0.878125
v -0.427906 0.849998 -0.878125
v -0.416504 0.875698 -0.878125
v -0.677969 1.081848 -0.745625
v -0.316252 0.727696 -0.764143
v -0.405109 0.727696 -0.865375
v -0.395496 0.727696 -0.766256
v -0.668327 0.727696 -0.768869
v -0.586195 0.727696 -0.766829
v -0.664283 0.760246 -0.871921
v -0.664283 0.733990 -0.859718
v -0.580528 0.733990 -0.859718
v -0.576424 0.760246 -0.871921
v -0.664283 1.087292 -0.859718
v -0.664283 1.076181 -0.871921
v -0.576424 1.076181 -0.871921
v -0.493312 1.076181 -0.871921
v -0.410200 1.076181 -0.871921
v -0.327088 1.076181 -0.871921
v -0.327088 1.090363 -0.859718
v -0.314474 1.076181 -0.859718
v -0.314474 1.076181 -0.763695
v -0.316820 1.090363 -0.764254
v -0.676898 0.760246 -0.859718
v -0.314474 0.760246 -0.859718
v -0.327088 0.760246 -0.871921
v -0.327088 0.733990 -0.859718
v -0.676898 1.076181 -0.859718
v -0.493312 0.841441 -0.871921
v -0.493312 0.760246 -0.871921
v -0.410200 0.760246 -0.871921
v -0.410200 0.841441 -0.871921
v -0.410200 0.922636 -0.871921
v -0.327088 0.922636 -0.871921
v -0.327088 1.003830 -0.871921
v -0.410200 1.003830 -0.871921
v -0.493312 1.003830 -0.871921
v -0.576424 1.003830 -0.871921
v -0.314474 1.003830 -0.859718
v -0.314474 1.003830 -0.763695
v -0.676898 0.841441 -0.859718
v -0.676898 0.841441 -0.759270
v -0.676898 0.760246 -0.759270
v -0.664283 0.841441 -0.871921
v -0.314474 0.841441 -0.859718
v -0.327088 0.841441 -0.871921
v -0.576424 0.841441 -0.871921
v -0.493312 0.922636 -0.871921
v -0.576424 0.922636 -0.871921
v -0.314474 0.760246 -0.763695
v -0.314474 0.841441 -0.763695
v -0.314474 0.922636 -0.763695
v -0.314474 0.922636 -0.859718
v -0.664283 0.922636 -0.871921
v -0.676898 0.922636 -0.859718
v -0.676898 1.003830 -0.859718
v -0.664283 1.003830 -0.871921
v -0.676898 0.922636 -0.759270
v -0.673479 1.068089 -0.759270
v -0.673764 0.997737 -0.759270
v -0.344092 0.780702 -0.871921
v -0.363950 0.767081 -0.871921
v -0.386558 0.773238 -0.871921
v -0.351503 0.833502 -0.871921
v -0.339389 0.811175 -0.871921
v -0.393196 0.820985 -0.871921
v -0.373338 0.834607 -0.871921
v -0.398672 0.795566 -0.871921
v -0.512662 0.780137 -0.871921
v -0.532188 0.768548 -0.871921
v -0.553284 0.775878 -0.871921
v -0.516452 0.825811 -0.871921
v -0.506144 0.803857 -0.871921
v -0.557073 0.821551 -0.871921
v -0.537547 0.833140 -0.871921
v -0.563591 0.797831 -0.871921
v -0.647670 1.057438 -0.871616
v -0.625715 1.069738 -0.871616
v -0.597262 1.061929 -0.871616
v -0.643445 1.017736 -0.871616
v -0.655014 1.041079 -0.871616
v -0.593037 1.022228 -0.871616
v -0.619740 1.009929 -0.871616
v -0.585693 1.047431 -0.871616
v -0.477683 1.060077 -0.871921
v -0.454686 1.073516 -0.871921
v -0.429972 1.064736 -0.871921
v -0.473540 1.015275 -0.871921
v -0.485493 1.041133 -0.871921
v -0.425828 1.019934 -0.871921
v -0.448826 1.006495 -0.871921
v -0.418019 1.047722 -0.871921
v -0.647848 0.904689 -0.871921
v -0.626246 0.918027 -0.871921
v -0.597835 0.910284 -0.871921
v -0.642872 0.853795 -0.871921
v -0.654734 0.878084 -0.871921
v -0.592859 0.859390 -0.871921
v -0.619209 0.846051 -0.871921
v -0.585972 0.885996 -0.871921
v -0.472708 0.909152 -0.871921
v -0.449520 0.917868 -0.871921
v -0.427643 0.905596 -0.871921
v -0.475869 0.858482 -0.871921
v -0.483622 0.884554 -0.871921
v -0.430804 0.854928 -0.871921
v -0.453992 0.846211 -0.871921
v -0.419890 0.879525 -0.871921
v -0.672337 1.081301 -0.744756
v -0.327088 0.733990 -0.762654
v -0.412138 0.733990 -0.859718
v -0.402938 0.733990 -0.764676
v -0.664283 0.733990 -0.767005
v -0.585467 0.733990 -0.765052
v -0.492706 0.732909 -0.859718
v -0.129546 0.730099 -0.726475
v -0.135726 0.730099 -0.738603
v -0.135726 0.736297 -0.738603
v -0.129546 0.736297 -0.726475
v -0.145351 0.730099 -0.748228
v -0.145351 0.736297 -0.748228
v -0.157479 0.730099 -0.754408
v -0.157479 0.736297 -0.754408
v -0.170924 0.730099 -0.756537
v -0.170924 0.736297 -0.756537
v -0.184368 0.730099 -0.754408
v -0.184368 0.736297 -0.754408
v -0.196496 0.730099 -0.748228
v -0.196496 0.736297 -0.748228
v -0.206122 0.730099 -0.738603
v -0.206122 0.736297 -0.738603
v -0.212301 0.730099 -0.726475
v -0.212301 0.736297 -0.726475
v -0.214431 0.730099 -0.713030
v -0.214431 0.736297 -0.713030
v -0.212301 0.730099 -0.699586
v -0.212301 0.736297 -0.699586
v -0.206122 0.730099 -0.687458
v -0.206122 0.736297 -0.687458
v -0.196496 0.730099 -0.677832
v -0.196496 0.736297 -0.677832
v -0.184368 0.730099 -0.671653
v -0.184368 0.736297 -0.671653
v -0.170924 0.730099 -0.669523
v -0.170924 0.736297 -0.669523
v -0.157479 0.730099 -0.671653
v -0.157479 0.736297 -0.671653
v -0.145351 0.730099 -0.677832
v -0.145351 0.736297 -0.677832
v -0.135726 0.730099 -0.687458
v -0.135726 0.736297 -0.687458
v -0.129546 0.730099 -0.699586
v -0.129546 0.736297 -0.699586
v -0.127417 0.730099 -0.713030
v -0.127417 0.736297 -0.713030
v -0.170924 0.730099 -0.713030
v -0.148786 0.765346 -0.720973
v -0.152129 0.765346 -0.728108
v -0.170924 0.765346 -0.713030
v -0.157300 0.765346 -0.733733
v -0.163775 0.765346 -0.737322
v -0.170924 0.765346 -0.738554
v -0.178073 0.765346 -0.737322
v -0.184547 0.765346 -0.733733
v -0.189718 0.765346 -0.728108
v -0.193061 0.765346 -0.720973
v -0.194218 0.765346 -0.713030
v -0.193061 0.765346 -0.705087
v -0.189718 0.765346 -0.697953
v -0.184547 0.765346 -0.692328
v -0.178073 0.765346 -0.688739
v -0.170924 0.765346 -0.687507
v -0.163775 0.765346 -0.688739
v -0.157300 0.765346 -0.692328
v -0.152129 0.765346 -0.697953
v -0.148786 0.765346 -0.705087
v -0.147629 0.765346 -0.713030
v -0.145243 0.736297 -0.733717
v -0.140734 0.736297 -0.723906
v -0.152265 0.736297 -0.741503
v -0.161114 0.736297 -0.746502
v -0.170924 0.736297 -0.748224
v -0.180733 0.736297 -0.746502
v -0.189582 0.736297 -0.741503
v -0.196605 0.736297 -0.733717
v -0.201113 0.736297 -0.723906
v -0.202667 0.736297 -0.713030
v -0.201113 0.736297 -0.702155
v -0.196605 0.736297 -0.692344
v -0.189582 0.736297 -0.684558
v -0.180733 0.736297 -0.679559
v -0.170924 0.736297 -0.677836
v -0.161115 0.736297 -0.679559
v -0.152265 0.736297 -0.684558
v -0.145243 0.736297 -0.692344
v -0.140734 0.736297 -0.702155
v -0.139180 0.736297 -0.713030
v -0.145243 0.756797 -0.733717
v -0.140734 0.756797 -0.723906
v -0.152265 0.756797 -0.741503
v -0.161114 0.756797 -0.746502
v -0.170924 0.756797 -0.748224
v -0.180733 0.756797 -0.746502
v -0.189582 0.756797 -0.741503
v -0.196605 0.756797 -0.733717
v -0.201113 0.756797 -0.723906
v -0.202667 0.756797 -0.713030
v -0.201113 0.756797 -0.702155
v -0.196605 0.756797 -0.692344
v -0.189582 0.756797 -0.684558
v -0.180733 0.756797 -0.679559
v -0.170924 0.756797 -0.677836
v -0.161115 0.756797 -0.679559
v -0.152265 0.756797 -0.684558
v -0.145243 0.756797 -0.692344
v -0.140734 0.756797 -0.702155
v -0.139180 0.756797 -0.713030
v -0.150784 0.756797 -0.729187
v -0.147202 0.756797 -0.721542
v -0.156325 0.756797 -0.735215
v -0.163263 0.756797 -0.739060
v -0.170924 0.756797 -0.740380
v -0.178585 0.756797 -0.739060
v -0.185522 0.756797 -0.735215
v -0.191063 0.756797 -0.729187
v -0.194646 0.756797 -0.721542
v -0.195885 0.756797 -0.713030
v -0.194646 0.756797 -0.704519
v -0.191063 0.756797 -0.696873
v -0.185522 0.756797 -0.690846
v -0.178585 0.756797 -0.687000
v -0.170924 0.756797 -0.685680
v -0.163263 0.756797 -0.687000
v -0.156325 0.756797 -0.690846
v -0.150784 0.756797 -0.696873
v -0.147202 0.756797 -0.704519
v -0.145962 0.756797 -0.713030
v -0.150784 0.761637 -0.729187
v -0.147202 0.761637 -0.721542
v -0.156325 0.761637 -0.735215
v -0.163263 0.761637 -0.739060
v -0.170924 0.761637 -0.740380
v -0.178585 0.761637 -0.739060
v -0.185522 0.761637 -0.735215
v -0.191063 0.761637 -0.729187
v -0.194646 0.761637 -0.721542
v -0.195885 0.761637 -0.713030
v -0.194646 0.761637 -0.704519
v -0.191063 0.761637 -0.696873
v -0.185522 0.761637 -0.690846
v -0.178585 0.761637 -0.687000
v -0.170924 0.761637 -0.685680
v -0.163263 0.761637 -0.687000
v -0.156325 0.761637 -0.690846
v -0.150784 0.761637 -0.696873
v -0.147202 0.761637 -0.704519
v -0.145962 0.761637 -0.713030
v -0.856594 0.681901 -0.626354
v -0.828192 0.689368 -0.626354
v -0.839314 0.778642 -0.636166
v -0.860683 0.773025 -0.636166
v -0.849863 0.828675 -0.647730
v -0.847552 0.847013 -0.647730
v -0.847552 0.847013 -0.663533
v -0.849863 0.828675 -0.663533
v -0.856594 0.681901 -0.684909
v -0.828192 0.689368 -0.684909
v -0.706512 0.721354 -0.626354
v -0.706512 0.721354 -0.684909
v -0.747763 0.802708 -0.675096
v -0.747763 0.802708 -0.636166
v -0.827550 0.789240 -0.647730
v -0.840632 0.785801 -0.647730
v -0.771505 0.803972 -0.663533
v -0.771505 0.803972 -0.647730
v -0.827550 0.789240 -0.663533
v -0.839314 0.778642 -0.675096
v -0.860683 0.773025 -0.675096
v -0.840632 0.785801 -0.663533
v -0.784552 0.845844 -0.663533
v -0.784552 0.845844 -0.647730
v -0.829204 0.781300 -0.636166
v -0.814756 0.692900 -0.626354
v -0.762177 0.706721 -0.626354
v -0.789645 0.791699 -0.636166
v -0.821361 0.790866 -0.647730
v -0.797144 0.797233 -0.647730
v -0.836122 0.861532 -0.647730
v -0.816725 0.866631 -0.647730
v -0.839776 0.857223 -0.663533
v -0.811558 0.864173 -0.663533
v -0.797144 0.797233 -0.663533
v -0.821361 0.790866 -0.663533
v -0.789645 0.791699 -0.675096
v -0.829204 0.781300 -0.675096
v -0.814756 0.692900 -0.684909
v -0.762177 0.706721 -0.684909
v -0.733661 0.714217 -0.626354
v -0.768190 0.797339 -0.636166
v -0.784010 0.800685 -0.647730
v -0.796446 0.859282 -0.647730
v -0.797303 0.857786 -0.663533
v -0.784010 0.800685 -0.663533
v -0.768190 0.797339 -0.675096
v -0.733661 0.714217 -0.684909
v -0.856594 0.681901 -0.787032
v -0.860683 0.773025 -0.777219
v -0.839314 0.778642 -0.777219
v -0.828192 0.689368 -0.787032
v -0.849863 0.828675 -0.765656
v -0.849863 0.828675 -0.749853
v -0.847552 0.847013 -0.749853
v -0.847552 0.847013 -0.765656
v -0.860683 0.773025 -0.738289
v -0.856594 0.681901 -0.728477
v -0.828192 0.689368 -0.728477
v -0.839314 0.778642 -0.738289
v -0.706512 0.721354 -0.787032
v -0.747763 0.802708 -0.777219
v -0.747763 0.802708 -0.738289
v -0.706512 0.721354 -0.728477
v -0.840632 0.785801 -0.765656
v -0.827550 0.789240 -0.765656
v -0.771505 0.803972 -0.765656
v -0.771505 0.803972 -0.749853
v -0.827550 0.789240 -0.749853
v -0.840632 0.785801 -0.749853
v -0.784552 0.845844 -0.765656
v -0.784552 0.845844 -0.749853
v -0.829204 0.781300 -0.777219
v -0.789645 0.791699 -0.777219
v -0.762177 0.706721 -0.787032
v -0.814756 0.692900 -0.787032
v -0.821361 0.790866 -0.765656
v -0.797144 0.797233 -0.765656
v -0.836122 0.861532 -0.765656
v -0.816725 0.866631 -0.765656
v -0.839776 0.857223 -0.749853
v -0.811558 0.864173 -0.749853
v -0.821361 0.790866 -0.749853
v -0.797144 0.797233 -0.749853
v -0.829204 0.781300 -0.738289
v -0.789645 0.791699 -0.738289
v -0.814756 0.692900 -0.728477
v -0.762177 0.706721 -0.728477
v -0.768190 0.797339 -0.777219
v -0.733661 0.714217 -0.787032
v -0.784010 0.800685 -0.765656
v -0.796446 0.859282 -0.765656
v -0.797303 0.857786 -0.749853
v -0.784010 0.800685 -0.749853
v -0.768190 0.797339 -0.738289
v -0.733661 0.714217 -0.728477
v -0.782965 0.697571 -0.600428
v -0.786552 0.696366 -0.604611
v -0.803637 0.730274 -0.604966
v -0.800569 0.732510 -0.600794
v -0.777017 0.658906 -0.599792
v -0.780780 0.658842 -0.603994
v -0.830363 0.757246 -0.605025
v -0.828108 0.760302 -0.600854
v -0.864113 0.774643 -0.604781
v -0.862884 0.778228 -0.600604
v -0.901584 0.780760 -0.604260
v -0.901494 0.784531 -0.600066
v -0.939107 0.775000 -0.603511
v -0.940159 0.778596 -0.599295
v -0.973011 0.757927 -0.602608
v -0.975094 0.761004 -0.598364
v -0.999975 0.731211 -0.601640
v -1.002878 0.733475 -0.597367
v -1.017361 0.697468 -0.600701
v -1.020793 0.698706 -0.596399
v -1.023467 0.660000 -0.599883
v -1.027084 0.660099 -0.595557
v -1.017695 0.622476 -0.599266
v -1.021136 0.621434 -0.594921
v -1.000609 0.588568 -0.598911
v -1.003532 0.586495 -0.594555
v -0.973884 0.561596 -0.598852
v -0.975993 0.558703 -0.594494
v -0.940134 0.544200 -0.599096
v -0.941217 0.540777 -0.594745
v -0.902663 0.538082 -0.599617
v -0.902607 0.534474 -0.595283
v -0.865139 0.543842 -0.600366
v -0.863942 0.540409 -0.596054
v -0.831236 0.560915 -0.601269
v -0.829007 0.558001 -0.596984
v -0.804271 0.587631 -0.602237
v -0.801223 0.585530 -0.597982
v -0.786885 0.621375 -0.603176
v -0.783308 0.620299 -0.598950
v -0.781919 0.698741 -0.539005
v -0.785360 0.697699 -0.534660
v -0.779588 0.660175 -0.534043
v -0.775971 0.660076 -0.538370
v -0.799523 0.733680 -0.539371
v -0.802445 0.731607 -0.535015
v -0.827062 0.761473 -0.539431
v -0.829171 0.758579 -0.535073
v -0.861838 0.779398 -0.539181
v -0.862921 0.775975 -0.534830
v -0.900448 0.785702 -0.538643
v -0.900392 0.782093 -0.534309
v -0.939113 0.779767 -0.537872
v -0.937916 0.776333 -0.533560
v -0.974047 0.762174 -0.536942
v -0.971819 0.759260 -0.532657
v -1.001832 0.734646 -0.535944
v -0.998784 0.732544 -0.531689
v -1.019747 0.699876 -0.534976
v -1.016170 0.698801 -0.530750
v -1.026038 0.661269 -0.534133
v -1.022276 0.661333 -0.529932
v -1.020090 0.622604 -0.533498
v -1.016503 0.623809 -0.529315
v -1.002486 0.587665 -0.533132
v -0.999418 0.589901 -0.528960
v -0.974947 0.559873 -0.533071
v -0.972692 0.562929 -0.528901
v -0.940171 0.541948 -0.533322
v -0.938942 0.545533 -0.529145
v -0.901561 0.535644 -0.533860
v -0.901472 0.539415 -0.529666
v -0.862896 0.541579 -0.534631
v -0.863948 0.545175 -0.530415
v -0.827961 0.559172 -0.535561
v -0.830044 0.562248 -0.531318
v -0.800177 0.586700 -0.536559
v -0.803080 0.588964 -0.532286
v -0.782262 0.621469 -0.537527
v -0.785694 0.622708 -0.533225
v -0.790049 0.695263 -0.603466
v -0.806614 0.728139 -0.603810
v -0.832527 0.754291 -0.603867
v -0.865251 0.771158 -0.603631
v -0.901582 0.777090 -0.603125
v -0.937964 0.771505 -0.602399
v -0.970836 0.754951 -0.601524
v -0.996981 0.729048 -0.600585
v -1.013838 0.696331 -0.599675
v -1.019758 0.660003 -0.598882
v -1.014161 0.623620 -0.598284
v -0.997596 0.590744 -0.597940
v -0.971683 0.564592 -0.597883
v -0.938959 0.547725 -0.598119
v -0.902628 0.541793 -0.598624
v -0.866246 0.547378 -0.599350
v -0.833374 0.563932 -0.600226
v -0.807229 0.589835 -0.601164
v -0.790372 0.622552 -0.602075
v -0.784452 0.658880 -0.602868
v -0.805459 0.729432 -0.535986
v -0.788894 0.696555 -0.535642
v -0.831372 0.755584 -0.536043
v -0.864095 0.772451 -0.535808
v -0.900427 0.778382 -0.535302
v -0.936809 0.772798 -0.534576
v -0.969681 0.756243 -0.533700
v -0.995826 0.730340 -0.532762
v -1.012683 0.697623 -0.531851
v -1.018603 0.661295 -0.531058
v -1.013006 0.624913 -0.530460
v -0.996441 0.592036 -0.530116
v -0.970528 0.565884 -0.530059
v -0.937804 0.549017 -0.530295
v -0.901473 0.543085 -0.530801
v -0.865091 0.548670 -0.531527
v -0.832219 0.565224 -0.532402
v -0.806074 0.591128 -0.533341
v -0.789217 0.623844 -0.534251
v -0.783297 0.660172 -0.535044
v -0.788869 0.696583 -0.534202
v -0.789814 0.696300 -0.532740
v -0.784265 0.660232 -0.532147
v -0.783272 0.660200 -0.533604
v -0.805435 0.729459 -0.534546
v -0.806236 0.728892 -0.533081
v -0.831348 0.755611 -0.534603
v -0.831925 0.754818 -0.533137
v -0.864071 0.772478 -0.534367
v -0.864365 0.771539 -0.532904
v -0.900402 0.778410 -0.533862
v -0.900382 0.777419 -0.532402
v -0.936784 0.772825 -0.533136
v -0.936450 0.771883 -0.531683
v -0.969657 0.756271 -0.532260
v -0.969038 0.755472 -0.530815
v -0.995801 0.730367 -0.531322
v -0.994956 0.729793 -0.529884
v -1.012658 0.697651 -0.530411
v -1.011667 0.697359 -0.528982
v -1.018578 0.661323 -0.529618
v -1.017536 0.661345 -0.528196
v -1.012982 0.624940 -0.529020
v -1.011988 0.625277 -0.527603
v -0.996416 0.592063 -0.528676
v -0.995566 0.592685 -0.527261
v -0.970503 0.565912 -0.528619
v -0.969877 0.566759 -0.527205
v -0.937780 0.549044 -0.528855
v -0.937437 0.550038 -0.527439
v -0.901449 0.543113 -0.529360
v -0.901420 0.544158 -0.527940
v -0.865066 0.548697 -0.530086
v -0.865352 0.549694 -0.528660
v -0.832194 0.565252 -0.530962
v -0.832764 0.566105 -0.529528
v -0.806050 0.591155 -0.531901
v -0.806846 0.591784 -0.530458
v -0.789193 0.623872 -0.532811
v -0.790135 0.624218 -0.531361
v -0.900901 0.660789 -0.530171
v -0.791067 0.694898 -0.606323
v -0.790073 0.695236 -0.604906
v -0.784477 0.658852 -0.604308
v -0.785519 0.658830 -0.605731
v -0.807489 0.727490 -0.606665
v -0.806639 0.728112 -0.605250
v -0.833178 0.753416 -0.606721
v -0.832552 0.754264 -0.605307
v -0.865618 0.770137 -0.606487
v -0.865275 0.771131 -0.605071
v -0.901635 0.776017 -0.605986
v -0.901606 0.777063 -0.604566
v -0.937703 0.770481 -0.605266
v -0.937989 0.771478 -0.603840
v -0.970291 0.754070 -0.604398
v -0.970861 0.754924 -0.602964
v -0.996209 0.728391 -0.603468
v -0.997005 0.729020 -0.602025
v -1.012921 0.695957 -0.602565
v -1.013862 0.696303 -0.601115
v -1.018789 0.659943 -0.601779
v -1.019782 0.659975 -0.600322
v -1.013241 0.623875 -0.601186
v -1.014186 0.623593 -0.599724
v -0.996819 0.591283 -0.600845
v -0.997621 0.590716 -0.599380
v -0.971130 0.565357 -0.600788
v -0.971708 0.564564 -0.599323
v -0.938690 0.548636 -0.601022
v -0.938984 0.547697 -0.599559
v -0.902673 0.542756 -0.601524
v -0.902653 0.541766 -0.600064
v -0.866605 0.548292 -0.602243
v -0.866271 0.547350 -0.600790
v -0.834017 0.564703 -0.603111
v -0.833398 0.563904 -0.601666
v -0.808099 0.590382 -0.604042
v -0.807254 0.589808 -0.602604
v -0.791388 0.622816 -0.604944
v -0.790397 0.622525 -0.603515
v -0.902154 0.659387 -0.603755
v -0.782965 0.697571 -0.699295
v -0.786552 0.696366 -0.703478
v -0.803637 0.730274 -0.703833
v -0.800569 0.732510 -0.699661
v -0.777017 0.658906 -0.698660
v -0.780780 0.658842 -0.702861
v -0.830363 0.757246 -0.703892
v -0.828108 0.760302 -0.699721
v -0.864113 0.774643 -0.703648
v -0.862884 0.778228 -0.699471
v -0.901584 0.780760 -0.703127
v -0.901494 0.784531 -0.698933
v -0.939107 0.775000 -0.702378
v -0.940159 0.778596 -0.698162
v -0.973011 0.757927 -0.701475
v -0.975094 0.761004 -0.697232
v -0.999975 0.731211 -0.700507
v -1.002878 0.733475 -0.696234
v -1.017361 0.697468 -0.699568
v -1.020793 0.698706 -0.695266
v -1.023467 0.660000 -0.698750
v -1.027084 0.660099 -0.694424
v -1.017695 0.622476 -0.698133
v -1.021136 0.621434 -0.693788
v -1.000609 0.588568 -0.697778
v -1.003532 0.586495 -0.693422
v -0.973884 0.561596 -0.697720
v -0.975993 0.558703 -0.693362
v -0.940134 0.544200 -0.697963
v -0.941217 0.540777 -0.693612
v -0.902663 0.538082 -0.698484
v -0.902607 0.534474 -0.694150
v -0.865139 0.543842 -0.699233
v -0.863942 0.540409 -0.694921
v -0.831236 0.560915 -0.700136
v -0.829007 0.558001 -0.695852
v -0.804271 0.587631 -0.701104
v -0.801223 0.585530 -0.696849
v -0.786885 0.621375 -0.702043
v -0.783308 0.620299 -0.697817
v -0.781919 0.698741 -0.637872
v -0.785360 0.697699 -0.633527
v -0.779588 0.660175 -0.632910
v -0.775971 0.660076 -0.637237
v -0.799523 0.733680 -0.638238
v -0.802445 0.731607 -0.633882
v -0.827062 0.761473 -0.638298
v -0.829171 0.758579 -0.633941
v -0.861838 0.779398 -0.638048
v -0.862921 0.775975 -0.633697
v -0.900448 0.785702 -0.637510
v -0.900392 0.782093 -0.633176
v -0.939113 0.779767 -0.636739
v -0.937916 0.776333 -0.632427
v -0.974047 0.762174 -0.635809
v -0.971819 0.759260 -0.631524
v -1.001832 0.734646 -0.634811
v -0.998784 0.732544 -0.630556
v -1.019747 0.699876 -0.633843
v -1.016170 0.698801 -0.629617
v -1.026038 0.661269 -0.633001
v -1.022276 0.661333 -0.628799
v -1.020090 0.622604 -0.632365
v -1.016503 0.623809 -0.628182
v -1.002486 0.587665 -0.631999
v -0.999418 0.589901 -0.627827
v -0.974947 0.559873 -0.631938
v -0.972692 0.562929 -0.627768
v -0.940171 0.541948 -0.632189
v -0.938942 0.545533 -0.628012
v -0.901561 0.535644 -0.632727
v -0.901472 0.539415 -0.628533
v -0.862896 0.541579 -0.633498
v -0.863948 0.545175 -0.629282
v -0.827961 0.559172 -0.634429
v -0.830044 0.562248 -0.630185
v -0.800177 0.586700 -0.635426
v -0.803080 0.588964 -0.631153
v -0.782262 0.621469 -0.636394
v -0.785694 0.622708 -0.632092
v -0.790049 0.695263 -0.702333
v -0.806614 0.728139 -0.702677
v -0.832527 0.754291 -0.702734
v -0.865251 0.771158 -0.702498
v -0.901582 0.777090 -0.701993
v -0.937964 0.771505 -0.701266
v -0.970836 0.754951 -0.700391
v -0.996981 0.729048 -0.699452
v -1.013838 0.696331 -0.698542
v -1.019758 0.660003 -0.697749
v -1.014161 0.623620 -0.697151
v -0.997596 0.590744 -0.696807
v -0.971683 0.564592 -0.696750
v -0.938959 0.547725 -0.696986
v -0.902628 0.541793 -0.697491
v -0.866246 0.547378 -0.698217
v -0.833374 0.563932 -0.699093
v -0.807229 0.589835 -0.700031
v -0.790372 0.622552 -0.700942
v -0.784452 0.658880 -0.701735
v -0.805459 0.729432 -0.634853
v -0.788894 0.696555 -0.634509
v -0.831372 0.755584 -0.634910
v -0.864095 0.772451 -0.634675
v -0.900427 0.778382 -0.634169
v -0.936809 0.772798 -0.633443
v -0.969681 0.756243 -0.632567
v -0.995826 0.730340 -0.631629
v -1.012683 0.697623 -0.630718
v -1.018603 0.661295 -0.629925
v -1.013006 0.624913 -0.629327
v -0.996441 0.592036 -0.628983
v -0.970528 0.565884 -0.628926
v -0.937804 0.549017 -0.629162
v -0.901473 0.543085 -0.629668
v -0.865091 0.548670 -0.630394
v -0.832219 0.565224 -0.631269
v -0.806074 0.591128 -0.632208
v -0.789217 0.623844 -0.633118
v -0.783297 0.660172 -0.633911
v -0.788869 0.696583 -0.633069
v -0.789814 0.696300 -0.631607
v -0.784265 0.660232 -0.631014
v -0.783272 0.660200 -0.632471
v -0.805435 0.729459 -0.633413
v -0.806236 0.728892 -0.631948
v -0.831348 0.755611 -0.633470
v -0.831925 0.754818 -0.632005
v -0.864071 0.772478 -0.633235
v -0.864365 0.771539 -0.631771
v -0.900402 0.778410 -0.632729
v -0.900382 0.777419 -0.631269
v -0.936784 0.772825 -0.632003
v -0.936450 0.771883 -0.630550
v -0.969657 0.756271 -0.631127
v -0.969038 0.755472 -0.629682
v -0.995801 0.730367 -0.630189
v -0.994956 0.729793 -0.628751
v -1.012658 0.697651 -0.629278
v -1.011667 0.697359 -0.627849
v -1.018578 0.661323 -0.628485
v -1.017536 0.661345 -0.627063
v -1.012982 0.624940 -0.627887
v -1.011988 0.625277 -0.626470
v -0.996416 0.592063 -0.627543
v -0.995566 0.592685 -0.626128
v -0.970503 0.565912 -0.627486
v -0.969877 0.566759 -0.626072
v -0.937780 0.549044 -0.627722
v -0.937437 0.550038 -0.626306
v -0.901449 0.543113 -0.628228
v -0.901420 0.544158 -0.626807
v -0.865066 0.548697 -0.628954
v -0.865352 0.549694 -0.627527
v -0.832194 0.565252 -0.629829
v -0.832764 0.566105 -0.628395
v -0.806050 0.591155 -0.630768
v -0.806846 0.591784 -0.629325
v -0.789193 0.623872 -0.631678
v -0.790135 0.624218 -0.630228
v -0.900901 0.660789 -0.629038
v -0.791067 0.694898 -0.705190
v -0.790073 0.695236 -0.703773
v -0.784477 0.658852 -0.703175
v -0.785519 0.658830 -0.704598
v -0.807489 0.727490 -0.705532
v -0.806639 0.728112 -0.704117
v -0.833178 0.753416 -0.705588
v -0.832552 0.754264 -0.704174
v -0.865618 0.770137 -0.705354
v -0.865275 0.771131 -0.703938
v -0.901635 0.776017 -0.704853
v -0.901606 0.777063 -0.703433
v -0.937703 0.770481 -0.704133
v -0.937989 0.771478 -0.702707
v -0.970291 0.754070 -0.703266
v -0.970861 0.754924 -0.701831
v -0.996209 0.728391 -0.702335
v -0.997005 0.729020 -0.700892
v -1.012921 0.695957 -0.701432
v -1.013862 0.696303 -0.699982
v -1.018789 0.659943 -0.700646
v -1.019782 0.659975 -0.699189
v -1.013241 0.623875 -0.700053
v -1.014186 0.623593 -0.698591
v -0.996819 0.591283 -0.699712
v -0.997621 0.590716 -0.698247
v -0.971130 0.565357 -0.699655
v -0.971708 0.564564 -0.698190
v -0.938690 0.548636 -0.699889
v -0.938984 0.547697 -0.698426
v -0.902673 0.542756 -0.700391
v -0.902653 0.541766 -0.698931
v -0.866605 0.548292 -0.701110
v -0.866271 0.547350 -0.699657
v -0.834017 0.564703 -0.701978
v -0.833398 0.563904 -0.700533
v -0.808099 0.590382 -0.702909
v -0.807254 0.589808 -0.701471
v -0.791388 0.622816 -0.703812
v -0.790397 0.622525 -0.702382
v -0.902154 0.659387 -0.702622
v -0.782965 0.697571 -0.809852
v -0.786552 0.696366 -0.814035
v -0.803637 0.730274 -0.814390
v -0.800569 0.732510 -0.810218
v -0.777017 0.658906 -0.809217
v -0.780780 0.658842 -0.813419
v -0.830363 0.757246 -0.814449
v -0.828108 0.760302 -0.810279
v -0.864113 0.774643 -0.814206
v -0.862884 0.778228 -0.810028
v -0.901584 0.780760 -0.813684
v -0.901494 0.784531 -0.809491
v -0.939107 0.775000 -0.812935
v -0.940159 0.778596 -0.808719
v -0.973011 0.757927 -0.812033
v -0.975094 0.761004 -0.807789
v -0.999975 0.731211 -0.811064
v -1.002878 0.733475 -0.806791
v -1.017361 0.697468 -0.810125
v -1.020793 0.698706 -0.805823
v -1.023467 0.660000 -0.809307
v -1.027084 0.660099 -0.804981
v -1.017695 0.622476 -0.808691
v -1.021136 0.621434 -0.804345
v -1.000609 0.588568 -0.808336
v -1.003532 0.586495 -0.803980
v -0.973884 0.561596 -0.808277
v -0.975993 0.558703 -0.803919
v -0.940134 0.544200 -0.808520
v -0.941217 0.540777 -0.804170
v -0.902663 0.538082 -0.809042
v -0.902607 0.534474 -0.804707
v -0.865139 0.543842 -0.809791
v -0.863942 0.540409 -0.805479
v -0.831236 0.560915 -0.810693
v -0.829007 0.558001 -0.806409
v -0.804271 0.587631 -0.811662
v -0.801223 0.585530 -0.807406
v -0.786885 0.621375 -0.812601
v -0.783308 0.620299 -0.808374
v -0.781919 0.698741 -0.748429
v -0.785360 0.697699 -0.744084
v -0.779588 0.660175 -0.743467
v -0.775971 0.660076 -0.747794
v -0.799523 0.733680 -0.748795
v -0.802445 0.731607 -0.744439
v -0.827062 0.761473 -0.748856
v -0.829171 0.758579 -0.744498
v -0.861838 0.779398 -0.748605
v -0.862921 0.775975 -0.744255
v -0.900448 0.785702 -0.748068
v -0.900392 0.782093 -0.743733
v -0.939113 0.779767 -0.747296
v -0.937916 0.776333 -0.742984
v -0.974047 0.762174 -0.746366
v -0.971819 0.759260 -0.742081
v -1.001832 0.734646 -0.745368
v -0.998784 0.732544 -0.741113
v -1.019747 0.699876 -0.744401
v -1.016170 0.698801 -0.740174
v -1.026038 0.661269 -0.743558
v -1.022276 0.661333 -0.739356
v -1.020090 0.622604 -0.742922
v -1.016503 0.623809 -0.738739
v -1.002486 0.587665 -0.742556
v -0.999418 0.589901 -0.738384
v -0.974947 0.559873 -0.742496
v -0.972692 0.562929 -0.738326
v -0.940171 0.541948 -0.742747
v -0.938942 0.545533 -0.738569
v -0.901561 0.535644 -0.743284
v -0.901472 0.539415 -0.739090
v -0.862896 0.541579 -0.744056
v -0.863948 0.545175 -0.739839
v -0.827961 0.559172 -0.744986
v -0.830044 0.562248 -0.740742
v -0.800177 0.586700 -0.745984
v -0.803080 0.588964 -0.741710
v -0.782262 0.621469 -0.746951
v -0.785694 0.622708 -0.742649
v -0.790049 0.695263 -0.812890
v -0.806614 0.728139 -0.813234
v -0.832527 0.754291 -0.813291
v -0.865251 0.771158 -0.813055
v -0.901582 0.777090 -0.812550
v -0.937964 0.771505 -0.811824
v -0.970836 0.754951 -0.810949
v -0.996981 0.729048 -0.810010
v -1.013838 0.696331 -0.809099
v -1.019758 0.660003 -0.808306
v -1.014161 0.623620 -0.807708
v -0.997596 0.590744 -0.807364
v -0.971683 0.564592 -0.807307
v -0.938959 0.547725 -0.807543
v -0.902628 0.541793 -0.808049
v -0.866246 0.547378 -0.808775
v -0.833374 0.563932 -0.809650
v -0.807229 0.589835 -0.810589
v -0.790372 0.622552 -0.811499
v -0.784452 0.658880 -0.812292
v -0.805459 0.729432 -0.745411
v -0.788894 0.696555 -0.745066
v -0.831372 0.755584 -0.745468
v -0.864095 0.772451 -0.745232
v -0.900427 0.778382 -0.744726
v -0.936809 0.772798 -0.744000
v -0.969681 0.756243 -0.743125
v -0.995826 0.730340 -0.742186
v -1.012683 0.697623 -0.741276
v -1.018603 0.661295 -0.740482
v -1.013006 0.624913 -0.739884
v -0.996441 0.592036 -0.739540
v -0.970528 0.565884 -0.739483
v -0.937804 0.549017 -0.739719
v -0.901473 0.543085 -0.740225
v -0.865091 0.548670 -0.740951
v -0.832219 0.565224 -0.741826
v -0.806074 0.591128 -0.742765
v -0.789217 0.623844 -0.743675
v -0.783297 0.660172 -0.744468
v -0.788869 0.696583 -0.743626
v -0.789814 0.696300 -0.742164
v -0.784265 0.660232 -0.741571
v -0.783272 0.660200 -0.743028
v -0.805435 0.729459 -0.743970
v -0.806236 0.728892 -0.742506
v -0.831348 0.755611 -0.744028
v -0.831925 0.754818 -0.742562
v -0.864071 0.772478 -0.743792
v -0.864365 0.771539 -0.742328
v -0.900402 0.778410 -0.743286
v -0.900382 0.777419 -0.741827
v -0.936784 0.772825 -0.742560
v -0.936450 0.771883 -0.741107
v -0.969657 0.756271 -0.741685
v -0.969038 0.755472 -0.740239
v -0.995801 0.730367 -0.740746
v -0.994956 0.729793 -0.739309
v -1.012658 0.697651 -0.739835
v -1.011667 0.697359 -0.738406
v -1.018578 0.661323 -0.739042
v -1.017536 0.661345 -0.737620
v -1.012982 0.624940 -0.738444
v -1.011988 0.625277 -0.737027
v -0.996416 0.592063 -0.738100
v -0.995566 0.592685 -0.736686
v -0.970503 0.565912 -0.738043
v -0.969877 0.566759 -0.736629
v -0.937780 0.549044 -0.738279
v -0.937437 0.550038 -0.736863
v -0.901449 0.543113 -0.738785
v -0.901420 0.544158 -0.737364
v -0.865066 0.548697 -0.739511
v -0.865352 0.549694 -0.738084
v -0.832194 0.565252 -0.740386
v -0.832764 0.566105 -0.738952
v -0.806050 0.591155 -0.741325
v -0.806846 0.591784 -0.739883
v -0.789193 0.623872 -0.742235
v -0.790135 0.624218 -0.740785
v -0.900901 0.660789 -0.739596
v -0.791067 0.694898 -0.815748
v -0.790073 0.695236 -0.814330
v -0.784477 0.658852 -0.813732
v -0.785519 0.658830 -0.815155
v -0.807489 0.727490 -0.816089
v -0.806639 0.728112 -0.814675
v -0.833178 0.753416 -0.816145
v -0.832552 0.754264 -0.814732
v -0.865618 0.770137 -0.815912
v -0.865275 0.771131 -0.814496
v -0.901635 0.776017 -0.815410
v -0.901606 0.777063 -0.813990
v -0.937703 0.770481 -0.814690
v -0.937989 0.771478 -0.813264
v -0.970291 0.754070 -0.813823
v -0.970861 0.754924 -0.812389
v -0.996209 0.728391 -0.812892
v -0.997005 0.729020 -0.811450
v -1.012921 0.695957 -0.811989
v -1.013862 0.696303 -0.810539
v -1.018789 0.659943 -0.811203
v -1.019782 0.659975 -0.809746
v -1.013241 0.623875 -0.810611
v -1.014186 0.623593 -0.809148
v -0.996819 0.591283 -0.810269
v -0.997621 0.590716 -0.808804
v -0.971130 0.565357 -0.810213
v -0.971708 0.564564 -0.808747
v -0.938690 0.548636 -0.810447
v -0.938984 0.547697 -0.808983
v -0.902673 0.542756 -0.810948
v -0.902653 0.541766 -0.809489
v -0.866605 0.548292 -0.811668
v -0.866271 0.547350 -0.810215
v -0.834017 0.564703 -0.812535
v -0.833398 0.563904 -0.811090
v -0.808099 0.590382 -0.813466
v -0.807254 0.589808 -0.812029
v -0.791388 0.622816 -0.814369
v -0.790397 0.622525 -0.812939
v -0.902154 0.659387 -0.813179
v -0.782965 0.697571 -0.919238
v -0.786552 0.696366 -0.923421
v -0.803637 0.730274 -0.923776
v -0.800569 0.732510 -0.919604
v -0.777017 0.658906 -0.918603
v -0.780780 0.658842 -0.922804
v -0.830363 0.757246 -0.923835
v -0.828108 0.760302 -0.919665
v -0.864113 0.774643 -0.923592
v -0.862884 0.778228 -0.919414
v -0.901584 0.780760 -0.923070
v -0.901494 0.784531 -0.918877
v -0.939107 0.775000 -0.922321
v -0.940159 0.778596 -0.918105
v -0.973011 0.757927 -0.921419
v -0.975094 0.761004 -0.917175
v -0.999975 0.731211 -0.920450
v -1.002878 0.733475 -0.916177
v -1.017361 0.697468 -0.919511
v -1.020793 0.698706 -0.915209
v -1.023467 0.660000 -0.918693
v -1.027084 0.660099 -0.914367
v -1.017695 0.622476 -0.918077
v -1.021136 0.621434 -0.913731
v -1.000609 0.588568 -0.917722
v -1.003532 0.586495 -0.913365
v -0.973884 0.561596 -0.917663
v -0.975993 0.558703 -0.913305
v -0.940134 0.544200 -0.917906
v -0.941217 0.540777 -0.913555
v -0.902663 0.538082 -0.918427
v -0.902607 0.534474 -0.914093
v -0.865139 0.543842 -0.919176
v -0.863942 0.540409 -0.914865
v -0.831236 0.560915 -0.920079
v -0.829007 0.558001 -0.915795
v -0.804271 0.587631 -0.921047
v -0.801223 0.585530 -0.916792
v -0.786885 0.621375 -0.921987
v -0.783308 0.620299 -0.917760
v -0.781919 0.698741 -0.857815
v -0.785360 0.697699 -0.853470
v -0.779588 0.660175 -0.852853
v -0.775971 0.660076 -0.857180
v -0.799523 0.733680 -0.858181
v -0.802445 0.731607 -0.853825
v -0.827062 0.761473 -0.858242
v -0.829171 0.758579 -0.853884
v -0.861838 0.779398 -0.857991
v -0.862921 0.775975 -0.853640
v -0.900448 0.785702 -0.857454
v -0.900392 0.782093 -0.853119
v -0.939113 0.779767 -0.856682
v -0.937916 0.776333 -0.852370
v -0.974047 0.762174 -0.855752
v -0.971819 0.759260 -0.851467
v -1.001832 0.734646 -0.854754
v -0.998784 0.732544 -0.850499
v -1.019747 0.699876 -0.853787
v -1.016170 0.698801 -0.849560
v -1.026038 0.661269 -0.852944
v -1.022276 0.661333 -0.848742
v -1.020090 0.622604 -0.852308
v -1.016503 0.623809 -0.848125
v -1.002486 0.587665 -0.851942
v -0.999418 0.589901 -0.847770
v -0.974947 0.559873 -0.851882
v -0.972692 0.562929 -0.847711
v -0.940171 0.541948 -0.852132
v -0.938942 0.545533 -0.847955
v -0.901561 0.535644 -0.852670
v -0.901472 0.539415 -0.848476
v -0.862896 0.541579 -0.853442
v -0.863948 0.545175 -0.849225
v -0.827961 0.559172 -0.854372
v -0.830044 0.562248 -0.850128
v -0.800177 0.586700 -0.855369
v -0.803080 0.588964 -0.851096
v -0.782262 0.621469 -0.856337
v -0.785694 0.622708 -0.852035
v -0.790049 0.695263 -0.922276
v -0.806614 0.728139 -0.922620
v -0.832527 0.754291 -0.922677
v -0.865251 0.771158 -0.922441
v -0.901582 0.777090 -0.921936
v -0.937964 0.771505 -0.921210
v -0.970836 0.754951 -0.920334
v -0.996981 0.729048 -0.919396
v -1.013838 0.696331 -0.918485
v -1.019758 0.660003 -0.917692
v -1.014161 0.623620 -0.917094
v -0.997596 0.590744 -0.916750
v -0.971683 0.564592 -0.916693
v -0.938959 0.547725 -0.916929
v -0.902628 0.541793 -0.917434
v -0.866246 0.547378 -0.918160
v -0.833374 0.563932 -0.919036
v -0.807229 0.589835 -0.919974
v -0.790372 0.622552 -0.920885
v -0.784452 0.658880 -0.921678
v -0.805459 0.729432 -0.854797
v -0.788894 0.696555 -0.854452
v -0.831372 0.755584 -0.854854
v -0.864095 0.772451 -0.854618
v -0.900427 0.778382 -0.854112
v -0.936809 0.772798 -0.853386
v -0.969681 0.756243 -0.852511
v -0.995826 0.730340 -0.851572
v -1.012683 0.697623 -0.850661
v -1.018603 0.661295 -0.849868
v -1.013006 0.624913 -0.849270
v -0.996441 0.592036 -0.848926
v -0.970528 0.565884 -0.848869
v -0.937804 0.549017 -0.849105
v -0.901473 0.543085 -0.849611
v -0.865091 0.548670 -0.850337
v -0.832219 0.565224 -0.851212
v -0.806074 0.591128 -0.852151
v -0.789217 0.623844 -0.853061
v -0.783297 0.660172 -0.853854
v -0.788869 0.696583 -0.853012
v -0.789814 0.696300 -0.851550
v -0.784265 0.660232 -0.850957
v -0.783272 0.660200 -0.852414
v -0.805435 0.729459 -0.853356
v -0.806236 0.728892 -0.851891
v -0.831348 0.755611 -0.853414
v -0.831925 0.754818 -0.851948
v -0.864071 0.772478 -0.853178
v -0.864365 0.771539 -0.851714
v -0.900402 0.778410 -0.852672
v -0.900382 0.777419 -0.851213
v -0.936784 0.772825 -0.851946
v -0.936450 0.771883 -0.850493
v -0.969657 0.756271 -0.851071
v -0.969038 0.755472 -0.849625
v -0.995801 0.730367 -0.850132
v -0.994956 0.729793 -0.848694
v -1.012658 0.697651 -0.849221
v -1.011667 0.697359 -0.847792
v -1.018578 0.661323 -0.848428
v -1.017536 0.661345 -0.847006
v -1.012982 0.624940 -0.847830
v -1.011988 0.625277 -0.846413
v -0.996416 0.592063 -0.847486
v -0.995566 0.592685 -0.846072
v -0.970503 0.565912 -0.847429
v -0.969877 0.566759 -0.846015
v -0.937780 0.549044 -0.847665
v -0.937437 0.550038 -0.846249
v -0.901449 0.543113 -0.848171
v -0.901420 0.544158 -0.846750
v -0.865066 0.548697 -0.848897
v -0.865352 0.549694 -0.847470
v -0.832194 0.565252 -0.849772
v -0.832764 0.566105 -0.848338
v -0.806050 0.591155 -0.850711
v -0.806846 0.591784 -0.849269
v -0.789193 0.623872 -0.851621
v -0.790135 0.624218 -0.850171
v -0.900901 0.660789 -0.848982
v -0.791067 0.694898 -0.925133
v -0.790073 0.695236 -0.923716
v -0.784477 0.658852 -0.923118
v -0.785519 0.658830 -0.924541
v -0.807489 0.727490 -0.925475
v -0.806639 0.728112 -0.924060
v -0.833178 0.753416 -0.925531
v -0.832552 0.754264 -0.924117
v -0.865618 0.770137 -0.925298
v -0.865275 0.771131 -0.923881
v -0.901635 0.776017 -0.924796
v -0.901606 0.777063 -0.923376
v -0.937703 0.770481 -0.924076
v -0.937989 0.771478 -0.922650
v -0.970291 0.754070 -0.923209
v -0.970861 0.754924 -0.921775
v -0.996209 0.728391 -0.922278
v -0.997005 0.729020 -0.920836
v -1.012921 0.695957 -0.921375
v -1.013862 0.696303 -0.919925
v -1.018789 0.659943 -0.920589
v -1.019782 0.659975 -0.919132
v -1.013241 0.623875 -0.919996
v -1.014186 0.623593 -0.918534
v -0.996819 0.591283 -0.919655
v -0.997621 0.590716 -0.918190
v -0.971130 0.565357 -0.919599
v -0.971708 0.564564 -0.918133
v -0.938690 0.548636 -0.919832
v -0.938984 0.547697 -0.918369
v -0.902673 0.542756 -0.920334
v -0.902653 0.541766 -0.918875
v -0.866605 0.548292 -0.921054
v -0.866271 0.547350 -0.919601
v -0.834017 0.564703 -0.921921
v -0.833398 0.563904 -0.920476
v -0.808099 0.590382 -0.922852
v -0.807254 0.589808 -0.921415
v -0.791388 0.622816 -0.923755
v -0.790397 0.622525 -0.922325
v -0.902154 0.659387 -0.922565
v -0.126947 0.794008 -0.735641
v -0.133264 0.804810 -0.755132
v -0.105045 0.830716 -0.752269
v -0.095077 0.822678 -0.732434
v -0.166133 0.776623 -0.738842
v -0.168061 0.789211 -0.757980
v -0.086164 0.864396 -0.749674
v -0.073642 0.859828 -0.729532
v -0.078471 0.902548 -0.747602
v -0.064740 0.901821 -0.727223
v -0.082719 0.941442 -0.746251
v -0.069244 0.944546 -0.725731
v -0.098491 0.977269 -0.745758
v -0.086711 0.983822 -0.725200
v -0.124245 1.006523 -0.746170
v -0.115433 1.015804 -0.725686
v -0.157458 1.026339 -0.747445
v -0.152597 1.037360 -0.727139
v -0.194880 1.034778 -0.749459
v -0.194566 1.046382 -0.729416
v -0.232847 1.031014 -0.752015
v -0.237232 1.041986 -0.732297
v -0.267644 1.015417 -0.754865
v -0.276418 1.024601 -0.735496
v -0.295864 0.989509 -0.757727
v -0.308288 0.995931 -0.738705
v -0.314744 0.955831 -0.760320
v -0.329723 0.958781 -0.741604
v -0.322437 0.917677 -0.762395
v -0.338624 0.916789 -0.743915
v -0.318189 0.878784 -0.763743
v -0.334121 0.874063 -0.745408
v -0.302417 0.842956 -0.764238
v -0.316654 0.834787 -0.745937
v -0.276664 0.813703 -0.763826
v -0.287932 0.802805 -0.745451
v -0.243450 0.793887 -0.762550
v -0.250767 0.781249 -0.744000
v -0.206029 0.785448 -0.760536
v -0.208799 0.772227 -0.741721
v -0.130094 0.791937 -0.685862
v -0.139483 0.801801 -0.664457
v -0.174028 0.786316 -0.667285
v -0.169280 0.774553 -0.689062
v -0.098224 0.820607 -0.682655
v -0.111468 0.827520 -0.661617
v -0.076789 0.857757 -0.679754
v -0.092725 0.860954 -0.659040
v -0.067887 0.899750 -0.677444
v -0.085088 0.898831 -0.656982
v -0.072391 0.942476 -0.675951
v -0.089305 0.937443 -0.655642
v -0.089858 0.981752 -0.675422
v -0.104963 0.973011 -0.655152
v -0.118580 1.013733 -0.675907
v -0.133910 0.997692 -0.658126
v -0.155744 1.035290 -0.677359
v -0.165350 1.016450 -0.659333
v -0.197713 1.044311 -0.679637
v -0.200773 1.024439 -0.661240
v -0.240379 1.039915 -0.682517
v -0.238345 1.026366 -0.661365
v -0.279565 1.022531 -0.685718
v -0.272889 1.010880 -0.664193
v -0.311435 0.993860 -0.688925
v -0.300904 0.985161 -0.667034
v -0.332870 0.956710 -0.691826
v -0.319648 0.951727 -0.669610
v -0.341771 0.914717 -0.694136
v -0.327285 0.913851 -0.671668
v -0.337268 0.871992 -0.695628
v -0.323068 0.875239 -0.673008
v -0.319800 0.832716 -0.696158
v -0.307410 0.839671 -0.673498
v -0.291079 0.800734 -0.695673
v -0.281843 0.810630 -0.673090
v -0.253914 0.779177 -0.694220
v -0.248871 0.790957 -0.671823
v -0.211945 0.770156 -0.691942
v -0.211720 0.782579 -0.669824
v -0.200454 0.910113 -0.754997
v -0.206050 0.906431 -0.666483
v -0.094650 0.822959 -0.739189
v -0.126520 0.794289 -0.742397
v -0.130521 0.791656 -0.679106
v -0.098651 0.820326 -0.675898
v -0.073215 0.860109 -0.736288
v -0.077216 0.857476 -0.672998
v -0.064313 0.902102 -0.733979
v -0.068314 0.899470 -0.670688
v -0.068817 0.944828 -0.732486
v -0.072818 0.942195 -0.669195
v -0.086284 0.984104 -0.731957
v -0.090285 0.981471 -0.668666
v -0.115006 1.016085 -0.732443
v -0.119007 1.013452 -0.669151
v -0.152170 1.037641 -0.733895
v -0.156171 1.035009 -0.670603
v -0.194139 1.046663 -0.736172
v -0.198140 1.044030 -0.672881
v -0.236805 1.042267 -0.739052
v -0.240806 1.039634 -0.675761
v -0.275991 1.024882 -0.742253
v -0.279992 1.022250 -0.678962
v -0.307861 0.996212 -0.745461
v -0.311862 0.993579 -0.682169
v -0.329296 0.959062 -0.748360
v -0.333297 0.956429 -0.685070
v -0.338197 0.917069 -0.750670
v -0.342198 0.914436 -0.687379
v -0.333694 0.874345 -0.752163
v -0.337695 0.871711 -0.688872
v -0.316227 0.835068 -0.752693
v -0.320228 0.832434 -0.689402
v -0.287505 0.803087 -0.752207
v -0.291506 0.800453 -0.688917
v -0.250341 0.781530 -0.750755
v -0.254342 0.778897 -0.687464
v -0.208371 0.772508 -0.748477
v -0.212373 0.769875 -0.685186
v -0.165706 0.776904 -0.745598
v -0.169707 0.774272 -0.682306
v -0.087423 0.816509 -0.732753
v -0.089216 0.818691 -0.740615
v -0.066708 0.857699 -0.737570
v -0.064456 0.856314 -0.729645
v -0.121571 0.785789 -0.736189
v -0.122681 0.788586 -0.743984
v -0.163558 0.767163 -0.739620
v -0.163827 0.770332 -0.747345
v -0.093417 0.815926 -0.674158
v -0.090639 0.814393 -0.681886
v -0.067672 0.854198 -0.678778
v -0.070910 0.854935 -0.671112
v -0.126882 0.785821 -0.677526
v -0.124787 0.783674 -0.685323
v -0.168028 0.767567 -0.680886
v -0.166773 0.765047 -0.688752
v -0.057362 0.901794 -0.735145
v -0.054918 0.901309 -0.727171
v -0.058134 0.899193 -0.676303
v -0.061563 0.899029 -0.668687
v -0.062090 0.946656 -0.733577
v -0.059744 0.947088 -0.725571
v -0.062959 0.944972 -0.674704
v -0.066292 0.943892 -0.667119
v -0.080432 0.987898 -0.733021
v -0.078460 0.989171 -0.725003
v -0.081675 0.987055 -0.674137
v -0.084633 0.985133 -0.666563
v -0.110590 1.021479 -0.733530
v -0.109234 1.023438 -0.725523
v -0.112450 1.021322 -0.674656
v -0.114792 1.018714 -0.667073
v -0.149614 1.044114 -0.735056
v -0.149055 1.046536 -0.727081
v -0.152270 1.044421 -0.676213
v -0.153816 1.041351 -0.668598
v -0.193683 1.053588 -0.737448
v -0.194023 1.056202 -0.729520
v -0.197239 1.054086 -0.678653
v -0.197884 1.050823 -0.670990
v -0.238483 1.048971 -0.740472
v -0.239738 1.051491 -0.732607
v -0.242954 1.049376 -0.681740
v -0.242685 1.046206 -0.674014
v -0.279630 1.030717 -0.743832
v -0.281725 1.032865 -0.736035
v -0.284941 1.030749 -0.685168
v -0.283831 1.027952 -0.677375
v -0.313095 1.000612 -0.747200
v -0.315873 1.002146 -0.739473
v -0.319089 1.000029 -0.688605
v -0.317296 0.997848 -0.680743
v -0.335602 0.961604 -0.750246
v -0.338840 0.962340 -0.742581
v -0.342056 0.960224 -0.691713
v -0.339803 0.958839 -0.683788
v -0.344949 0.917510 -0.752671
v -0.348378 0.917345 -0.745055
v -0.351593 0.915230 -0.694188
v -0.349150 0.914745 -0.686214
v -0.340220 0.872646 -0.754238
v -0.343553 0.871566 -0.746654
v -0.346768 0.869450 -0.695788
v -0.344421 0.869882 -0.687781
v -0.321879 0.831405 -0.754795
v -0.324837 0.829483 -0.747221
v -0.328052 0.827367 -0.696355
v -0.326080 0.828641 -0.688337
v -0.291720 0.797824 -0.754286
v -0.294062 0.795216 -0.746701
v -0.297278 0.793100 -0.695835
v -0.295921 0.795059 -0.687828
v -0.252696 0.775188 -0.752760
v -0.254242 0.772119 -0.745146
v -0.257457 0.770002 -0.694279
v -0.256898 0.772424 -0.686302
v -0.208627 0.765715 -0.750368
v -0.209273 0.762452 -0.742704
v -0.212488 0.760336 -0.691838
v -0.212829 0.762951 -0.683911
v -1.012671 0.725429 -0.662753
v -1.015085 0.719700 -0.667365
v -0.982091 0.733134 -0.667365
v -0.983748 0.737206 -0.662753
v -1.056609 0.833342 -0.662753
v -1.060639 0.831582 -0.667252
v -0.953219 0.744890 -0.667365
v -0.954877 0.748961 -0.662753
v -1.058372 0.837371 -0.667252
v -1.058372 0.837371 -0.744767
v -1.060598 0.831483 -0.744654
v -1.030108 0.845737 -0.662753
v -1.029945 0.850666 -0.667365
v -0.986835 0.821890 -0.662753
v -0.986551 0.826752 -0.667365
v -1.056609 0.833342 -0.749267
v -1.012671 0.725429 -0.749267
v -1.015085 0.719700 -0.744654
v -1.029945 0.850666 -0.744654
v -1.030108 0.845737 -0.749267
v -0.986551 0.826752 -0.744654
v -0.986835 0.821890 -0.749267
v -0.983748 0.737206 -0.749267
v -0.982091 0.733134 -0.744654
v -0.954877 0.748961 -0.749267
v -0.953219 0.744890 -0.744654
v -0.773497 0.819842 -0.667365
v -0.779226 0.822255 -0.662753
v -0.805755 0.811453 -0.662753
v -0.804098 0.807382 -0.667365
v -0.819010 0.931624 -0.667365
v -0.823039 0.929861 -0.662753
v -0.824695 0.933934 -0.667365
v -0.850950 0.922452 -0.667365
v -0.847265 0.919266 -0.662753
v -0.818989 0.931571 -0.744594
v -0.824695 0.933934 -0.744654
v -0.823039 0.929861 -0.749267
v -0.847265 0.919266 -0.749267
v -0.850950 0.922452 -0.744654
v -0.773497 0.819842 -0.744654
v -0.779226 0.822255 -0.749267
v -0.804098 0.807382 -0.744654
v -0.805755 0.811453 -0.749267
v -0.829549 0.797019 -0.667365
v -0.831207 0.801090 -0.662753
v -0.859214 0.875628 -0.662753
v -0.862880 0.878881 -0.667365
v -0.862880 0.878881 -0.744654
v -0.859214 0.875628 -0.749267
v -0.831207 0.801090 -0.749267
v -0.829549 0.797019 -0.744654
v -1.694298 1.295053 -0.976715
v -1.689956 1.281054 -0.993295
v -1.462623 0.529648 -0.985118
v -1.458364 0.515988 -0.968236
v -1.468622 0.506095 -0.441980
v -1.472963 0.520095 -0.425400
v -1.699324 1.291735 -0.423749
v -1.703583 1.305394 -0.440631
v -1.433485 1.314621 -0.483330
v -1.425529 1.351309 -0.432826
v -1.213585 0.636804 -0.425061
v -1.250238 0.661506 -0.467005
v -1.209027 0.622110 -0.442464
v -1.265381 0.600069 -0.968628
v -1.301620 0.654472 -0.953541
v -1.428341 1.297046 -0.960367
v -1.432341 1.309942 -0.945094
v -1.675641 1.320237 -1.001125
v -1.670899 1.304950 -1.019230
v -1.441423 0.524592 -1.010754
v -1.436773 0.509675 -0.992319
v -1.422154 0.506360 -0.417667
v -1.426895 0.521647 -0.399562
v -1.672413 1.311142 -0.408170
v -1.677064 1.326059 -0.426605
v -1.147134 1.495315 -0.437300
v -1.153109 1.464855 -0.451715
v -1.151824 1.459532 -0.976260
v -1.145739 1.489626 -0.991205
v -1.141169 1.476182 -0.412726
v -1.149827 1.451355 -0.433157
v -1.147445 1.444797 -0.993589
v -1.139585 1.469785 -1.014704
v -0.904397 0.714820 -0.404260
v -0.924901 0.727799 -0.425268
v -0.898106 0.694536 -0.428284
v -0.920343 0.713105 -0.442671
v -0.896734 0.688922 -0.982787
v -0.919044 0.707771 -0.968862
v -0.902991 0.708990 -1.006626
v -0.923285 0.723280 -0.985860
v -1.147416 1.496267 -0.415524
v -0.898159 0.694753 -0.406785
v -0.896678 0.688698 -1.004288
v -1.145936 1.490212 -1.013028
v -1.149818 1.503968 -0.425442
v -1.151562 1.504784 -0.427114
v -1.146902 1.489871 -0.408679
v -1.145939 1.491531 -0.410031
v -1.148386 1.498113 -1.003280
v -1.150139 1.498962 -1.001634
v -1.144432 1.485366 -1.018417
v -1.145388 1.483679 -1.019739
v -0.901384 0.700375 -0.400071
v -0.899662 0.699598 -0.401397
v -0.896633 0.685092 -0.418176
v -0.895701 0.686829 -0.416559
v -0.895230 0.679302 -0.992696
v -0.894274 0.680985 -0.994356
v -0.899881 0.694219 -1.011131
v -0.898155 0.693433 -1.009781
v -0.895386 0.769757 -0.693835
v -0.932548 0.843077 -0.693835
v -0.960248 0.833222 -0.693835
v -0.923085 0.759903 -0.693835
v -0.926057 0.758845 -0.696989
v -0.963219 0.832165 -0.696989
v -0.963219 0.832165 -0.722225
v -0.926057 0.758845 -0.722225
v -0.923085 0.759903 -0.725379
v -0.960248 0.833222 -0.725379
v -0.932548 0.843077 -0.725379
v -0.895386 0.769757 -0.725379
v -0.892414 0.770814 -0.722225
v -0.929577 0.844134 -0.722225
v -0.929577 0.844134 -0.696989
v -0.892414 0.770814 -0.696989
v -0.822722 0.823510 -0.654947
v -0.814437 0.820937 -0.656530
v -0.814437 0.818519 -0.649246
v -0.825621 0.821605 -0.649540
v -0.806152 0.823510 -0.654947
v -0.803252 0.821605 -0.649540
v -0.806152 0.824499 -0.644592
v -0.814437 0.822272 -0.642551
v -0.822722 0.824499 -0.644592
v -0.814437 0.831752 -0.641105
v -0.825621 0.831530 -0.643435
v -0.803252 0.831530 -0.643435
v -0.806152 0.838214 -0.645902
v -0.814437 0.840787 -0.644319
v -0.822722 0.838214 -0.645902
v -0.814437 0.843205 -0.651604
v -0.825621 0.840119 -0.651309
v -0.803252 0.840119 -0.651309
v -0.806152 0.837225 -0.656258
v -0.814437 0.839451 -0.658299
v -0.822722 0.837225 -0.656258
v -0.814437 0.829972 -0.659745
v -0.825621 0.830194 -0.657415
v -0.803252 0.830194 -0.657415
v -0.799524 0.830862 -0.650425
v -0.829349 0.830862 -0.650425
v -0.822722 0.823510 -0.670087
v -0.814437 0.820937 -0.671669
v -0.814437 0.818519 -0.664385
v -0.825621 0.821605 -0.664679
v -0.806152 0.823510 -0.670087
v -0.803252 0.821605 -0.664679
v -0.806152 0.824499 -0.659731
v -0.814437 0.822272 -0.657690
v -0.822722 0.824499 -0.659731
v -0.814437 0.831752 -0.656244
v -0.825621 0.831530 -0.658574
v -0.803252 0.831530 -0.658574
v -0.806152 0.838214 -0.661041
v -0.814437 0.840787 -0.659458
v -0.822722 0.838214 -0.661041
v -0.814437 0.843205 -0.666743
v -0.825621 0.840119 -0.666448
v -0.803252 0.840119 -0.666448
v -0.806152 0.837225 -0.671397
v -0.814437 0.839451 -0.673438
v -0.822722 0.837225 -0.671397
v -0.814437 0.829972 -0.674884
v -0.825621 0.830194 -0.672554
v -0.803252 0.830194 -0.672554
v -0.799524 0.830862 -0.665564
v -0.829349 0.830862 -0.665564
v -0.822722 0.823510 -0.753300
v -0.814437 0.820937 -0.754883
v -0.814437 0.818519 -0.747599
v -0.825621 0.821605 -0.747893
v -0.806152 0.823510 -0.753300
v -0.803252 0.821605 -0.747893
v -0.806152 0.824499 -0.742945
v -0.814437 0.822272 -0.740903
v -0.822722 0.824499 -0.742945
v -0.814437 0.831752 -0.739458
v -0.825621 0.831530 -0.741788
v -0.803252 0.831530 -0.741788
v -0.806152 0.838214 -0.744255
v -0.814437 0.840787 -0.742672
v -0.822722 0.838214 -0.744255
v -0.814437 0.843205 -0.749957
v -0.825621 0.840119 -0.749662
v -0.803252 0.840119 -0.749662
v -0.806152 0.837225 -0.754611
v -0.814437 0.839451 -0.756652
v -0.822722 0.837225 -0.754611
v -0.814437 0.829972 -0.758098
v -0.825621 0.830194 -0.755768
v -0.803252 0.830194 -0.755768
v -0.799524 0.830862 -0.748778
v -0.829349 0.830862 -0.748778
v -0.822722 0.823510 -0.770702
v -0.814437 0.820937 -0.772284
v -0.814437 0.818519 -0.765000
v -0.825621 0.821605 -0.765294
v -0.806152 0.823510 -0.770702
v -0.803252 0.821605 -0.765294
v -0.806152 0.824499 -0.760346
v -0.814437 0.822272 -0.758305
v -0.822722 0.824499 -0.760346
v -0.814437 0.831752 -0.756859
v -0.825621 0.831530 -0.759189
v -0.803252 0.831530 -0.759189
v -0.806152 0.838214 -0.761656
v -0.814437 0.840787 -0.760073
v -0.822722 0.838214 -0.761656
v -0.814437 0.843205 -0.767358
v -0.825621 0.840119 -0.767063
v -0.803252 0.840119 -0.767063
v -0.806152 0.837225 -0.772012
v -0.814437 0.839451 -0.774053
v -0.822722 0.837225 -0.772012
v -0.814437 0.829972 -0.775499
v -0.825621 0.830194 -0.773169
v -0.803252 0.830194 -0.773169
v -0.799524 0.830862 -0.766179
v -0.829349 0.830862 -0.766179
v -0.255599 0.920277 -0.786877
v -0.241208 0.915833 -0.789359
v -0.241208 0.911535 -0.777734
v -0.260635 0.916895 -0.778246
v -0.226817 0.920277 -0.786877
v -0.221781 0.916895 -0.778246
v -0.226817 0.921850 -0.770412
v -0.241208 0.917957 -0.767133
v -0.255599 0.921850 -0.770412
v -0.241208 0.934391 -0.764964
v -0.260635 0.934037 -0.768669
v -0.221781 0.934037 -0.768669
v -0.226817 0.945672 -0.772688
v -0.241208 0.950116 -0.770205
v -0.255599 0.945672 -0.772688
v -0.241208 0.954415 -0.781830
v -0.260635 0.949055 -0.781319
v -0.221781 0.949055 -0.781319
v -0.226817 0.944099 -0.789152
v -0.241208 0.947993 -0.792432
v -0.255599 0.944099 -0.789152
v -0.241208 0.931559 -0.794600
v -0.260635 0.931913 -0.790895
v -0.221781 0.931913 -0.790895
v -0.215305 0.932975 -0.779782
v -0.267111 0.932975 -0.779782
v -0.255599 0.920277 -0.771554
v -0.241208 0.915833 -0.774037
v -0.241208 0.911535 -0.762412
v -0.260635 0.916895 -0.762924
v -0.226817 0.920277 -0.771554
v -0.221781 0.916895 -0.762924
v -0.226817 0.921850 -0.755090
v -0.241208 0.917957 -0.751810
v -0.255599 0.921850 -0.755090
v -0.241208 0.934391 -0.749642
v -0.260635 0.934037 -0.753346
v -0.221781 0.934037 -0.753346
v -0.226817 0.945672 -0.757366
v -0.241208 0.950116 -0.754883
v -0.255599 0.945672 -0.757366
v -0.241208 0.954415 -0.766508
v -0.260635 0.949055 -0.765996
v -0.221781 0.949055 -0.765996
v -0.226817 0.944099 -0.773830
v -0.241208 0.947993 -0.777110
v -0.255599 0.944099 -0.773830
v -0.241208 0.931559 -0.779278
v -0.260635 0.931913 -0.775573
v -0.221781 0.931913 -0.775573
v -0.215305 0.932975 -0.764460
v -0.267111 0.932975 -0.764460
v -0.255599 0.920277 -0.650813
v -0.241208 0.915833 -0.653296
v -0.241208 0.911535 -0.641671
v -0.260635 0.916895 -0.642182
v -0.226817 0.920277 -0.650813
v -0.221781 0.916895 -0.642182
v -0.226817 0.921850 -0.634349
v -0.241208 0.917957 -0.631069
v -0.255599 0.921850 -0.634349
v -0.241208 0.934391 -0.628901
v -0.260635 0.934037 -0.632605
v -0.221781 0.934037 -0.632605
v -0.226817 0.945672 -0.636625
v -0.241208 0.950116 -0.634142
v -0.255599 0.945672 -0.636625
v -0.241208 0.954415 -0.645767
v -0.260635 0.949055 -0.645255
v -0.221781 0.949055 -0.645255
v -0.226817 0.944099 -0.653089
v -0.241208 0.947993 -0.656369
v -0.255599 0.944099 -0.653089
v -0.241208 0.931559 -0.658537
v -0.260635 0.931913 -0.654832
v -0.221781 0.931913 -0.654832
v -0.215305 0.932975 -0.643719
v -0.267111 0.932975 -0.643719
v -0.255599 0.920277 -0.670394
v -0.241208 0.915833 -0.672877
v -0.241208 0.911535 -0.661251
v -0.260635 0.916895 -0.661763
v -0.226817 0.920277 -0.670394
v -0.221781 0.916895 -0.661763
v -0.226817 0.921850 -0.653929
v -0.241208 0.917957 -0.650650
v -0.255599 0.921850 -0.653929
v -0.241208 0.934391 -0.648481
v -0.260635 0.934037 -0.652186
v -0.221781 0.934037 -0.652186
v -0.226817 0.945672 -0.656205
v -0.241208 0.950116 -0.653722
v -0.255599 0.945672 -0.656205
v -0.241208 0.954415 -0.665348
v -0.260635 0.949055 -0.664836
v -0.221781 0.949055 -0.664836
v -0.226817 0.944099 -0.672669
v -0.241208 0.947993 -0.675949
v -0.255599 0.944099 -0.672669
v -0.241208 0.931559 -0.678117
v -0.260635 0.931913 -0.674413
v -0.221781 0.931913 -0.674413
v -0.215305 0.932975 -0.663299
v -0.267111 0.932975 -0.663299

# UV coordinates
vt 0.345356 0.586658
vt 0.333324 0.574866
vt 0.454847 0.572183
vt 0.443375 0.584555
vt 0.318532 0.022382
vt 0.308703 0.018805
vt 0.323902 0.002834
vt 0.327857 0.012494
vt 0.323325 0.196365
vt 0.313626 0.200445
vt 0.333150 0.205754
vt 0.329759 0.215494
vt 0.436112 0.000045
vt 0.432616 0.009794
vt 0.437430 0.203063
vt 0.441284 0.212733
vt 0.452105 0.015095
vt 0.442400 0.019177
vt 0.456617 0.196758
vt 0.446796 0.193181
vt 0.134343 0.392421
vt 0.130180 0.220338
vt 0.310193 0.215968
vt 0.314293 0.388052
vt 0.640861 0.207889
vt 0.645059 0.379971
vt 0.465107 0.384340
vt 0.460851 0.212258
vt 0.333832 0.387577
vt 0.445567 0.384815
vt 0.004171 0.395581
vt 0.000000 0.223498
vt 0.110626 0.220812
vt 0.114791 0.392895
vt 0.664612 0.379497
vt 0.660414 0.207414
vt 0.340109 0.596694
vt 0.324479 0.581974
vt 0.320681 0.405957
vt 0.329791 0.413838
vt 0.335798 0.390782
vt 0.341302 0.401477
vt 0.443752 0.388110
vt 0.438773 0.399153
vt 0.459585 0.402652
vt 0.450861 0.410996
vt 0.464020 0.578840
vt 0.449070 0.594235
vt 0.322191 0.584912
vt 0.318266 0.403148
vt 0.461864 0.399720
vt 0.466444 0.581663
vt 0.451103 0.597440
vt 0.338216 0.599990
vt 0.465434 0.131283
vt 0.468547 0.134749
vt 0.460692 0.141802
vt 0.460235 0.141998
vt 0.457743 0.139222
vt 0.457579 0.138335
vt 0.484407 0.114206
vt 0.487526 0.117750
vt 0.479844 0.124608
vt 0.476732 0.121138
vt 0.581481 0.070692
vt 0.581633 0.071165
vt 0.568081 0.074947
vt 0.567907 0.074314
vt 0.553604 0.079076
vt 0.553284 0.078452
vt 0.543889 0.081915
vt 0.544971 0.080515
vt 0.534279 0.087318
vt 0.534504 0.087996
vt 0.522154 0.095565
vt 0.521876 0.095052
vt 0.494668 0.112093
vt 0.494478 0.111526
vt 0.505568 0.104985
vt 0.505930 0.105530
vt 0.512168 0.101063
vt 0.512557 0.101558
vt 0.580210 0.066237
vt 0.580438 0.067110
vt 0.566866 0.070712
vt 0.566682 0.070082
vt 0.552269 0.074819
vt 0.552215 0.074139
vt 0.543480 0.077250
vt 0.543129 0.076758
vt 0.531787 0.083614
vt 0.532292 0.084121
vt 0.519897 0.091881
vt 0.519560 0.091404
vt 0.509932 0.097301
vt 0.510202 0.097871
vt 0.503638 0.101793
vt 0.503307 0.101233
vt 0.492641 0.108489
vt 0.492125 0.108102
vt 0.472154 0.041630
vt 0.457895 0.044996
vt 0.457579 0.033678
vt 0.471918 0.032157
vt 0.485962 0.031149
vt 0.492027 0.036192
vt 0.491065 0.048542
vt 0.484376 0.061260
vt 0.471940 0.066040
vt 0.472491 0.055175
vt 0.458649 0.072075
vt 0.458345 0.061161
vt 0.964526 0.095429
vt 0.951304 0.098117
vt 0.950898 0.089131
vt 0.963454 0.084128
vt 0.935495 0.101926
vt 0.939935 0.093913
vt 0.936280 0.111895
vt 0.951939 0.112159
vt 0.953276 0.124305
vt 0.941768 0.122950
vt 0.967542 0.127242
vt 0.966240 0.113513
vt 0.954632 0.136618
vt 0.968856 0.141109
vt 0.948798 0.130776
vt 0.476881 0.070061
vt 0.471432 0.076057
vt 0.458928 0.082089
vt 0.895659 0.124735
vt 0.887800 0.131785
vt 0.887144 0.131749
vt 0.884653 0.128973
vt 0.884689 0.128317
vt 0.892548 0.121267
vt 0.914647 0.107742
vt 0.906962 0.114597
vt 0.903851 0.111126
vt 0.911531 0.104195
vt 0.994077 0.037703
vt 0.984841 0.048282
vt 0.984343 0.047854
vt 0.993595 0.037256
vt 0.974886 0.059761
vt 0.974457 0.059206
vt 0.969484 0.066409
vt 0.967757 0.066794
vt 0.958780 0.073197
vt 0.946507 0.081136
vt 0.946161 0.080667
vt 0.958263 0.072704
vt 0.919303 0.098129
vt 0.930216 0.091088
vt 0.930565 0.091648
vt 0.919817 0.098510
vt 0.936654 0.086804
vt 0.936937 0.087366
vt 0.997395 0.040575
vt 0.988157 0.051184
vt 0.987664 0.050749
vt 0.996887 0.040158
vt 0.978336 0.062562
vt 0.977743 0.062225
vt 0.972102 0.069674
vt 0.971806 0.069147
vt 0.961074 0.077027
vt 0.948825 0.084784
vt 0.948536 0.084276
vt 0.960830 0.076354
vt 0.939393 0.090993
vt 0.933025 0.095320
vt 0.932655 0.094787
vt 0.938991 0.090506
vt 0.921774 0.102113
vt 0.921575 0.101544
vt 0.289587 0.089710
vt 0.290169 0.078499
vt 0.306387 0.073172
vt 0.304901 0.089135
vt 0.274548 0.089572
vt 0.278617 0.082805
vt 0.275198 0.100858
vt 0.288808 0.104711
vt 0.288927 0.115936
vt 0.279527 0.111775
vt 0.302969 0.109889
vt 0.301776 0.122705
vt 0.951829 0.009262
vt 0.954487 0.003199
vt 0.967276 0.001575
vt 0.966304 0.006643
vt 0.981068 0.000044
vt 0.988313 0.003029
vt 0.988283 0.010364
vt 0.979757 0.021766
vt 0.961382 0.026433
vt 0.964495 0.016082
vt 0.941733 0.032294
vt 0.946664 0.021044
vt 0.957475 0.039424
vt 0.935495 0.046522
vt 0.967633 0.031619
vt 0.289032 0.125874
vt 0.284827 0.119839
vt 0.300751 0.133712
vt 0.472871 0.119308
vt 0.468523 0.115339
vt 0.482670 0.098792
vt 0.497539 0.081399
vt 0.501784 0.085489
vt 0.487712 0.101948
vt 0.295062 0.046533
vt 0.292761 0.049085
vt 0.273476 0.037400
vt 0.255191 0.026321
vt 0.236906 0.015241
vt 0.218621 0.004162
vt 0.221115 0.000045
vt 0.182769 0.134321
vt 0.175051 0.129451
vt 0.186813 0.117254
vt 0.186158 0.119972
vt 0.080950 0.022399
vt 0.089013 0.022584
vt 0.085335 0.025651
vt 0.530456 0.047726
vt 0.529935 0.052576
vt 0.525589 0.048605
vt 0.136691 0.100270
vt 0.140582 0.102851
vt 0.133832 0.104802
vt 0.173612 0.134386
vt 0.055539 0.133283
vt 0.056506 0.112146
vt 0.078141 0.113135
vt 0.077175 0.134272
vt 0.076209 0.155409
vt 0.097845 0.156398
vt 0.096878 0.177535
vt 0.075242 0.176546
vt 0.053607 0.175556
vt 0.052741 0.194490
vt 0.031106 0.193501
vt 0.031971 0.174567
vt 0.165268 0.109505
vt 0.188013 0.101404
vt 0.103817 0.040369
vt 0.084241 0.059971
vt 0.068089 0.046402
vt 0.108135 0.037822
vt 0.168176 0.057554
vt 0.162711 0.057997
vt 0.170113 0.032312
vt 0.175560 0.032096
vt 0.010168 0.131250
vt 0.010168 0.110114
vt 0.034870 0.111157
vt 0.033904 0.132294
vt 0.054573 0.154420
vt 0.032937 0.153430
vt 0.198038 0.045462
vt 0.194877 0.064317
vt 0.191410 0.084030
vt 0.162802 0.082917
vt 0.126884 0.055418
vt 0.122018 0.056747
vt 0.134835 0.078863
vt 0.139838 0.079401
vt 0.157611 0.084724
vt 0.160977 0.113095
vt 0.096013 0.196468
vt 0.074377 0.195479
vt 0.010168 0.173523
vt 0.010168 0.152387
vt 0.099310 0.073840
vt 0.122359 0.098215
vt 0.113130 0.085486
vt 0.099777 0.114125
vt 0.093848 0.120483
vt 0.088841 0.116701
vt 0.082882 0.118034
vt 0.098811 0.135261
vt 0.091552 0.132833
vt 0.094971 0.127165
vt 0.080586 0.130385
vt 0.085593 0.134167
vt 0.079463 0.123703
vt 0.051062 0.119235
vt 0.046117 0.115986
vt 0.040539 0.117642
vt 0.049532 0.131080
vt 0.052477 0.125487
vt 0.039009 0.129487
vt 0.043954 0.132736
vt 0.037594 0.123235
vt 0.010168 0.192459
vt 0.012831 0.187840
vt 0.018400 0.191302
vt 0.025847 0.189606
vt 0.014408 0.177456
vt 0.011119 0.183395
vt 0.027424 0.179223
vt 0.020672 0.175707
vt 0.029035 0.185871
vt 0.057001 0.190483
vt 0.062828 0.194256
vt 0.069366 0.192264
vt 0.058618 0.178771
vt 0.055198 0.185360
vt 0.070982 0.180552
vt 0.065156 0.176780
vt 0.072685 0.187878
vt 0.014735 0.148877
vt 0.020059 0.152511
vt 0.027333 0.150875
vt 0.016587 0.136027
vt 0.013297 0.142050
vt 0.029185 0.138025
vt 0.022678 0.134338
vt 0.030624 0.144853
vt 0.059428 0.152006
vt 0.065360 0.154551
vt 0.071201 0.151617
vt 0.059208 0.138778
vt 0.056879 0.145473
vt 0.070981 0.138389
vt 0.065049 0.135844
vt 0.073530 0.144922
vt 0.122387 0.099149
vt 0.179489 0.025988
vt 0.199886 0.042619
vt 0.208317 0.014121
vt 0.206634 0.030800
vt 0.064863 0.043396
vt 0.046886 0.032075
vt 0.060987 0.009728
vt 0.957942 0.366323
vt 0.957943 0.344412
vt 0.965163 0.345436
vt 0.965163 0.366323
vt 0.875032 0.366323
vt 0.874485 0.282226
vt 0.879151 0.282228
vt 0.879150 0.302955
vt 0.879150 0.323683
vt 0.879149 0.344411
vt 0.879148 0.366323
vt 0.187304 0.133602
vt 0.187225 0.120706
vt 0.188520 0.118978
vt 0.194013 0.131421
vt 0.048446 0.065579
vt 0.053976 0.070157
vt 0.050698 0.073379
vt 0.162695 0.006426
vt 0.166093 0.000005
vt 0.167009 0.007167
vt 0.125913 0.109494
vt 0.130113 0.106420
vt 0.127259 0.113319
vt 0.195499 0.135662
vt 0.937694 0.323684
vt 0.937694 0.302956
vt 0.957943 0.302957
vt 0.957943 0.323685
vt 0.917444 0.302956
vt 0.897195 0.302956
vt 0.897195 0.282228
vt 0.917445 0.282228
vt 0.897194 0.323684
vt 0.897194 0.344411
vt 0.208966 0.118264
vt 0.191333 0.103126
vt 0.069247 0.084557
vt 0.070350 0.049886
vt 0.085904 0.063295
vt 0.066267 0.088090
vt 0.224330 0.073235
vt 0.227959 0.049699
vt 0.232661 0.050527
vt 0.229013 0.074250
vt 0.937693 0.366323
vt 0.937693 0.344412
vt 0.917444 0.344411
vt 0.917444 0.323684
vt 0.197874 0.068112
vt 0.200945 0.049279
vt 0.219995 0.096339
vt 0.194183 0.086910
vt 0.085099 0.099422
vt 0.082742 0.103481
vt 0.104470 0.110801
vt 0.104034 0.115259
vt 0.224375 0.098336
vt 0.212246 0.121515
vt 0.897194 0.366323
vt 0.917443 0.366323
vt 0.100178 0.076364
vt 0.111882 0.087223
vt 0.120666 0.098484
vt 0.954703 0.297060
vt 0.956239 0.291422
vt 0.952842 0.286470
vt 0.957944 0.282229
vt 0.945242 0.285296
vt 0.939674 0.288318
vt 0.937694 0.282229
vt 0.939398 0.293763
vt 0.942795 0.298716
vt 0.949135 0.300082
vt 0.954045 0.338641
vt 0.955873 0.333380
vt 0.952982 0.328510
vt 0.947067 0.326885
vt 0.941591 0.329455
vt 0.939764 0.334716
vt 0.942654 0.339586
vt 0.948569 0.341212
vt 0.882704 0.349608
vt 0.880757 0.356704
vt 0.883824 0.362179
vt 0.887904 0.364011
vt 0.893725 0.361126
vt 0.895671 0.355214
vt 0.892605 0.348555
vt 0.886320 0.346724
vt 0.882005 0.307887
vt 0.879815 0.314050
vt 0.883166 0.319786
vt 0.887891 0.321733
vt 0.894340 0.318752
vt 0.896530 0.312589
vt 0.893178 0.306853
vt 0.886248 0.304906
vt 0.920524 0.349752
vt 0.918593 0.356837
vt 0.921919 0.362224
vt 0.928554 0.363942
vt 0.934612 0.360984
vt 0.936543 0.355082
vt 0.933217 0.348511
vt 0.926582 0.346793
vt 0.921694 0.307306
vt 0.918633 0.312762
vt 0.920807 0.318545
vt 0.926942 0.321267
vt 0.933443 0.319334
vt 0.936504 0.313878
vt 0.934330 0.308095
vt 0.928196 0.305373
vt 0.122689 0.100141
vt 0.202159 0.042463
vt 0.228342 0.040609
vt 0.211794 0.015971
vt 0.208332 0.030447
vt 0.063271 0.044927
vt 0.030505 0.053840
vt 0.045801 0.033450
vt 0.224022 0.000088
vt 0.295062 0.044076
vt 0.300481 0.055112
vt 0.295113 0.051168
vt 0.296263 0.048711
vt 0.302324 0.053314
vt 0.288920 0.053172
vt 0.288858 0.050672
vt 0.295860 0.068132
vt 0.300217 0.063672
vt 0.302997 0.061566
vt 0.298745 0.068240
vt 0.287481 0.064165
vt 0.291622 0.067757
vt 0.291430 0.069856
vt 0.285504 0.064709
vt 0.286073 0.058697
vt 0.284716 0.057093
vt 0.563049 0.018090
vt 0.557832 0.015644
vt 0.557970 0.013790
vt 0.564060 0.016649
vt 0.552686 0.017950
vt 0.551739 0.016406
vt 0.562814 0.029598
vt 0.565084 0.023922
vt 0.566723 0.023400
vt 0.564209 0.030346
vt 0.552881 0.029245
vt 0.557800 0.031725
vt 0.557798 0.033305
vt 0.551525 0.030011
vt 0.550698 0.023576
vt 0.549095 0.023050
vt 0.237099 0.086321
vt 0.242158 0.090082
vt 0.241074 0.091710
vt 0.235173 0.087058
vt 0.249498 0.088974
vt 0.249688 0.090751
vt 0.239551 0.076492
vt 0.235863 0.081912
vt 0.233874 0.081593
vt 0.238050 0.075154
vt 0.251727 0.079476
vt 0.245631 0.075554
vt 0.245348 0.073683
vt 0.252863 0.078210
vt 0.252686 0.085657
vt 0.254313 0.086264
vt 0.181390 0.014651
vt 0.187104 0.018112
vt 0.187879 0.019886
vt 0.180750 0.016260
vt 0.193408 0.016402
vt 0.195227 0.017514
vt 0.182707 0.004004
vt 0.179615 0.010070
vt 0.177948 0.009883
vt 0.182303 0.002284
vt 0.194473 0.004812
vt 0.188761 0.001689
vt 0.189843 0.000040
vt 0.196485 0.004010
vt 0.196447 0.012041
vt 0.198619 0.012182
vt 0.014977 0.044767
vt 0.020699 0.047367
vt 0.019936 0.048905
vt 0.013116 0.045180
vt 0.026949 0.044785
vt 0.028029 0.045980
vt 0.015100 0.031515
vt 0.011969 0.037898
vt 0.010168 0.037240
vt 0.013631 0.030133
vt 0.027754 0.032647
vt 0.021286 0.029353
vt 0.020685 0.027483
vt 0.028413 0.030992
vt 0.029367 0.038931
vt 0.031113 0.038539
vt 0.126085 0.048615
vt 0.131103 0.051237
vt 0.131589 0.052754
vt 0.124704 0.049597
vt 0.136715 0.048731
vt 0.138523 0.049133
vt 0.125317 0.036546
vt 0.123631 0.042710
vt 0.122021 0.042002
vt 0.124541 0.034745
vt 0.136991 0.035600
vt 0.130803 0.033431
vt 0.131185 0.031298
vt 0.138236 0.033885
vt 0.139527 0.042139
vt 0.141402 0.041294
vt 0.511185 0.065446
vt 0.515859 0.069032
vt 0.965409 0.323534
vt 0.965164 0.303440
vt 0.457579 0.099187
vt 0.481147 0.097325
vt 0.458136 0.100730
vt 0.495526 0.080801
vt 0.508441 0.065406
vt 0.965164 0.282229
vt 0.273052 0.053198
vt 0.253951 0.040678
vt 0.235839 0.028807
vt 0.238772 0.023694
vt 0.257910 0.036238
vt 0.276117 0.048172
vt 0.258914 0.136783
vt 0.178649 0.175245
vt 0.176598 0.170822
vt 0.196244 0.161713
vt 0.215891 0.152604
vt 0.235537 0.143494
vt 0.256257 0.133887
vt 0.696364 0.435328
vt 0.695549 0.421093
vt 0.695265 0.417950
vt 0.706310 0.433104
vt 0.277653 0.052873
vt 0.161838 0.004850
vt 0.157611 0.000000
vt 0.160554 0.008851
vt 0.260857 0.133562
vt 0.172764 0.173837
vt 0.826424 0.367335
vt 0.804770 0.367484
vt 0.804624 0.346329
vt 0.826279 0.346180
vt 0.804915 0.388640
vt 0.805061 0.409795
vt 0.783406 0.409944
vt 0.783260 0.388789
vt 0.826715 0.409646
vt 0.848370 0.409497
vt 0.848500 0.428448
vt 0.826846 0.428596
vt 0.718878 0.412088
vt 0.697013 0.402003
vt 0.547125 0.106295
vt 0.560618 0.081805
vt 0.580659 0.101020
vt 0.572710 0.119311
vt 0.268741 0.073910
vt 0.273341 0.073585
vt 0.294884 0.037211
vt 0.295679 0.016070
vt 0.300342 0.017502
vt 0.299547 0.038643
vt 0.870918 0.367029
vt 0.848079 0.367186
vt 0.847934 0.346031
vt 0.870773 0.345874
vt 0.848225 0.388342
vt 0.826570 0.388491
vt 0.723077 0.358634
vt 0.696282 0.361956
vt 0.695579 0.342149
vt 0.719728 0.332022
vt 0.725092 0.385117
vt 0.696514 0.382725
vt 0.269030 0.094297
vt 0.264430 0.094622
vt 0.264719 0.115009
vt 0.260119 0.115334
vt 0.996506 0.085000
vt 0.996707 0.135157
vt 0.998651 0.129679
vt 0.998432 0.079283
vt 0.161444 0.159443
vt 0.157611 0.162458
vt 0.996912 0.186156
vt 0.998873 0.180924
vt 0.805191 0.428745
vt 0.783536 0.428894
vt 0.871210 0.409340
vt 0.871064 0.388185
vt 0.565554 0.138680
vt 0.535663 0.131509
vt 0.533843 0.159773
vt 0.558139 0.155796
vt 0.554828 0.171835
vt 0.541397 0.181498
vt 0.799697 0.351040
vt 0.793796 0.349476
vt 0.788646 0.353061
vt 0.782969 0.346478
vt 0.787265 0.359693
vt 0.790461 0.365489
vt 0.783115 0.367633
vt 0.796363 0.367053
vt 0.801512 0.363468
vt 0.802894 0.356835
vt 0.842019 0.352290
vt 0.836509 0.350419
vt 0.831442 0.353473
vt 0.829787 0.359665
vt 0.832512 0.365367
vt 0.838021 0.367239
vt 0.843088 0.364184
vt 0.844744 0.357992
vt 0.853905 0.424760
vt 0.861280 0.426744
vt 0.866978 0.423501
vt 0.871341 0.428292
vt 0.868861 0.419126
vt 0.865805 0.413065
vt 0.859615 0.411074
vt 0.852733 0.414326
vt 0.850865 0.420905
vt 0.810322 0.425728
vt 0.816777 0.427971
vt 0.822745 0.424428
vt 0.824745 0.419380
vt 0.821584 0.412664
vt 0.815129 0.410420
vt 0.809161 0.413963
vt 0.807176 0.421217
vt 0.853923 0.386006
vt 0.861127 0.387922
vt 0.866587 0.384499
vt 0.868289 0.377733
vt 0.865236 0.371589
vt 0.859215 0.369664
vt 0.852571 0.373096
vt 0.850869 0.379862
vt 0.810065 0.385045
vt 0.815787 0.388204
vt 0.821813 0.385891
vt 0.824613 0.379462
vt 0.822546 0.372683
vt 0.816824 0.369525
vt 0.810798 0.371838
vt 0.807999 0.378266
vt 0.555262 0.172750
vt 0.546963 0.183216
vt 0.694126 0.338990
vt 0.717027 0.325568
vt 0.690768 0.308760
vt 0.689916 0.325573
vt 0.566148 0.076992
vt 0.582316 0.097449
vt 0.597117 0.071783
vt 0.590900 0.086057
vt 0.896427 0.004205
vt 0.902167 0.000043
vt 0.913589 0.017997
vt 0.907963 0.022742
vt 0.826086 0.046788
vt 0.829725 0.045173
vt 0.840714 0.063413
vt 0.851147 0.081142
vt 0.861560 0.098818
vt 0.871842 0.116208
vt 0.868054 0.118889
vt 0.691821 0.434333
vt 0.684019 0.432104
vt 0.693461 0.419255
vt 0.694021 0.421655
vt 0.894542 0.000321
vt 0.942370 0.079892
vt 0.939827 0.076363
vt 0.946284 0.073196
vt 0.826846 0.041981
vt 0.873347 0.120172
vt 0.918626 0.387668
vt 0.919149 0.367425
vt 0.939870 0.367961
vt 0.939346 0.388204
vt 0.938823 0.408447
vt 0.959543 0.408983
vt 0.959020 0.429226
vt 0.938299 0.428690
vt 0.917578 0.428153
vt 0.917111 0.446192
vt 0.896391 0.445656
vt 0.896857 0.427617
vt 0.672313 0.413457
vt 0.693393 0.403227
vt 0.599855 0.132782
vt 0.572943 0.123057
vt 0.580345 0.104937
vt 0.608002 0.110164
vt 0.879107 0.014366
vt 0.876854 0.010575
vt 0.924880 0.090576
vt 0.922604 0.086828
vt 0.876001 0.386564
vt 0.876524 0.366322
vt 0.898429 0.366889
vt 0.897905 0.387131
vt 0.918102 0.407911
vt 0.897381 0.407374
vt 0.666259 0.365176
vt 0.666036 0.341338
vt 0.692255 0.345615
vt 0.692814 0.365394
vt 0.693303 0.385252
vt 0.666032 0.389023
vt 0.861799 0.024885
vt 0.859467 0.021176
vt 0.842079 0.031792
vt 0.844539 0.035420
vt 0.907351 0.101005
vt 0.905139 0.097223
vt 0.887676 0.107609
vt 0.889772 0.111503
vt 0.958553 0.447264
vt 0.937832 0.446728
vt 0.874952 0.427050
vt 0.875477 0.406807
vt 0.592226 0.155908
vt 0.565991 0.141434
vt 0.578020 0.176987
vt 0.556161 0.183553
vt 0.556799 0.171391
vt 0.560268 0.156986
vt 0.960591 0.368497
vt 0.956220 0.373487
vt 0.951357 0.369964
vt 0.945680 0.371353
vt 0.960067 0.388740
vt 0.954031 0.386603
vt 0.957196 0.381115
vt 0.943717 0.383214
vt 0.948581 0.386738
vt 0.942516 0.376841
vt 0.914197 0.372259
vt 0.909404 0.369244
vt 0.904097 0.370935
vt 0.912957 0.383622
vt 0.915669 0.378215
vt 0.902858 0.382297
vt 0.907651 0.385313
vt 0.901386 0.376342
vt 0.874485 0.445090
vt 0.878748 0.440523
vt 0.884143 0.443730
vt 0.891287 0.441968
vt 0.880058 0.430652
vt 0.877023 0.436397
vt 0.892596 0.432097
vt 0.886019 0.428859
vt 0.894264 0.438428
vt 0.921112 0.442277
vt 0.926758 0.445776
vt 0.932976 0.443747
vt 0.922434 0.431134
vt 0.919287 0.437504
vt 0.934299 0.432604
vt 0.928652 0.429105
vt 0.936066 0.439582
vt 0.879690 0.402439
vt 0.884990 0.405904
vt 0.892123 0.404157
vt 0.881259 0.389783
vt 0.878145 0.395762
vt 0.893692 0.391500
vt 0.887208 0.388005
vt 0.895237 0.398178
vt 0.923326 0.404682
vt 0.929050 0.407004
vt 0.934584 0.404086
vt 0.922864 0.392029
vt 0.920763 0.398479
vt 0.934122 0.391433
vt 0.928398 0.389111
vt 0.936685 0.397636
vt 0.550873 0.182264
vt 0.555384 0.173867
vt 0.666862 0.332231
vt 0.691950 0.338394
vt 0.686911 0.309950
vt 0.688370 0.325004
vt 0.609627 0.101017
vt 0.584203 0.098479
vt 0.591813 0.086788
vt 0.598987 0.073851
vt 0.867991 0.121811
vt 0.823643 0.045464
vt 0.857228 0.048307
vt 0.855567 0.046360
vt 0.862115 0.042465
vt 0.863016 0.045022
vt 0.869211 0.044874
vt 0.868923 0.047294
vt 0.860911 0.061749
vt 0.857931 0.061519
vt 0.854148 0.054445
vt 0.856748 0.056760
vt 0.869504 0.058367
vt 0.871464 0.058969
vt 0.865318 0.063959
vt 0.865309 0.061890
vt 0.872712 0.051313
vt 0.871226 0.052793
vt 0.825598 0.020567
vt 0.824202 0.019493
vt 0.829130 0.014914
vt 0.829820 0.016639
vt 0.835851 0.015507
vt 0.835410 0.017263
vt 0.829144 0.031338
vt 0.828027 0.032463
vt 0.823643 0.026658
vt 0.825358 0.026656
vt 0.838621 0.028272
vt 0.840137 0.028608
vt 0.834971 0.033534
vt 0.834550 0.032010
vt 0.840380 0.021131
vt 0.839012 0.022128
vt 0.927391 0.076637
vt 0.929371 0.077196
vt 0.923816 0.082379
vt 0.922590 0.080848
vt 0.914982 0.082094
vt 0.915029 0.080307
vt 0.923893 0.067021
vt 0.925258 0.065547
vt 0.930098 0.071576
vt 0.928152 0.072096
vt 0.912285 0.071114
vt 0.911031 0.069949
vt 0.917928 0.064749
vt 0.917854 0.066632
vt 0.910074 0.077930
vt 0.911667 0.077241
vt 0.510233 0.053005
vt 0.510900 0.054605
vt 0.503992 0.058284
vt 0.504699 0.056500
vt 0.496808 0.056089
vt 0.498583 0.054918
vt 0.509029 0.042326
vt 0.509395 0.040596
vt 0.513731 0.048280
vt 0.512060 0.048432
vt 0.496940 0.043398
vt 0.494897 0.042665
vt 0.501648 0.038495
vt 0.502803 0.040119
vt 0.493169 0.050976
vt 0.495328 0.050711
vt 0.971275 0.055752
vt 0.973020 0.056428
vt 0.965785 0.059261
vt 0.965096 0.057649
vt 0.957646 0.055492
vt 0.958817 0.054443
vt 0.972755 0.042905
vt 0.974426 0.041782
vt 0.976549 0.049325
vt 0.974679 0.049682
vt 0.960318 0.041977
vt 0.959967 0.040209
vt 0.968014 0.038035
vt 0.967124 0.039778
vt 0.955832 0.047345
vt 0.957462 0.048089
vt 0.248665 0.056088
vt 0.249954 0.057161
vt 0.242578 0.059559
vt 0.243254 0.058115
vt 0.235997 0.055241
vt 0.237827 0.054988
vt 0.250140 0.043734
vt 0.251027 0.041977
vt 0.253118 0.049533
vt 0.251471 0.050184
vt 0.238737 0.042216
vt 0.237618 0.040413
vt 0.244681 0.038217
vt 0.244936 0.040361
vt 0.233874 0.047405
vt 0.235665 0.048378
vt 0.217727 0.016935
vt 0.199616 0.005064
vt 0.202681 0.000037
vt 0.221215 0.012186
vt 0.925288 0.036836
vt 0.935636 0.054385
vt 0.929626 0.058418
vt 0.918804 0.040577
vt 0.915326 0.016789
vt 0.927379 0.036582
vt 0.938363 0.054821
vt 0.940242 0.004773
vt 0.937554 0.002734
vt 0.938266 0.001378
vt 0.941340 0.003706
vt 0.934369 0.001627
vt 0.934625 0.000118
vt 0.930996 0.001559
vt 0.930777 0.000044
vt 0.927766 0.002535
vt 0.927094 0.001160
vt 0.924994 0.004459
vt 0.923933 0.003355
vt 0.922950 0.007143
vt 0.921601 0.006418
vt 0.921835 0.010326
vt 0.920328 0.010053
vt 0.921760 0.013698
vt 0.920243 0.013908
vt 0.922736 0.016932
vt 0.921359 0.017604
vt 0.924662 0.019707
vt 0.923564 0.020774
vt 0.927350 0.021746
vt 0.926638 0.023103
vt 0.930535 0.022853
vt 0.930279 0.024362
vt 0.933907 0.022921
vt 0.934127 0.024436
vt 0.937138 0.021945
vt 0.937810 0.023321
vt 0.939910 0.020022
vt 0.940971 0.021126
vt 0.941954 0.017337
vt 0.943303 0.018063
vt 0.943069 0.014154
vt 0.944576 0.014427
vt 0.943144 0.010782
vt 0.944661 0.010573
vt 0.942168 0.007548
vt 0.943545 0.006876
vt 0.118419 0.026074
vt 0.117160 0.022921
vt 0.127742 0.020523
vt 0.120590 0.028683
vt 0.123462 0.030494
vt 0.126753 0.031328
vt 0.130140 0.031105
vt 0.133293 0.029846
vt 0.135902 0.027675
vt 0.137713 0.024803
vt 0.138547 0.021513
vt 0.138324 0.018125
vt 0.137066 0.014972
vt 0.134894 0.012363
vt 0.132022 0.010552
vt 0.128732 0.009718
vt 0.125344 0.009941
vt 0.122192 0.011200
vt 0.119582 0.013371
vt 0.117772 0.016243
vt 0.116937 0.019533
vt 0.560738 0.004621
vt 0.561095 0.006554
vt 0.555095 0.006222
vt 0.560862 0.008445
vt 0.560070 0.010112
vt 0.558798 0.011399
vt 0.557169 0.012186
vt 0.555335 0.012398
vt 0.553470 0.012007
vt 0.551757 0.011044
vt 0.550370 0.009601
vt 0.549452 0.007822
vt 0.549095 0.005889
vt 0.549328 0.003998
vt 0.550121 0.002331
vt 0.551392 0.001044
vt 0.553022 0.000257
vt 0.554855 0.000045
vt 0.556720 0.000436
vt 0.558434 0.001399
vt 0.559821 0.002842
vt 0.045720 0.015354
vt 0.046848 0.018556
vt 0.044329 0.019435
vt 0.043332 0.016934
vt 0.046932 0.021950
vt 0.044528 0.022042
vt 0.045963 0.025203
vt 0.043910 0.024501
vt 0.044036 0.027998
vt 0.042534 0.026569
vt 0.041340 0.030061
vt 0.040536 0.028045
vt 0.038138 0.031189
vt 0.038112 0.028784
vt 0.034744 0.031273
vt 0.035498 0.028713
vt 0.031491 0.030304
vt 0.032950 0.027841
vt 0.028696 0.028377
vt 0.030718 0.026252
vt 0.026633 0.025680
vt 0.029021 0.024101
vt 0.025505 0.022479
vt 0.028024 0.021599
vt 0.025421 0.019085
vt 0.027825 0.018992
vt 0.026390 0.015831
vt 0.028443 0.016534
vt 0.028317 0.013036
vt 0.029819 0.014466
vt 0.031013 0.010974
vt 0.031817 0.012990
vt 0.034215 0.009846
vt 0.034241 0.012251
vt 0.037609 0.009762
vt 0.036855 0.012321
vt 0.040863 0.010731
vt 0.039403 0.013194
vt 0.043657 0.012658
vt 0.041635 0.014783
vt 0.545316 0.004094
vt 0.547567 0.007402
vt 0.543356 0.009427
vt 0.541905 0.007330
vt 0.548674 0.011146
vt 0.544099 0.011791
vt 0.548578 0.014951
vt 0.544076 0.014173
vt 0.547317 0.018481
vt 0.543296 0.016351
vt 0.545003 0.021439
vt 0.541832 0.018138
vt 0.541824 0.023557
vt 0.539811 0.019388
vt 0.538051 0.024612
vt 0.537416 0.019982
vt 0.534047 0.024455
vt 0.534882 0.019832
vt 0.530233 0.023059
vt 0.532474 0.018919
vt 0.527033 0.020562
vt 0.530443 0.017325
vt 0.524782 0.017254
vt 0.528992 0.015228
vt 0.523674 0.013510
vt 0.528250 0.012865
vt 0.523770 0.009705
vt 0.528272 0.010482
vt 0.525031 0.006175
vt 0.529052 0.008304
vt 0.527345 0.003217
vt 0.530516 0.006517
vt 0.530525 0.001099
vt 0.532537 0.005267
vt 0.534297 0.000043
vt 0.534932 0.004673
vt 0.538302 0.000200
vt 0.537466 0.004823
vt 0.542116 0.001596
vt 0.539875 0.005736
vt 0.478282 0.085229
vt 0.479086 0.087799
vt 0.477304 0.087886
vt 0.476690 0.085872
vt 0.479087 0.090414
vt 0.477284 0.089928
vt 0.478283 0.092818
vt 0.476642 0.091799
vt 0.476754 0.094776
vt 0.475444 0.093323
vt 0.474650 0.096095
vt 0.473805 0.094358
vt 0.472176 0.096648
vt 0.471878 0.094805
vt 0.469575 0.096379
vt 0.469845 0.094614
vt 0.467101 0.095315
vt 0.467904 0.093797
vt 0.464997 0.093561
vt 0.466253 0.092428
vt 0.463468 0.091287
vt 0.465060 0.090644
vt 0.462664 0.088717
vt 0.464447 0.088630
vt 0.462664 0.086102
vt 0.464466 0.086589
vt 0.463467 0.083698
vt 0.465108 0.084718
vt 0.464996 0.081741
vt 0.466306 0.083193
vt 0.467100 0.080421
vt 0.467946 0.082158
vt 0.469574 0.079869
vt 0.469873 0.081711
vt 0.472175 0.080137
vt 0.471906 0.081902
vt 0.474649 0.081201
vt 0.473846 0.082719
vt 0.476753 0.082955
vt 0.475498 0.084088
vt 0.297061 0.002800
vt 0.299074 0.001147
vt 0.299678 0.002170
vt 0.297947 0.003595
vt 0.301435 0.000202
vt 0.301695 0.001356
vt 0.303909 0.000045
vt 0.303794 0.001219
vt 0.306260 0.000686
vt 0.305775 0.001764
vt 0.308285 0.002043
vt 0.307481 0.002909
vt 0.309791 0.004017
vt 0.308751 0.004586
vt 0.310625 0.006422
vt 0.309457 0.006643
vt 0.310693 0.009028
vt 0.309511 0.008884
vt 0.309972 0.011573
vt 0.308890 0.011081
vt 0.308517 0.013780
vt 0.307631 0.012985
vt 0.306504 0.015433
vt 0.305900 0.014410
vt 0.304143 0.016379
vt 0.303882 0.015224
vt 0.301668 0.016535
vt 0.301783 0.015361
vt 0.299317 0.015894
vt 0.299803 0.014816
vt 0.297293 0.014537
vt 0.298096 0.013672
vt 0.295787 0.012563
vt 0.296827 0.011994
vt 0.294952 0.010158
vt 0.296120 0.009937
vt 0.294884 0.007553
vt 0.296067 0.007696
vt 0.295605 0.005008
vt 0.296688 0.005499
vt 0.300151 0.003051
vt 0.298673 0.004283
vt 0.301875 0.002341
vt 0.303668 0.002208
vt 0.305366 0.002657
vt 0.306815 0.003651
vt 0.307888 0.005095
vt 0.308481 0.006863
vt 0.308517 0.008784
vt 0.307968 0.010658
vt 0.306905 0.012297
vt 0.305427 0.013529
vt 0.303702 0.014239
vt 0.301909 0.014372
vt 0.300212 0.013923
vt 0.298763 0.012930
vt 0.297689 0.011485
vt 0.297096 0.009717
vt 0.297061 0.007797
vt 0.297610 0.005922
vt 0.769334 0.447629
vt 0.763985 0.442626
vt 0.777095 0.424253
vt 0.781119 0.428018
vt 0.160157 0.032800
vt 0.161230 0.028317
vt 0.165063 0.029235
vt 0.163990 0.033717
vt 0.824035 0.000044
vt 0.831357 0.000241
vt 0.830964 0.014839
vt 0.823643 0.014643
vt 0.741072 0.421190
vt 0.734063 0.408378
vt 0.755195 0.399607
vt 0.759855 0.408125
vt 0.294582 0.003621
vt 0.292898 0.009001
vt 0.288444 0.011135
vt 0.289660 0.008020
vt 0.283693 0.031032
vt 0.274548 0.027448
vt 0.279467 0.023046
vt 0.283081 0.024496
vt 0.284781 0.009664
vt 0.283010 0.005073
vt 0.285434 0.000031
vt 0.286044 0.006567
vt 0.841241 0.098556
vt 0.837911 0.098019
vt 0.841476 0.083194
vt 0.842494 0.087690
vt 0.172171 0.000038
vt 0.175759 0.001669
vt 0.171232 0.011626
vt 0.167644 0.009995
vt 0.997054 0.034784
vt 0.995705 0.019597
vt 0.999078 0.019555
vt 0.998721 0.030487
vt 0.161443 0.044355
vt 0.157611 0.043437
vt 0.775191 0.422473
vt 0.761455 0.440259
vt 0.751554 0.430996
vt 0.767742 0.415503
vt 0.287858 0.012608
vt 0.291954 0.011493
vt 0.288172 0.021044
vt 0.285546 0.018403
vt 0.838287 0.079867
vt 0.836335 0.097765
vt 0.830170 0.096771
vt 0.833349 0.079071
vt 0.165808 0.026122
vt 0.162302 0.023835
vt 0.163772 0.019054
vt 0.167961 0.019201
vt 0.987308 0.036762
vt 0.987864 0.019693
vt 0.994109 0.019616
vt 0.994555 0.036785
vt 0.281871 0.016932
vt 0.278147 0.017039
vt 0.281985 0.007515
vt 0.284189 0.011137
vt 0.729000 0.380928
vt 0.751386 0.378955
vt 0.753236 0.388987
vt 0.731459 0.394262
vt 0.834428 0.014932
vt 0.834820 0.000334
vt 0.848373 0.000698
vt 0.847981 0.015297
vt 0.746184 0.425972
vt 0.763701 0.411724
vt 0.286010 0.026217
vt 0.284293 0.021533
vt 0.826826 0.096232
vt 0.828494 0.081386
vt 0.165772 0.014060
vt 0.169428 0.015592
vt 0.984244 0.034355
vt 0.984478 0.019735
vt 0.280625 0.020060
vt 0.276149 0.022308
vt 0.754240 0.394427
vt 0.732793 0.401493
vt 0.855724 0.000896
vt 0.855332 0.015494
vt 0.728371 0.377521
vt 0.750913 0.376391
vt 0.823643 0.095719
vt 0.825867 0.085010
vt 0.981254 0.019775
vt 0.981880 0.030695
vt 0.862723 0.001084
vt 0.862330 0.015682
vt 0.654460 0.123963
vt 0.632891 0.116330
vt 0.633600 0.110865
vt 0.655403 0.116700
vt 0.507630 0.002713
vt 0.506874 0.006581
vt 0.502350 0.005697
vt 0.503106 0.001829
vt 0.628691 0.125084
vt 0.648144 0.137130
vt 0.643069 0.142411
vt 0.624874 0.129057
vt 0.564348 0.005970
vt 0.577689 0.000030
vt 0.580668 0.006721
vt 0.567327 0.012661
vt 0.608425 0.171873
vt 0.599937 0.150626
vt 0.608517 0.146081
vt 0.621329 0.165037
vt 0.274744 0.004662
vt 0.268449 0.006656
vt 0.265158 0.006110
vt 0.269260 0.003371
vt 0.245610 0.000040
vt 0.250922 0.003894
vt 0.250337 0.007741
vt 0.244042 0.009737
vt 0.264544 0.010012
vt 0.267861 0.010507
vt 0.273172 0.014364
vt 0.267595 0.013878
vt 0.112239 0.009722
vt 0.115821 0.018587
vt 0.116101 0.023301
vt 0.109514 0.010098
vt 0.472836 0.000049
vt 0.483774 0.000062
vt 0.483770 0.004003
vt 0.472832 0.003990
vt 0.054852 0.094852
vt 0.054672 0.090051
vt 0.051254 0.080911
vt 0.048512 0.081324
vt 0.517609 0.008678
vt 0.518365 0.004810
vt 0.633936 0.108280
vt 0.635250 0.098164
vt 0.657595 0.099818
vt 0.655849 0.113264
vt 0.263593 0.005861
vt 0.257430 0.004885
vt 0.256501 0.001278
vt 0.266642 0.002910
vt 0.113605 0.027517
vt 0.108016 0.028976
vt 0.102773 0.011027
vt 0.108190 0.010280
vt 0.499209 0.005083
vt 0.492019 0.004171
vt 0.493623 0.000298
vt 0.498583 0.000945
vt 0.045231 0.099708
vt 0.053171 0.097790
vt 0.047181 0.081524
vt 0.041752 0.082341
vt 0.256812 0.008796
vt 0.262976 0.009767
vt 0.264966 0.013512
vt 0.254817 0.011942
vt 0.640668 0.144909
vt 0.631275 0.154686
vt 0.615999 0.138293
vt 0.623067 0.130937
vt 0.582077 0.009886
vt 0.587592 0.022272
vt 0.574251 0.028212
vt 0.568736 0.015826
vt 0.635962 0.092677
vt 0.658542 0.092526
vt 0.254100 0.004363
vt 0.250936 0.000497
vt 0.101899 0.026285
vt 0.099670 0.011455
vt 0.488127 0.004008
vt 0.488250 0.000045
vt 0.041073 0.097456
vt 0.038651 0.082808
vt 0.253486 0.008268
vt 0.249279 0.010973
vt 0.626180 0.159988
vt 0.612166 0.142283
vt 0.590583 0.028990
vt 0.577242 0.034930
vt 0.636641 0.087454
vt 0.659444 0.085584
vt 0.098717 0.022059
vt 0.096600 0.011878
vt 0.035589 0.083269
vt 0.037681 0.093679
vt 0.593430 0.035386
vt 0.580089 0.041325
vt 0.749913 0.370972
vt 0.727043 0.370318
vt 0.782584 0.453769
vt 0.789928 0.432100
vt 0.208453 0.490807
vt 0.209849 0.490612
vt 0.212677 0.499826
vt 0.211409 0.500444
vt 0.208619 0.480729
vt 0.210008 0.480975
vt 0.218213 0.507715
vt 0.217198 0.508695
vt 0.225917 0.513508
vt 0.225254 0.514753
vt 0.235033 0.516636
vt 0.234788 0.518025
vt 0.244670 0.516795
vt 0.244866 0.518191
vt 0.253884 0.513967
vt 0.254502 0.515235
vt 0.261774 0.508431
vt 0.262753 0.509445
vt 0.267566 0.500727
vt 0.268811 0.501390
vt 0.270695 0.491611
vt 0.272084 0.491856
vt 0.270853 0.481974
vt 0.272250 0.481778
vt 0.268026 0.472760
vt 0.269294 0.472142
vt 0.262489 0.464870
vt 0.263504 0.463891
vt 0.254786 0.459078
vt 0.255448 0.457833
vt 0.245669 0.455949
vt 0.245915 0.454560
vt 0.236032 0.455791
vt 0.235837 0.454394
vt 0.226818 0.458618
vt 0.226200 0.457351
vt 0.218929 0.464155
vt 0.217949 0.463140
vt 0.213136 0.471858
vt 0.211891 0.471196
vt 0.912351 0.061796
vt 0.910989 0.061430
vt 0.912003 0.051846
vt 0.913412 0.051773
vt 0.908242 0.071003
vt 0.907060 0.070232
vt 0.901486 0.078489
vt 0.900601 0.077391
vt 0.892747 0.083521
vt 0.892246 0.082203
vt 0.882884 0.085603
vt 0.882816 0.084194
vt 0.872863 0.084534
vt 0.873233 0.083174
vt 0.863663 0.080423
vt 0.864435 0.079242
vt 0.856182 0.073671
vt 0.857280 0.072786
vt 0.851152 0.064940
vt 0.852469 0.064436
vt 0.849064 0.055081
vt 0.850472 0.055009
vt 0.850125 0.045058
vt 0.851487 0.045425
vt 0.854234 0.035852
vt 0.855416 0.036622
vt 0.860990 0.028365
vt 0.861875 0.029463
vt 0.869729 0.023334
vt 0.870229 0.024652
vt 0.879591 0.021252
vt 0.879660 0.022660
vt 0.889613 0.022320
vt 0.889243 0.023681
vt 0.898813 0.026432
vt 0.898041 0.027612
vt 0.906293 0.033183
vt 0.905195 0.034068
vt 0.911324 0.041915
vt 0.910007 0.042418
vt 0.852987 0.197134
vt 0.866737 0.196313
vt 0.865515 0.210569
vt 0.856239 0.211065
vt 0.880082 0.199800
vt 0.874496 0.212972
vt 0.891697 0.207256
vt 0.882299 0.218042
vt 0.900432 0.217945
vt 0.888153 0.225283
vt 0.905429 0.230811
vt 0.891483 0.233984
vt 0.906201 0.244588
vt 0.891958 0.243291
vt 0.902675 0.257926
vt 0.889531 0.252291
vt 0.895202 0.269518
vt 0.884441 0.260100
vt 0.884512 0.278234
vt 0.877185 0.265953
vt 0.871651 0.283219
vt 0.868476 0.269276
vt 0.857877 0.283986
vt 0.859169 0.269743
vt 0.844539 0.280454
vt 0.850176 0.267310
vt 0.832946 0.272968
vt 0.842381 0.262217
vt 0.824241 0.262262
vt 0.836549 0.254967
vt 0.819284 0.249392
vt 0.833251 0.246275
vt 0.818559 0.235635
vt 0.832808 0.236995
vt 0.822119 0.222351
vt 0.835261 0.228040
vt 0.829584 0.210834
vt 0.840366 0.220279
vt 0.840193 0.202153
vt 0.847576 0.214410
vt 0.210798 0.490478
vt 0.213538 0.499405
vt 0.218902 0.507049
vt 0.226366 0.512662
vt 0.235199 0.515693
vt 0.244536 0.515846
vt 0.253464 0.513106
vt 0.261108 0.507742
vt 0.266720 0.500278
vt 0.269751 0.491445
vt 0.269905 0.482108
vt 0.267165 0.473180
vt 0.261801 0.465536
vt 0.254337 0.459924
vt 0.245504 0.456893
vt 0.236166 0.456739
vt 0.227239 0.459479
vt 0.219595 0.464843
vt 0.213982 0.472307
vt 0.210951 0.481140
vt 0.906257 0.069710
vt 0.910064 0.061182
vt 0.899999 0.076645
vt 0.891905 0.081307
vt 0.882768 0.083237
vt 0.873484 0.082249
vt 0.864958 0.078440
vt 0.858025 0.072184
vt 0.853363 0.064094
vt 0.851429 0.054959
vt 0.852412 0.045673
vt 0.856219 0.037145
vt 0.862476 0.030209
vt 0.870571 0.025547
vt 0.879707 0.023617
vt 0.888992 0.024605
vt 0.897518 0.028414
vt 0.904450 0.034670
vt 0.909112 0.042761
vt 0.911047 0.051896
vt 0.909718 0.061089
vt 0.909293 0.060975
vt 0.910250 0.051938
vt 0.910690 0.051915
vt 0.905957 0.069515
vt 0.905588 0.069275
vt 0.899775 0.076367
vt 0.899498 0.076025
vt 0.891777 0.080973
vt 0.891621 0.080562
vt 0.882751 0.082880
vt 0.882729 0.082440
vt 0.873577 0.081904
vt 0.873692 0.081479
vt 0.865153 0.078141
vt 0.865394 0.077772
vt 0.858303 0.071959
vt 0.858646 0.071683
vt 0.853697 0.063965
vt 0.854108 0.063808
vt 0.851786 0.054940
vt 0.852226 0.054917
vt 0.852758 0.045765
vt 0.853183 0.045879
vt 0.856519 0.037339
vt 0.856888 0.037580
vt 0.862701 0.030487
vt 0.862978 0.030830
vt 0.870698 0.025881
vt 0.870855 0.026293
vt 0.879725 0.023974
vt 0.879747 0.024414
vt 0.888899 0.024951
vt 0.888784 0.025376
vt 0.897322 0.028714
vt 0.897082 0.029083
vt 0.904172 0.034895
vt 0.903830 0.035172
vt 0.908778 0.042889
vt 0.908367 0.043047
vt 0.006440 0.470433
vt 0.013203 0.464341
vt 0.029053 0.488737
vt 0.021517 0.460637
vt 0.030570 0.459683
vt 0.039473 0.461574
vt 0.047357 0.466123
vt 0.053449 0.472886
vt 0.057153 0.481200
vt 0.058106 0.490253
vt 0.056216 0.499156
vt 0.051667 0.507040
vt 0.044904 0.513132
vt 0.036590 0.516836
vt 0.027538 0.517790
vt 0.018634 0.515900
vt 0.010750 0.511350
vt 0.004658 0.504587
vt 0.000954 0.496273
vt 0.000000 0.487221
vt 0.001890 0.478317
vt 0.211588 0.490366
vt 0.211152 0.490427
vt 0.211303 0.481202
vt 0.211737 0.481278
vt 0.214255 0.499055
vt 0.213859 0.499248
vt 0.219476 0.506495
vt 0.219159 0.506801
vt 0.226740 0.511957
vt 0.226533 0.512346
vt 0.235337 0.514907
vt 0.235261 0.515341
vt 0.244424 0.515056
vt 0.244486 0.515492
vt 0.253113 0.512390
vt 0.253307 0.512785
vt 0.260553 0.507169
vt 0.260859 0.507485
vt 0.266015 0.499904
vt 0.266404 0.500111
vt 0.268965 0.491307
vt 0.269399 0.491383
vt 0.269114 0.482220
vt 0.269551 0.482158
vt 0.266448 0.473531
vt 0.266844 0.473337
vt 0.261227 0.466091
vt 0.261544 0.465785
vt 0.253963 0.460629
vt 0.254169 0.460240
vt 0.245366 0.457679
vt 0.245442 0.457245
vt 0.236278 0.457529
vt 0.236217 0.457094
vt 0.227589 0.460196
vt 0.227396 0.459800
vt 0.220149 0.465417
vt 0.219843 0.465100
vt 0.214687 0.472681
vt 0.214298 0.472475
vt 0.240351 0.486293
vt 0.559264 0.483905
vt 0.560660 0.483709
vt 0.563488 0.492923
vt 0.562220 0.493541
vt 0.559430 0.473826
vt 0.560818 0.474072
vt 0.569024 0.500813
vt 0.568009 0.501792
vt 0.576728 0.506605
vt 0.576065 0.507850
vt 0.585844 0.509734
vt 0.585599 0.511122
vt 0.595481 0.509892
vt 0.595677 0.511288
vt 0.604695 0.507065
vt 0.605313 0.508332
vt 0.612585 0.501528
vt 0.613564 0.502543
vt 0.618377 0.493825
vt 0.619622 0.494487
vt 0.621506 0.484708
vt 0.622894 0.484954
vt 0.621664 0.475071
vt 0.623061 0.474875
vt 0.618837 0.465857
vt 0.620104 0.465239
vt 0.613300 0.457968
vt 0.614315 0.456988
vt 0.605597 0.452175
vt 0.606259 0.450930
vt 0.596480 0.449046
vt 0.596726 0.447658
vt 0.586843 0.448888
vt 0.586648 0.447492
vt 0.577629 0.451716
vt 0.577011 0.450448
vt 0.569740 0.457252
vt 0.568760 0.456237
vt 0.563947 0.464955
vt 0.562702 0.464293
vt 0.759824 0.467746
vt 0.758462 0.467379
vt 0.759477 0.457795
vt 0.760885 0.457723
vt 0.755715 0.476952
vt 0.754533 0.476182
vt 0.748959 0.484439
vt 0.748075 0.483341
vt 0.740220 0.489471
vt 0.739720 0.488152
vt 0.730358 0.491553
vt 0.730289 0.490144
vt 0.720336 0.490484
vt 0.720706 0.489123
vt 0.711136 0.486372
vt 0.711908 0.485192
vt 0.703656 0.479621
vt 0.704754 0.478736
vt 0.698625 0.470890
vt 0.699943 0.470386
vt 0.696537 0.461031
vt 0.697946 0.460958
vt 0.697599 0.451008
vt 0.698960 0.451374
vt 0.701708 0.441801
vt 0.702889 0.442572
vt 0.708463 0.434315
vt 0.709348 0.435413
vt 0.717202 0.429283
vt 0.717703 0.430602
vt 0.727065 0.427201
vt 0.727133 0.428610
vt 0.737086 0.428270
vt 0.736716 0.429631
vt 0.746286 0.432381
vt 0.745515 0.433562
vt 0.753767 0.439133
vt 0.752669 0.440018
vt 0.758797 0.447864
vt 0.757480 0.448368
vt 0.908913 0.123963
vt 0.922663 0.123142
vt 0.921442 0.137398
vt 0.912165 0.137894
vt 0.936008 0.126629
vt 0.930423 0.139801
vt 0.947623 0.134085
vt 0.938225 0.144871
vt 0.956359 0.144774
vt 0.944080 0.152112
vt 0.961355 0.157640
vt 0.947409 0.160813
vt 0.962127 0.171417
vt 0.947884 0.170120
vt 0.958602 0.184755
vt 0.945458 0.179120
vt 0.951128 0.196347
vt 0.940367 0.186929
vt 0.940438 0.205063
vt 0.933111 0.192782
vt 0.927578 0.210048
vt 0.924403 0.196105
vt 0.913803 0.210815
vt 0.915095 0.196572
vt 0.900465 0.207283
vt 0.906102 0.194139
vt 0.888872 0.199797
vt 0.898308 0.189046
vt 0.880167 0.189091
vt 0.892475 0.181796
vt 0.875210 0.176221
vt 0.889177 0.173104
vt 0.874485 0.162464
vt 0.888735 0.163824
vt 0.878045 0.149180
vt 0.891187 0.154869
vt 0.885511 0.137663
vt 0.896293 0.147108
vt 0.896119 0.128982
vt 0.903502 0.141239
vt 0.561609 0.483575
vt 0.564348 0.492503
vt 0.569713 0.500147
vt 0.577177 0.505759
vt 0.586010 0.508790
vt 0.595347 0.508943
vt 0.604275 0.506204
vt 0.611919 0.500839
vt 0.617531 0.493375
vt 0.620562 0.484542
vt 0.620715 0.475205
vt 0.617976 0.466277
vt 0.612611 0.458633
vt 0.605147 0.453021
vt 0.596314 0.449990
vt 0.586977 0.449837
vt 0.578050 0.452576
vt 0.570405 0.457941
vt 0.564793 0.465405
vt 0.561762 0.474238
vt 0.753731 0.475660
vt 0.757537 0.467131
vt 0.747473 0.482595
vt 0.739379 0.487257
vt 0.730242 0.489187
vt 0.720957 0.488199
vt 0.712431 0.484390
vt 0.705499 0.478134
vt 0.700837 0.470043
vt 0.698902 0.460908
vt 0.699886 0.451623
vt 0.703692 0.443094
vt 0.709950 0.436159
vt 0.718044 0.431497
vt 0.727181 0.429567
vt 0.736466 0.430555
vt 0.744991 0.434364
vt 0.751924 0.440620
vt 0.756586 0.448711
vt 0.758520 0.457845
vt 0.757191 0.467039
vt 0.756766 0.466925
vt 0.757723 0.457888
vt 0.758163 0.457864
vt 0.753431 0.475465
vt 0.753061 0.475225
vt 0.747248 0.482317
vt 0.746971 0.481974
vt 0.739251 0.486923
vt 0.739094 0.486511
vt 0.730224 0.488830
vt 0.730202 0.488390
vt 0.721050 0.487853
vt 0.721165 0.487429
vt 0.712627 0.484090
vt 0.712867 0.483722
vt 0.705777 0.477909
vt 0.706119 0.477632
vt 0.701171 0.469915
vt 0.701582 0.469757
vt 0.699260 0.460889
vt 0.699699 0.460866
vt 0.700231 0.451715
vt 0.700657 0.451829
vt 0.703992 0.443289
vt 0.704361 0.443529
vt 0.710175 0.436437
vt 0.710451 0.436780
vt 0.718172 0.431831
vt 0.718328 0.432243
vt 0.727199 0.429924
vt 0.727220 0.430364
vt 0.736372 0.430900
vt 0.736257 0.431325
vt 0.744796 0.434664
vt 0.744555 0.435032
vt 0.751646 0.440845
vt 0.751303 0.441121
vt 0.756252 0.448839
vt 0.755841 0.448996
vt 0.606377 0.010793
vt 0.613140 0.004701
vt 0.628990 0.029096
vt 0.621454 0.000997
vt 0.630506 0.000043
vt 0.639410 0.001933
vt 0.647294 0.006483
vt 0.653386 0.013246
vt 0.657090 0.021560
vt 0.658044 0.030612
vt 0.656153 0.039516
vt 0.651604 0.047400
vt 0.644841 0.053492
vt 0.636527 0.057196
vt 0.627475 0.058150
vt 0.618571 0.056259
vt 0.610687 0.051710
vt 0.604595 0.044947
vt 0.600891 0.036633
vt 0.599937 0.027580
vt 0.601828 0.018677
vt 0.562399 0.483463
vt 0.561963 0.483525
vt 0.562114 0.474299
vt 0.562548 0.474376
vt 0.565065 0.492152
vt 0.564670 0.492345
vt 0.570286 0.499592
vt 0.569970 0.499898
vt 0.577551 0.505054
vt 0.577344 0.505443
vt 0.586148 0.508004
vt 0.586071 0.508438
vt 0.595235 0.508153
vt 0.595297 0.508589
vt 0.603924 0.505487
vt 0.604118 0.505882
vt 0.611364 0.500266
vt 0.611670 0.500582
vt 0.616826 0.493001
vt 0.617215 0.493208
vt 0.619776 0.484405
vt 0.620210 0.484481
vt 0.619925 0.475317
vt 0.620361 0.475255
vt 0.617259 0.466628
vt 0.617655 0.466435
vt 0.612038 0.459188
vt 0.612354 0.458882
vt 0.604773 0.453726
vt 0.604980 0.453337
vt 0.596177 0.450776
vt 0.596253 0.450342
vt 0.587089 0.450627
vt 0.587027 0.450191
vt 0.578400 0.453293
vt 0.578207 0.452898
vt 0.570960 0.458514
vt 0.570654 0.458198
vt 0.565498 0.465779
vt 0.565109 0.465572
vt 0.591162 0.479390
vt 0.630443 0.482717
vt 0.631839 0.482521
vt 0.634667 0.491736
vt 0.633399 0.492353
vt 0.630609 0.472639
vt 0.631998 0.472884
vt 0.640203 0.499625
vt 0.639188 0.500604
vt 0.647907 0.505418
vt 0.647244 0.506663
vt 0.657023 0.508546
vt 0.656778 0.509935
vt 0.666660 0.508704
vt 0.666856 0.510101
vt 0.675874 0.505877
vt 0.676492 0.507145
vt 0.683764 0.500341
vt 0.684743 0.501355
vt 0.689556 0.492637
vt 0.690801 0.493300
vt 0.692685 0.483521
vt 0.694073 0.483766
vt 0.692843 0.473884
vt 0.694240 0.473688
vt 0.690016 0.464670
vt 0.691283 0.464052
vt 0.684479 0.456780
vt 0.685494 0.455801
vt 0.676776 0.450988
vt 0.677438 0.449743
vt 0.667659 0.447859
vt 0.667905 0.446470
vt 0.658022 0.447701
vt 0.657827 0.446304
vt 0.648808 0.450528
vt 0.648190 0.449260
vt 0.640919 0.456065
vt 0.639939 0.455050
vt 0.635126 0.463768
vt 0.633881 0.463106
vt 0.876761 0.469056
vt 0.875399 0.468690
vt 0.876414 0.459106
vt 0.877822 0.459033
vt 0.872652 0.478263
vt 0.871470 0.477492
vt 0.865896 0.485749
vt 0.865011 0.484651
vt 0.857157 0.490781
vt 0.856656 0.489463
vt 0.847295 0.492863
vt 0.847226 0.491454
vt 0.837273 0.491794
vt 0.837643 0.490434
vt 0.828073 0.487683
vt 0.828845 0.486502
vt 0.820593 0.480931
vt 0.821691 0.480046
vt 0.815562 0.472200
vt 0.816879 0.471696
vt 0.813474 0.462341
vt 0.814883 0.462269
vt 0.814536 0.452318
vt 0.815897 0.452685
vt 0.818645 0.443112
vt 0.819826 0.443882
vt 0.825400 0.435625
vt 0.826285 0.436723
vt 0.834139 0.430594
vt 0.834640 0.431912
vt 0.844002 0.428512
vt 0.844070 0.429920
vt 0.854023 0.429580
vt 0.853653 0.430941
vt 0.863223 0.433692
vt 0.862452 0.434872
vt 0.870704 0.440443
vt 0.869606 0.441328
vt 0.875734 0.449175
vt 0.874417 0.449678
vt 0.786892 0.259558
vt 0.800642 0.258738
vt 0.799421 0.272993
vt 0.790144 0.273490
vt 0.813987 0.262224
vt 0.808402 0.275396
vt 0.825602 0.269680
vt 0.816204 0.280466
vt 0.834337 0.280369
vt 0.822059 0.287707
vt 0.839334 0.293236
vt 0.825388 0.296408
vt 0.840106 0.307013
vt 0.825863 0.305715
vt 0.836580 0.320350
vt 0.823436 0.314715
vt 0.829107 0.331943
vt 0.818346 0.322524
vt 0.818417 0.340658
vt 0.811090 0.328377
vt 0.805557 0.345644
vt 0.802381 0.331700
vt 0.791782 0.346410
vt 0.793074 0.332167
vt 0.778444 0.342879
vt 0.784081 0.329734
vt 0.766851 0.335393
vt 0.776286 0.324641
vt 0.758146 0.324686
vt 0.770454 0.317392
vt 0.753189 0.311817
vt 0.767156 0.308699
vt 0.752464 0.298059
vt 0.766714 0.299419
vt 0.756024 0.284776
vt 0.769166 0.290464
vt 0.763490 0.273259
vt 0.774272 0.282703
vt 0.774098 0.264578
vt 0.781481 0.276834
vt 0.632788 0.482387
vt 0.635527 0.491315
vt 0.640892 0.498959
vt 0.648356 0.504572
vt 0.657189 0.507603
vt 0.666526 0.507756
vt 0.675454 0.505016
vt 0.683098 0.499652
vt 0.688710 0.492188
vt 0.691741 0.483355
vt 0.691894 0.474018
vt 0.689155 0.465090
vt 0.683791 0.457446
vt 0.676326 0.451834
vt 0.667494 0.448802
vt 0.658156 0.448649
vt 0.649229 0.451389
vt 0.641584 0.456753
vt 0.635972 0.464217
vt 0.632941 0.473050
vt 0.870668 0.476970
vt 0.874474 0.468442
vt 0.864410 0.483906
vt 0.856315 0.488567
vt 0.847179 0.490497
vt 0.837894 0.489509
vt 0.829368 0.485700
vt 0.822436 0.479444
vt 0.817774 0.471354
vt 0.815839 0.462219
vt 0.816823 0.452933
vt 0.820629 0.444405
vt 0.826887 0.437469
vt 0.834981 0.432807
vt 0.844118 0.430877
vt 0.853403 0.431865
vt 0.861928 0.435674
vt 0.868861 0.441930
vt 0.873523 0.450021
vt 0.875457 0.459156
vt 0.874128 0.468349
vt 0.873703 0.468235
vt 0.874660 0.459198
vt 0.875100 0.459175
vt 0.870367 0.476775
vt 0.869998 0.476535
vt 0.864185 0.483627
vt 0.863908 0.483285
vt 0.856188 0.488233
vt 0.856031 0.487822
vt 0.847161 0.490140
vt 0.847139 0.489700
vt 0.837987 0.489164
vt 0.838102 0.488739
vt 0.829564 0.485401
vt 0.829804 0.485032
vt 0.822714 0.479219
vt 0.823056 0.478943
vt 0.818108 0.471225
vt 0.818519 0.471068
vt 0.816197 0.462200
vt 0.816636 0.462177
vt 0.817168 0.453025
vt 0.817593 0.453139
vt 0.820929 0.444599
vt 0.821298 0.444840
vt 0.827111 0.437747
vt 0.827388 0.438090
vt 0.835109 0.433141
vt 0.835265 0.433553
vt 0.844135 0.431234
vt 0.844157 0.431674
vt 0.853309 0.432211
vt 0.853194 0.432636
vt 0.861733 0.435974
vt 0.861492 0.436343
vt 0.868583 0.442155
vt 0.868240 0.442432
vt 0.873189 0.450149
vt 0.872778 0.450307
vt 0.250482 0.154530
vt 0.257245 0.148437
vt 0.273095 0.172833
vt 0.265559 0.144733
vt 0.274611 0.143780
vt 0.283515 0.145670
vt 0.291399 0.150220
vt 0.297491 0.156982
vt 0.301195 0.165297
vt 0.302149 0.174349
vt 0.300258 0.183253
vt 0.295709 0.191137
vt 0.288946 0.197229
vt 0.280632 0.200933
vt 0.271580 0.201886
vt 0.262676 0.199996
vt 0.254792 0.195447
vt 0.248700 0.188684
vt 0.244996 0.180369
vt 0.244042 0.171317
vt 0.245933 0.162413
vt 0.633578 0.482276
vt 0.633142 0.482337
vt 0.633293 0.473112
vt 0.633727 0.473188
vt 0.636244 0.490965
vt 0.635849 0.491158
vt 0.641465 0.498404
vt 0.641149 0.498710
vt 0.648730 0.503867
vt 0.648523 0.504256
vt 0.657327 0.506817
vt 0.657250 0.507250
vt 0.666414 0.506966
vt 0.666476 0.507402
vt 0.675103 0.504299
vt 0.675296 0.504695
vt 0.682543 0.499078
vt 0.682849 0.499395
vt 0.688005 0.491814
vt 0.688394 0.492020
vt 0.690955 0.483217
vt 0.691389 0.483293
vt 0.691104 0.474129
vt 0.691540 0.474068
vt 0.688438 0.465440
vt 0.688834 0.465247
vt 0.683217 0.458001
vt 0.683533 0.457695
vt 0.675952 0.452538
vt 0.676159 0.452150
vt 0.667356 0.449588
vt 0.667432 0.449155
vt 0.658268 0.449439
vt 0.658206 0.449003
vt 0.649579 0.452106
vt 0.649386 0.451710
vt 0.642139 0.457327
vt 0.641833 0.457010
vt 0.636677 0.464591
vt 0.636288 0.464385
vt 0.662341 0.478203
vt 0.879569 0.482551
vt 0.880966 0.482355
vt 0.883793 0.491569
vt 0.882525 0.492187
vt 0.879735 0.472473
vt 0.881124 0.472718
vt 0.889330 0.499459
vt 0.888315 0.500438
vt 0.897033 0.505251
vt 0.896371 0.506496
vt 0.906150 0.508380
vt 0.905904 0.509768
vt 0.915786 0.508538
vt 0.915982 0.509935
vt 0.925001 0.505711
vt 0.925619 0.506978
vt 0.932890 0.500174
vt 0.933869 0.501189
vt 0.938683 0.492471
vt 0.939928 0.493133
vt 0.941811 0.483354
vt 0.943200 0.483600
vt 0.941970 0.473717
vt 0.943366 0.473522
vt 0.939142 0.464503
vt 0.940410 0.463885
vt 0.933606 0.456614
vt 0.934620 0.455634
vt 0.925902 0.450821
vt 0.926565 0.449576
vt 0.916786 0.447693
vt 0.917031 0.446304
vt 0.907149 0.447534
vt 0.906953 0.446138
vt 0.897935 0.450362
vt 0.897317 0.449094
vt 0.890045 0.455898
vt 0.889066 0.454883
vt 0.884253 0.463602
vt 0.883008 0.462939
vt 0.531034 0.478783
vt 0.529673 0.478417
vt 0.530687 0.468833
vt 0.532096 0.468760
vt 0.526925 0.487989
vt 0.525744 0.487219
vt 0.520169 0.495476
vt 0.519285 0.494378
vt 0.511431 0.500508
vt 0.510930 0.499189
vt 0.501568 0.502590
vt 0.501500 0.501181
vt 0.491547 0.501521
vt 0.491917 0.500160
vt 0.482347 0.497410
vt 0.483118 0.496229
vt 0.474866 0.490658
vt 0.475964 0.489773
vt 0.469836 0.481927
vt 0.471153 0.481423
vt 0.467748 0.472068
vt 0.469156 0.471996
vt 0.468809 0.462045
vt 0.470171 0.462411
vt 0.472918 0.452839
vt 0.474099 0.453609
vt 0.479674 0.445352
vt 0.480558 0.446450
vt 0.488412 0.440320
vt 0.488913 0.441639
vt 0.498275 0.438238
vt 0.498344 0.439647
vt 0.508296 0.439307
vt 0.507927 0.440668
vt 0.517497 0.443418
vt 0.516725 0.444599
vt 0.524977 0.450170
vt 0.523879 0.451055
vt 0.530008 0.458901
vt 0.528690 0.459405
vt 0.700460 0.224695
vt 0.714210 0.223874
vt 0.712989 0.238130
vt 0.703712 0.238626
vt 0.727556 0.227361
vt 0.721970 0.240533
vt 0.739171 0.234817
vt 0.729772 0.245603
vt 0.747906 0.245506
vt 0.735627 0.252844
vt 0.752903 0.258372
vt 0.738956 0.261545
vt 0.753674 0.272149
vt 0.739431 0.270852
vt 0.750149 0.285487
vt 0.737005 0.279852
vt 0.742675 0.297079
vt 0.731914 0.287661
vt 0.731985 0.305795
vt 0.724659 0.293514
vt 0.719125 0.310780
vt 0.715950 0.296837
vt 0.705351 0.311547
vt 0.706642 0.297304
vt 0.692012 0.308015
vt 0.697650 0.294871
vt 0.680419 0.300529
vt 0.689855 0.289778
vt 0.671715 0.289823
vt 0.684023 0.282528
vt 0.666757 0.276953
vt 0.680725 0.273836
vt 0.666032 0.263196
vt 0.680282 0.264556
vt 0.669593 0.249913
vt 0.682734 0.255601
vt 0.677058 0.238395
vt 0.687840 0.247840
vt 0.687666 0.229714
vt 0.695049 0.241971
vt 0.881914 0.482221
vt 0.884654 0.491149
vt 0.890018 0.498793
vt 0.897482 0.504405
vt 0.906315 0.507436
vt 0.915653 0.507589
vt 0.924580 0.504850
vt 0.932224 0.499485
vt 0.937837 0.492022
vt 0.940868 0.483189
vt 0.941021 0.473851
vt 0.938281 0.464924
vt 0.932917 0.457279
vt 0.925453 0.451667
vt 0.916620 0.448636
vt 0.907283 0.448483
vt 0.898355 0.451223
vt 0.890711 0.456587
vt 0.885099 0.464051
vt 0.882068 0.472884
vt 0.524941 0.486697
vt 0.528747 0.478168
vt 0.518683 0.493632
vt 0.510589 0.498294
vt 0.501452 0.500224
vt 0.492167 0.499236
vt 0.483642 0.495427
vt 0.476709 0.489171
vt 0.472047 0.481080
vt 0.470113 0.471945
vt 0.471096 0.462660
vt 0.474902 0.454131
vt 0.481160 0.447196
vt 0.489254 0.442534
vt 0.498391 0.440604
vt 0.507676 0.441592
vt 0.516201 0.445401
vt 0.523134 0.451657
vt 0.527796 0.459748
vt 0.529731 0.468883
vt 0.528402 0.478076
vt 0.527977 0.477962
vt 0.528934 0.468925
vt 0.529373 0.468902
vt 0.524641 0.486502
vt 0.524272 0.486262
vt 0.518458 0.493354
vt 0.518182 0.493011
vt 0.510461 0.497960
vt 0.510304 0.497548
vt 0.501434 0.499867
vt 0.501413 0.499427
vt 0.492261 0.498891
vt 0.492376 0.498466
vt 0.483837 0.495127
vt 0.484078 0.494759
vt 0.476987 0.488946
vt 0.477330 0.488670
vt 0.472381 0.480952
vt 0.472792 0.480795
vt 0.470470 0.471926
vt 0.470910 0.471903
vt 0.471442 0.462752
vt 0.471867 0.462866
vt 0.475202 0.454326
vt 0.475572 0.454566
vt 0.481385 0.447474
vt 0.481661 0.447817
vt 0.489382 0.442868
vt 0.489539 0.443280
vt 0.498409 0.440961
vt 0.498431 0.441401
vt 0.507583 0.441937
vt 0.507467 0.442362
vt 0.516006 0.445701
vt 0.515766 0.446069
vt 0.522856 0.451882
vt 0.522514 0.452158
vt 0.527462 0.459876
vt 0.527051 0.460034
vt 0.474187 0.144345
vt 0.480950 0.138253
vt 0.496801 0.162648
vt 0.489265 0.134549
vt 0.498317 0.133595
vt 0.507221 0.135485
vt 0.515104 0.140035
vt 0.521197 0.146798
vt 0.524901 0.155112
vt 0.525854 0.164164
vt 0.523964 0.173068
vt 0.519414 0.180952
vt 0.512652 0.187044
vt 0.504337 0.190748
vt 0.495285 0.191702
vt 0.486381 0.189811
vt 0.478498 0.185262
vt 0.472405 0.178499
vt 0.468701 0.170185
vt 0.467748 0.161132
vt 0.469638 0.152229
vt 0.882704 0.482109
vt 0.882268 0.482171
vt 0.882420 0.472945
vt 0.882854 0.473022
vt 0.885371 0.490798
vt 0.884975 0.490992
vt 0.890592 0.498238
vt 0.890275 0.498544
vt 0.897856 0.503700
vt 0.897650 0.504089
vt 0.906453 0.506650
vt 0.906377 0.507084
vt 0.915541 0.506799
vt 0.915602 0.507235
vt 0.924230 0.504133
vt 0.924423 0.504529
vt 0.931669 0.498912
vt 0.931976 0.499229
vt 0.937132 0.491647
vt 0.937521 0.491854
vt 0.940082 0.483051
vt 0.940515 0.483127
vt 0.940231 0.473963
vt 0.940667 0.473901
vt 0.937564 0.465274
vt 0.937960 0.465081
vt 0.932343 0.457834
vt 0.932660 0.457528
vt 0.925079 0.452372
vt 0.925286 0.451983
vt 0.916482 0.449422
vt 0.916558 0.448988
vt 0.907394 0.449273
vt 0.907333 0.448837
vt 0.898706 0.451939
vt 0.898512 0.451544
vt 0.891266 0.457160
vt 0.890960 0.456844
vt 0.885804 0.464425
vt 0.885415 0.464218
vt 0.911468 0.478036
vt 0.535965 0.385169
vt 0.538396 0.390401
vt 0.530278 0.395393
vt 0.526163 0.391197
vt 0.547236 0.382422
vt 0.547640 0.388237
vt 0.524076 0.402719
vt 0.518749 0.399925
vt 0.520391 0.411662
vt 0.514397 0.410464
vt 0.519566 0.421353
vt 0.513506 0.421779
vt 0.521734 0.430830
vt 0.515966 0.432855
vt 0.526626 0.439176
vt 0.521740 0.442684
vt 0.533785 0.445571
vt 0.530291 0.450297
vt 0.542515 0.449389
vt 0.540831 0.454906
vt 0.551969 0.450246
vt 0.552372 0.456061
vt 0.561213 0.448083
vt 0.563643 0.453315
vt 0.569330 0.443090
vt 0.573446 0.447286
vt 0.575533 0.435764
vt 0.580860 0.438558
vt 0.579217 0.426821
vt 0.585211 0.428019
vt 0.580042 0.417131
vt 0.586103 0.416705
vt 0.577875 0.407653
vt 0.583643 0.405628
vt 0.572983 0.399307
vt 0.577869 0.395800
vt 0.565824 0.392912
vt 0.569318 0.388187
vt 0.557094 0.389094
vt 0.558778 0.383577
vt 0.634973 0.381630
vt 0.633223 0.387696
vt 0.623857 0.386941
vt 0.623341 0.380570
vt 0.645641 0.386169
vt 0.641915 0.391393
vt 0.654343 0.393761
vt 0.649077 0.397661
vt 0.660254 0.403635
vt 0.654001 0.405885
vt 0.662776 0.414818
vt 0.656200 0.415253
vt 0.661886 0.426275
vt 0.655362 0.424802
vt 0.657165 0.436561
vt 0.650961 0.433186
vt 0.649902 0.445158
vt 0.645096 0.440197
vt 0.640319 0.451192
vt 0.637392 0.444998
vt 0.629224 0.454599
vt 0.628517 0.448322
vt 0.617516 0.453660
vt 0.619236 0.447596
vt 0.606835 0.449108
vt 0.610569 0.443890
vt 0.598155 0.441492
vt 0.603431 0.437611
vt 0.592288 0.431617
vt 0.598539 0.429366
vt 0.589769 0.420505
vt 0.596345 0.420010
vt 0.590569 0.409152
vt 0.597088 0.410433
vt 0.594833 0.398524
vt 0.600640 0.401553
vt 0.602204 0.389644
vt 0.606715 0.394202
vt 0.612014 0.383456
vt 0.614709 0.389164
vt 0.074331 0.467575
vt 0.081940 0.461755
vt 0.096289 0.489406
vt 0.068871 0.475533
vt 0.066095 0.484849
vt 0.066274 0.494610
vt 0.069391 0.503863
vt 0.075142 0.511700
vt 0.082962 0.517355
vt 0.092087 0.520274
vt 0.101623 0.520171
vt 0.110637 0.517058
vt 0.118247 0.511237
vt 0.123707 0.503279
vt 0.126483 0.493963
vt 0.126304 0.484202
vt 0.123186 0.474949
vt 0.117435 0.467112
vt 0.109615 0.461457
vt 0.100491 0.458538
vt 0.090954 0.458641
vt 0.176162 0.457595
vt 0.184694 0.461798
vt 0.167513 0.487293
vt 0.191545 0.468495
vt 0.196044 0.477032
vt 0.197751 0.486573
vt 0.196499 0.496185
vt 0.191241 0.504116
vt 0.185017 0.510802
vt 0.177078 0.515188
vt 0.168223 0.518288
vt 0.158846 0.516986
vt 0.150316 0.512778
vt 0.143470 0.506076
vt 0.138976 0.497537
vt 0.137274 0.487995
vt 0.138531 0.478384
vt 0.142624 0.469645
vt 0.149152 0.462633
vt 0.157477 0.458034
vt 0.166784 0.456298
vt 0.288691 0.391683
vt 0.298251 0.397606
vt 0.297156 0.398885
vt 0.288050 0.393240
vt 0.054817 0.394465
vt 0.066076 0.394285
vt 0.065839 0.395952
vt 0.055106 0.396124
vt 0.305523 0.406211
vt 0.304083 0.407085
vt 0.044166 0.398120
vt 0.044955 0.399607
vt 0.309781 0.416641
vt 0.308140 0.417022
vt 0.035170 0.404888
vt 0.036381 0.406058
vt 0.310592 0.427851
vt 0.308915 0.427702
vt 0.028711 0.414102
vt 0.030226 0.414838
vt 0.307897 0.438759
vt 0.306347 0.438100
vt 0.025421 0.424853
vt 0.027090 0.425081
vt 0.301966 0.448303
vt 0.300692 0.447200
vt 0.025620 0.436082
vt 0.027277 0.435778
vt 0.293380 0.455553
vt 0.292504 0.454114
vt 0.029290 0.446692
vt 0.030769 0.445888
vt 0.282978 0.459804
vt 0.282584 0.458167
vt 0.036039 0.455611
vt 0.037210 0.454401
vt 0.271773 0.460639
vt 0.271901 0.458960
vt 0.045160 0.462090
vt 0.045916 0.460585
vt 0.260858 0.457970
vt 0.261500 0.456413
vt 0.055877 0.465438
vt 0.056125 0.463772
vt 0.251299 0.452048
vt 0.252394 0.450768
vt 0.067106 0.465298
vt 0.066823 0.463638
vt 0.244027 0.443442
vt 0.245467 0.442568
vt 0.077751 0.461686
vt 0.076966 0.460196
vt 0.239769 0.433012
vt 0.241410 0.432631
vt 0.086766 0.454953
vt 0.085556 0.453781
vt 0.238958 0.421803
vt 0.240636 0.421952
vt 0.093259 0.445758
vt 0.091746 0.445018
vt 0.241653 0.410895
vt 0.243202 0.411554
vt 0.096591 0.435003
vt 0.094924 0.434768
vt 0.247585 0.401351
vt 0.248857 0.402453
vt 0.096433 0.423743
vt 0.094775 0.424036
vt 0.256170 0.394101
vt 0.257046 0.395539
vt 0.092800 0.413086
vt 0.091313 0.413876
vt 0.266572 0.389850
vt 0.266966 0.391487
vt 0.086047 0.404076
vt 0.084877 0.405286
vt 0.277777 0.389015
vt 0.277649 0.390694
vt 0.076838 0.397597
vt 0.076098 0.399109
vt 0.243234 0.149758
vt 0.244791 0.151146
vt 0.238755 0.160639
vt 0.236846 0.159799
vt 0.252411 0.142181
vt 0.253466 0.143981
vt 0.263479 0.137807
vt 0.263929 0.139844
vt 0.513944 0.134748
vt 0.515019 0.132959
vt 0.524156 0.140599
vt 0.522581 0.141966
vt 0.503497 0.130551
vt 0.503964 0.128519
vt 0.492262 0.129791
vt 0.492078 0.127713
vt 0.235949 0.171532
vt 0.233874 0.171326
vt 0.530481 0.150685
vt 0.528559 0.151497
vt 0.236652 0.182767
vt 0.234614 0.183215
vt 0.533375 0.162227
vt 0.531296 0.162402
vt 0.240791 0.193236
vt 0.238994 0.194295
vt 0.532554 0.174092
vt 0.530524 0.173613
vt 0.247960 0.201908
vt 0.246580 0.203473
vt 0.528112 0.185100
vt 0.526323 0.184027
vt 0.257458 0.207937
vt 0.256630 0.209852
vt 0.520528 0.194234
vt 0.519149 0.192668
vt 0.268355 0.210736
vt 0.268157 0.212812
vt 0.510472 0.200585
vt 0.509648 0.198668
vt 0.279584 0.210031
vt 0.280035 0.212068
vt 0.498939 0.203512
vt 0.498750 0.201435
vt 0.290048 0.205894
vt 0.291103 0.207694
vt 0.487060 0.202729
vt 0.487525 0.200696
vt 0.298723 0.198729
vt 0.300280 0.200117
vt 0.476001 0.198309
vt 0.477073 0.196520
vt 0.304759 0.189236
vt 0.306668 0.190076
vt 0.466848 0.190686
vt 0.468421 0.189317
vt 0.307564 0.178343
vt 0.309640 0.178549
vt 0.460500 0.180604
vt 0.462420 0.179789
vt 0.306862 0.167108
vt 0.308899 0.166660
vt 0.457579 0.169054
vt 0.459657 0.168872
vt 0.302723 0.156639
vt 0.304520 0.155580
vt 0.458374 0.157167
vt 0.460406 0.157636
vt 0.295554 0.147967
vt 0.296934 0.146402
vt 0.462804 0.146108
vt 0.464593 0.147181
vt 0.286056 0.141937
vt 0.286884 0.140023
vt 0.470437 0.136961
vt 0.471807 0.138534
vt 0.275159 0.139139
vt 0.275357 0.137063
vt 0.480525 0.130622
vt 0.481342 0.132541
vt 0.998359 0.066362
vt 0.996784 0.077741
vt 0.984182 0.075996
vt 0.985757 0.064617
vt 0.995209 0.089119
vt 0.982607 0.087375
vt 0.993634 0.100498
vt 0.981032 0.098754
vt 0.992059 0.111877
vt 0.979457 0.110133
vt 0.990484 0.123256
vt 0.977882 0.121512
vt 0.988909 0.134635
vt 0.976307 0.132891
vt 0.987334 0.146014
vt 0.974732 0.144270
vt 0.985759 0.157393
vt 0.973157 0.155648
vt 0.984184 0.168772
vt 0.971582 0.167027
vt 0.982609 0.180151
vt 0.970007 0.178406
vt 0.981034 0.191529
vt 0.968432 0.189785
vt 0.979459 0.202908
vt 0.966857 0.201164
vt 0.977884 0.214287
vt 0.965282 0.212543
vt 0.976309 0.225666
vt 0.963707 0.223922
vt 0.974734 0.237045
vt 0.962132 0.235301
vt 0.973159 0.248424
vt 0.960557 0.246680
vt 0.971584 0.259803
vt 0.958982 0.258058
vt 0.970009 0.271181
vt 0.957407 0.269437
vt 0.968435 0.282560
vt 0.955832 0.280816
vt 0.999934 0.054983
vt 0.987332 0.053239
vt 0.116633 0.397768
vt 0.107958 0.404068
vt 0.106714 0.402824
vt 0.115834 0.396200
vt 0.227729 0.402481
vt 0.219085 0.396140
vt 0.219891 0.394575
vt 0.228979 0.401242
vt 0.101655 0.412741
vt 0.100087 0.411941
vt 0.233991 0.411184
vt 0.235562 0.410392
vt 0.098341 0.422936
vt 0.096602 0.422661
vt 0.237257 0.421395
vt 0.238996 0.421128
vt 0.098339 0.433657
vt 0.096600 0.433932
vt 0.237207 0.432116
vt 0.238944 0.432399
vt 0.101650 0.443854
vt 0.100081 0.444653
vt 0.233847 0.442297
vt 0.235412 0.443103
vt 0.107950 0.452528
vt 0.106705 0.453773
vt 0.227506 0.450941
vt 0.228745 0.452191
vt 0.116622 0.458831
vt 0.115823 0.460400
vt 0.218803 0.457202
vt 0.219595 0.458775
vt 0.126818 0.462146
vt 0.126542 0.463885
vt 0.208592 0.460468
vt 0.208859 0.462208
vt 0.137538 0.462148
vt 0.137814 0.463887
vt 0.197871 0.460419
vt 0.197587 0.462156
vt 0.147735 0.458837
vt 0.148534 0.460405
vt 0.187690 0.457059
vt 0.186884 0.458624
vt 0.156410 0.452537
vt 0.157654 0.453782
vt 0.179046 0.450717
vt 0.177796 0.451957
vt 0.162713 0.443865
vt 0.164281 0.444664
vt 0.172784 0.442015
vt 0.171213 0.442807
vt 0.166028 0.433669
vt 0.167766 0.433945
vt 0.169518 0.431804
vt 0.167779 0.432071
vt 0.166030 0.422948
vt 0.167768 0.422673
vt 0.169569 0.421083
vt 0.167831 0.420800
vt 0.162718 0.412751
vt 0.164287 0.411952
vt 0.172928 0.410902
vt 0.171363 0.410096
vt 0.156418 0.404077
vt 0.157663 0.402832
vt 0.179270 0.402258
vt 0.178030 0.401008
vt 0.147746 0.397774
vt 0.148545 0.396206
vt 0.187972 0.395996
vt 0.187180 0.394424
vt 0.137550 0.394459
vt 0.137826 0.392721
vt 0.198184 0.392730
vt 0.197916 0.390991
vt 0.126830 0.394457
vt 0.126554 0.392719
vt 0.208904 0.392780
vt 0.209187 0.391043
vt 0.974123 0.444586
vt 0.974873 0.442722
vt 0.978453 0.451324
vt 0.976960 0.451936
vt 0.947212 0.453396
vt 0.946604 0.451945
vt 0.980862 0.458578
vt 0.979364 0.459126
vt 0.585140 0.045839
vt 0.586597 0.046369
vt 0.579983 0.064534
vt 0.578518 0.063971
vt 0.945664 0.453564
vt 0.948869 0.460426
vt 0.947539 0.461500
vt 0.960086 0.465209
vt 0.958813 0.466340
vt 0.584685 0.171097
vt 0.586249 0.170802
vt 0.593311 0.198218
vt 0.592143 0.199853
vt 0.585554 0.169410
vt 0.593250 0.166710
vt 0.593063 0.168409
vt 0.603400 0.173603
vt 0.603133 0.175285
vt 0.601034 0.196652
vt 0.601321 0.198240
vt 0.608387 0.194807
vt 0.608732 0.196363
vt 0.997255 0.503991
vt 0.995474 0.503077
vt 0.993020 0.496421
vt 0.994553 0.495902
vt 0.970049 0.515726
vt 0.969605 0.514193
vt 0.968290 0.515059
vt 0.965241 0.508093
vt 0.966935 0.508111
vt 0.465795 0.002468
vt 0.467234 0.002991
vt 0.460665 0.021097
vt 0.459212 0.020585
vt 0.649558 0.155358
vt 0.649533 0.156932
vt 0.642971 0.157956
vt 0.642044 0.156538
vt 0.651078 0.156490
vt 0.655827 0.185723
vt 0.654098 0.184714
vt 0.647556 0.187802
vt 0.647167 0.186231
vt 0.991927 0.489692
vt 0.990433 0.490249
vt 0.972114 0.498230
vt 0.970400 0.498187
vt 0.636475 0.166219
vt 0.637434 0.167640
vt 0.640574 0.187375
vt 0.640908 0.188933
vt 0.593942 0.049073
vt 0.587347 0.067185
vt 0.550230 0.053684
vt 0.541880 0.050647
vt 0.548468 0.032532
vt 0.556818 0.035569
vt 0.495522 0.013278
vt 0.488934 0.031393
vt 0.598959 0.071413
vt 0.605553 0.053300
vt 0.637004 0.064751
vt 0.630410 0.082864
vt 0.541162 0.029876
vt 0.534574 0.047990
vt 0.503119 0.036551
vt 0.509706 0.018436
vt 0.647591 0.068606
vt 0.640996 0.086718
vt 0.496678 0.034209
vt 0.503266 0.016094
vt 0.452495 0.018144
vt 0.459079 0.000028
vt 0.674026 0.216219
vt 0.669802 0.212702
vt 0.671047 0.013774
vt 0.675225 0.010315
vt 0.805334 0.010682
vt 0.809372 0.013957
vt 0.813725 0.212403
vt 0.809652 0.215895
vt 0.209059 0.780874
vt 0.195043 0.787767
vt 0.194833 0.603995
vt 0.207202 0.612927
vt 0.199633 0.599373
vt 0.331212 0.597526
vt 0.328294 0.613985
vt 0.328319 0.777731
vt 0.324468 0.781066
vt 0.667281 0.223864
vt 0.660948 0.217803
vt 0.663139 0.010468
vt 0.668901 0.004781
vt 0.813763 0.000045
vt 0.821519 0.008542
vt 0.822335 0.216105
vt 0.814741 0.223898
vt 0.007895 0.213673
vt 0.012135 0.206065
vt 0.143229 0.206149
vt 0.147357 0.213772
vt 0.001192 0.208234
vt 0.007584 0.202674
vt 0.147322 0.202405
vt 0.153682 0.208122
vt 0.001159 0.008479
vt 0.007595 0.013522
vt 0.007707 0.002604
vt 0.011717 0.009775
vt 0.147305 0.002567
vt 0.143232 0.009710
vt 0.153767 0.008394
vt 0.147391 0.013575
vt 0.200819 0.860336
vt 0.195035 0.859997
vt 0.005801 0.852660
vt 0.000000 0.852444
vt 0.002631 0.776843
vt 0.008432 0.777059
vt 0.524393 0.804698
vt 0.518850 0.806561
vt 0.480839 0.717926
vt 0.497604 0.718103
vt 0.337641 0.859672
vt 0.331919 0.860550
vt 0.329510 0.780334
vt 0.627675 0.693565
vt 0.650031 0.765833
vt 0.002136 0.213533
vt 0.002098 0.003068
vt 0.152954 0.002961
vt 0.152987 0.213553
vt 0.004878 0.215892
vt 0.005205 0.216377
vt -0.000000 0.212003
vt 0.000482 0.212227
vt 0.150384 0.216013
vt 0.150060 0.216498
vt 0.154562 0.212187
vt 0.155042 0.211964
vt 0.000007 0.004666
vt 0.000490 0.004452
vt 0.005084 0.000080
vt 0.004766 0.000571
vt 0.149918 0.000046
vt 0.150237 0.000532
vt 0.155076 0.004530
vt 0.154593 0.004307
vt 0.392955 0.998257
vt 0.391433 0.859832
vt 0.597498 0.852135
vt 0.599020 0.990559
vt 0.236100 0.861541
vt 0.237622 0.999965
vt 0.031447 0.996801
vt 0.033327 0.855285
vt 0.605044 0.990392
vt 0.603522 0.851965
vt 0.746810 0.847293
vt 0.748326 0.988814
vt 0.243649 1.000000
vt 0.242126 0.861578
vt 0.385408 0.860002
vt 0.386930 0.998424
vt 0.025421 0.996713
vt 0.027301 0.855197
vt 0.875875 0.032688
vt 0.887434 0.032688
vt 0.887434 0.042205
vt 0.875875 0.042205
vt 0.875875 0.044381
vt 0.887434 0.044381
vt 0.887434 0.053629
vt 0.875875 0.053629
vt 0.875875 0.055805
vt 0.887434 0.055805
vt 0.887434 0.065322
vt 0.875875 0.065322
vt 0.875875 0.067499
vt 0.887434 0.067499
vt 0.887434 0.076746
vt 0.875875 0.076746
vt 0.888590 0.031667
vt 0.897837 0.031667
vt 0.898993 0.032688
vt 0.898993 0.042205
vt 0.897837 0.043226
vt 0.888590 0.043226
vt 0.864317 0.032688
vt 0.865472 0.031667
vt 0.874720 0.031667
vt 0.874720 0.043226
vt 0.865472 0.043226
vt 0.864317 0.042205
vt 0.586101 0.002906
vt 0.586501 0.005044
vt 0.584685 0.005701
vt 0.584751 0.002138
vt 0.587567 0.006941
vt 0.587022 0.008396
vt 0.600144 0.005701
vt 0.597807 0.008396
vt 0.597261 0.006941
vt 0.598329 0.005044
vt 0.600078 0.002138
vt 0.598728 0.002906
vt 0.596264 0.004297
vt 0.597136 0.001898
vt 0.595387 0.006697
vt 0.593789 0.005689
vt 0.594207 0.003550
vt 0.595270 0.001653
vt 0.592414 0.002894
vt 0.594725 0.000199
vt 0.592414 0.006457
vt 0.591040 0.005689
vt 0.590621 0.003551
vt 0.590104 0.000199
vt 0.589559 0.001654
vt 0.588564 0.004297
vt 0.587692 0.001898
vt 0.589442 0.006697
vt 0.590116 0.008550
vt 0.594714 0.008550
vt 0.587022 0.000045
vt 0.597806 0.000045
vt 0.077680 0.012604
vt 0.078079 0.014742
vt 0.076263 0.015399
vt 0.076329 0.011836
vt 0.079146 0.016639
vt 0.078601 0.018094
vt 0.091723 0.015399
vt 0.089385 0.018093
vt 0.088840 0.016639
vt 0.089907 0.014742
vt 0.091656 0.011835
vt 0.090306 0.012604
vt 0.087843 0.013995
vt 0.088715 0.011596
vt 0.086966 0.016395
vt 0.085368 0.015386
vt 0.085786 0.013248
vt 0.086848 0.011351
vt 0.083993 0.012592
vt 0.086303 0.009897
vt 0.083993 0.016155
vt 0.082618 0.015386
vt 0.082200 0.013248
vt 0.081683 0.009897
vt 0.081138 0.011351
vt 0.080143 0.013995
vt 0.079271 0.011596
vt 0.081020 0.016395
vt 0.081694 0.018247
vt 0.086292 0.018247
vt 0.078601 0.009743
vt 0.089385 0.009743
vt 0.453912 0.026549
vt 0.454311 0.028688
vt 0.452495 0.029344
vt 0.452561 0.025781
vt 0.455378 0.030585
vt 0.454832 0.032039
vt 0.467955 0.029344
vt 0.465617 0.032039
vt 0.465072 0.030584
vt 0.466139 0.028687
vt 0.467888 0.025781
vt 0.466538 0.026549
vt 0.464075 0.027941
vt 0.464947 0.025541
vt 0.463197 0.030340
vt 0.461599 0.029332
vt 0.462018 0.027194
vt 0.463080 0.025297
vt 0.460225 0.026537
vt 0.462535 0.023842
vt 0.460225 0.030100
vt 0.458850 0.029332
vt 0.458432 0.027194
vt 0.457915 0.023842
vt 0.457369 0.025297
vt 0.456375 0.027941
vt 0.455503 0.025541
vt 0.457252 0.030340
vt 0.457926 0.032193
vt 0.462524 0.032193
vt 0.454833 0.023688
vt 0.465617 0.023688
vt 0.865733 0.002906
vt 0.866132 0.005044
vt 0.864317 0.005701
vt 0.864383 0.002138
vt 0.867199 0.006941
vt 0.866654 0.008396
vt 0.879776 0.005701
vt 0.877439 0.008396
vt 0.876893 0.006941
vt 0.877960 0.005044
vt 0.879710 0.002138
vt 0.878359 0.002906
vt 0.875896 0.004297
vt 0.876768 0.001898
vt 0.875019 0.006697
vt 0.873421 0.005689
vt 0.873839 0.003551
vt 0.874902 0.001653
vt 0.872046 0.002894
vt 0.874356 0.000199
vt 0.872046 0.006457
vt 0.870672 0.005689
vt 0.870253 0.003551
vt 0.869736 0.000199
vt 0.869191 0.001654
vt 0.868196 0.004297
vt 0.867324 0.001898
vt 0.869074 0.006697
vt 0.869747 0.008550
vt 0.874345 0.008550
vt 0.866654 0.000045
vt 0.877438 0.000045
vt 0.531164 0.059994
vt 0.531842 0.063625
vt 0.528758 0.064740
vt 0.528871 0.058688
vt 0.533654 0.066846
vt 0.532728 0.069316
vt 0.555013 0.064740
vt 0.551044 0.069316
vt 0.550117 0.066846
vt 0.551929 0.063624
vt 0.554901 0.058688
vt 0.552608 0.059993
vt 0.548424 0.062356
vt 0.549905 0.058280
vt 0.546934 0.066432
vt 0.544220 0.064719
vt 0.544931 0.061088
vt 0.546735 0.057866
vt 0.541886 0.059972
vt 0.545809 0.055396
vt 0.541886 0.066024
vt 0.539551 0.064719
vt 0.538841 0.061088
vt 0.537962 0.055396
vt 0.537036 0.057866
vt 0.535347 0.062356
vt 0.533866 0.058280
vt 0.536837 0.066432
vt 0.537981 0.069577
vt 0.545790 0.069577
vt 0.532728 0.055135
vt 0.551043 0.055134
vt 0.012574 0.076836
vt 0.013252 0.080467
vt 0.010168 0.081582
vt 0.010281 0.075531
vt 0.015064 0.083689
vt 0.014138 0.086159
vt 0.036423 0.081582
vt 0.032454 0.086158
vt 0.031527 0.083689
vt 0.033340 0.080467
vt 0.036311 0.075530
vt 0.034018 0.076836
vt 0.029834 0.079199
vt 0.031315 0.075123
vt 0.028344 0.083274
vt 0.025630 0.081561
vt 0.026341 0.077930
vt 0.028145 0.074708
vt 0.023296 0.076815
vt 0.027219 0.072239
vt 0.023296 0.082867
vt 0.020961 0.081561
vt 0.020251 0.077930
vt 0.019372 0.072239
vt 0.018447 0.074708
vt 0.016757 0.079199
vt 0.015276 0.075123
vt 0.018248 0.083274
vt 0.019391 0.086420
vt 0.027200 0.086420
vt 0.014138 0.071977
vt 0.032453 0.071977
vt 0.012574 0.062453
vt 0.013252 0.066084
vt 0.010168 0.067199
vt 0.010281 0.061148
vt 0.015064 0.069306
vt 0.014138 0.071776
vt 0.036423 0.067199
vt 0.032454 0.071776
vt 0.031527 0.069306
vt 0.033340 0.066084
vt 0.036311 0.061148
vt 0.034018 0.062453
vt 0.029834 0.064816
vt 0.031315 0.060740
vt 0.028344 0.068891
vt 0.025630 0.067178
vt 0.026341 0.063547
vt 0.028145 0.060326
vt 0.023296 0.062432
vt 0.027219 0.057856
vt 0.023296 0.068484
vt 0.020961 0.067178
vt 0.020251 0.063547
vt 0.019372 0.057856
vt 0.018447 0.060326
vt 0.016757 0.064816
vt 0.015276 0.060740
vt 0.018248 0.068891
vt 0.019391 0.072037
vt 0.027200 0.072037
vt 0.014138 0.057594
vt 0.032453 0.057594
vt 0.236279 0.064356
vt 0.236958 0.067987
vt 0.233874 0.069103
vt 0.233986 0.063051
vt 0.238770 0.071209
vt 0.237843 0.073679
vt 0.260129 0.069102
vt 0.256159 0.073679
vt 0.255233 0.071209
vt 0.257045 0.067987
vt 0.260016 0.063051
vt 0.257723 0.064356
vt 0.253540 0.066719
vt 0.255021 0.062643
vt 0.252050 0.070794
vt 0.249336 0.069081
vt 0.250046 0.065450
vt 0.251851 0.062229
vt 0.247001 0.064335
vt 0.250925 0.059759
vt 0.247001 0.070387
vt 0.244667 0.069081
vt 0.243956 0.065450
vt 0.243078 0.059759
vt 0.242152 0.062229
vt 0.240463 0.066719
vt 0.238982 0.062643
vt 0.241953 0.070794
vt 0.243097 0.073940
vt 0.250906 0.073940
vt 0.237844 0.059497
vt 0.256159 0.059497

# vertex normals
vn 0.000000 1.000000 0.000000
vn -0.003791 -0.997866 0.065188
vn -0.071038 -0.031652 0.996971
vn -0.993435 -0.032397 0.109717
vn -0.341648 -0.939149 0.035732
vn 0.003791 -0.997866 0.065188
vn 0.071038 -0.031652 0.996971
vn 0.341650 -0.939148 0.035732
vn 0.993435 -0.032397 0.109717
vn -0.993435 -0.032397 -0.109717
vn -0.341648 -0.939148 -0.035732
vn 0.341650 -0.939148 -0.035732
vn 0.993435 -0.032397 -0.109717
vn -0.071038 -0.031652 -0.996971
vn -0.003791 -0.997866 -0.065188
vn 0.071038 -0.031652 -0.996971
vn 0.003791 -0.997866 -0.065188
vn -0.071159 0.000000 0.997465
vn 0.071159 0.000000 0.997465
vn -0.071159 0.000000 -0.997465
vn 0.071159 0.000000 -0.997465
vn 0.993885 0.000000 0.110419
vn 0.993885 0.000000 -0.110419
vn -0.993885 0.000000 -0.110420
vn -0.993885 0.000000 0.110420
vn -0.465472 0.752775 0.465473
vn 0.000000 0.617624 0.786473
vn 0.436526 0.786696 0.436525
vn 0.436525 0.786696 0.436525
vn 0.648466 0.761243 0.000000
vn 0.436526 0.786696 -0.436525
vn 0.000000 0.617624 -0.786474
vn -0.465472 0.752775 -0.465473
vn -0.711018 0.703174 0.000000
vn 0.000000 0.999085 -0.042777
vn 0.000000 0.999085 0.042777
vn -0.031074 0.999517 0.000000
vn 0.031075 0.999517 0.000000
vn 0.019657 0.999613 -0.019657
vn 0.019657 0.999614 -0.019657
vn -0.019657 0.999613 -0.019658
vn -0.019657 0.999614 -0.019658
vn 0.019657 0.999614 0.019657
vn 0.019657 0.999613 0.019657
vn -0.019657 0.999613 0.019657
vn -0.019657 0.999614 0.019657
vn -1.000000 -0.000003 0.000000
vn -1.000000 0.000001 0.000000
vn -1.000000 -0.000002 -0.000000
vn -0.012981 -0.536761 -0.843635
vn -0.012981 -0.536760 -0.843635
vn -0.009247 -0.626843 -0.779091
vn -0.009268 -0.626360 -0.779479
vn -0.006237 -0.692138 -0.721738
vn 0.293781 -0.294880 -0.909252
vn 0.661010 -0.046136 -0.748958
vn 0.347551 -0.264963 -0.899446
vn 0.618664 0.415074 -0.667060
vn 0.573185 0.497576 -0.651058
vn 0.584012 0.479171 -0.655229
vn 0.183900 0.695987 -0.694106
vn 0.287166 0.660459 -0.693780
vn 0.285385 0.661149 -0.693857
vn 0.493140 0.581610 -0.646949
vn 0.493466 0.581619 -0.646692
vn -0.038147 -0.808733 0.586938
vn -0.022036 -0.769540 0.638218
vn -0.021774 -0.768877 0.639025
vn -0.003966 -0.721849 0.692039
vn 0.431712 -0.533456 0.727358
vn 0.612727 -0.212996 0.761051
vn 0.622090 -0.189933 0.759559
vn 0.619133 0.392446 0.680192
vn 0.585952 0.454915 0.670606
vn 0.575696 0.472725 0.667162
vn 0.504131 0.549721 0.666078
vn 0.504212 0.549746 0.665995
vn 0.296133 0.627175 0.720387
vn 0.292447 0.628612 0.720640
vn 0.183962 0.665842 0.723058
vn 0.001353 -0.020362 0.999792
vn 0.000003 -0.021427 0.999770
vn 0.000003 -0.021426 0.999770
vn 0.000439 -0.022065 0.999756
vn 0.000852 -0.022670 0.999743
vn 0.002576 -0.019198 0.999812
vn 0.004149 -0.017688 0.999835
vn 0.008786 -0.015824 0.999836
vn 0.005054 -0.018668 0.999813
vn 0.003100 -0.018982 0.999815
vn 0.000002 -0.021424 0.999770
vn 0.000004 -0.021425 0.999770
vn 0.000005 0.021427 -0.999770
vn -0.001639 0.020547 -0.999788
vn -0.000980 0.021237 -0.999774
vn 0.000003 0.021422 -0.999770
vn -0.003102 0.019681 -0.999801
vn -0.001845 0.021075 -0.999776
vn -0.004542 0.018487 -0.999819
vn -0.003232 0.019299 -0.999809
vn -0.005055 0.018668 -0.999813
vn -0.008787 0.015818 -0.999836
vn -0.000005 0.021428 -0.999770
vn 0.000001 0.021425 -0.999770
vn -0.039423 -0.998993 -0.021415
vn -0.022701 -0.999513 -0.021422
vn -0.022533 -0.999517 -0.021422
vn -0.007207 -0.999745 -0.021423
vn 0.645114 -0.763911 -0.016377
vn 0.957325 -0.288947 -0.006196
vn 0.956859 -0.290487 -0.006229
vn 0.835037 0.550067 0.011782
vn 0.771764 0.635763 0.013630
vn 0.771829 0.635684 0.013628
vn 0.835037 0.550068 0.011782
vn 0.641764 0.766726 0.016451
vn 0.411760 0.911083 0.019545
vn 0.410095 0.911833 0.019561
vn 0.260723 0.965192 0.020704
vn -0.003286 0.020028 -0.999794
vn -0.000005 0.021434 -0.999770
vn -0.016508 0.014361 -0.999761
vn 0.677355 0.735487 0.015781
vn 0.016508 -0.014356 0.999761
vn 0.003284 -0.020020 0.999794
vn -0.000001 -0.021426 0.999770
vn -1.000000 0.000000 0.000000
vn 0.802683 0.096769 -0.588503
vn 0.995832 0.091185 0.001953
vn 0.696369 0.057996 0.715337
vn -0.028206 -0.691208 0.722105
vn -0.016859 -0.691717 0.721972
vn -0.016745 -0.691721 0.721970
vn -0.006235 -0.692112 0.721763
vn 0.293797 -0.294898 0.909241
vn 0.347568 -0.264978 0.899435
vn 0.661016 -0.046143 0.748952
vn 0.618663 0.415074 0.667060
vn 0.584039 0.479200 0.655184
vn 0.573211 0.497627 0.650996
vn 0.183919 0.696045 0.694043
vn 0.285432 0.661215 0.693775
vn 0.287215 0.660524 0.693697
vn 0.493537 0.581697 0.646567
vn 0.493210 0.581689 0.646824
vn -0.028201 -0.721472 -0.691869
vn -0.015559 -0.721728 -0.692002
vn -0.015694 -0.721725 -0.692001
vn -0.003965 -0.721861 -0.692027
vn 0.431745 -0.533494 -0.727310
vn 0.622109 -0.189967 -0.759535
vn 0.612785 -0.212940 -0.761020
vn 0.619170 0.392470 -0.680144
vn 0.575716 0.472732 -0.667140
vn 0.585975 0.454926 -0.670579
vn 0.504104 0.549693 -0.666121
vn 0.292418 0.628545 -0.720710
vn 0.296086 0.627116 -0.720458
vn 0.504185 0.549719 -0.666037
vn 0.183949 0.665779 -0.723119
vn 0.183949 0.665779 -0.723119
vn 0.001350 -0.020361 -0.999792
vn 0.000438 -0.022062 -0.999757
vn 0.000001 -0.021423 -0.999770
vn -0.000001 -0.021423 -0.999771
vn 0.002574 -0.019201 -0.999812
vn 0.000854 -0.022669 -0.999743
vn 0.004145 -0.017692 -0.999835
vn 0.003095 -0.018983 -0.999815
vn 0.005050 -0.018670 -0.999813
vn 0.008782 -0.015824 -0.999836
vn -0.000004 -0.021426 -0.999770
vn -0.000003 -0.021427 -0.999770
vn -0.000003 0.021426 0.999770
vn -0.000003 0.021432 0.999770
vn -0.000983 0.021242 0.999774
vn -0.001642 0.020547 0.999788
vn -0.001845 0.021075 0.999776
vn -0.003102 0.019681 0.999801
vn -0.004542 0.018488 0.999819
vn -0.008788 0.015820 0.999836
vn -0.005054 0.018667 0.999813
vn -0.003234 0.019298 0.999809
vn -0.000001 0.021424 0.999770
vn -0.000002 0.021424 0.999770
vn -0.039892 -0.998975 0.021401
vn -0.022851 -0.999510 0.021408
vn -0.022831 -0.999510 0.021408
vn -0.007204 -0.999745 0.021409
vn 0.645118 -0.763908 0.016366
vn 0.956861 -0.290478 0.006224
vn 0.957324 -0.288949 0.006191
vn 0.835036 0.550069 -0.011789
vn 0.771829 0.635684 -0.013632
vn 0.771765 0.635761 -0.013633
vn 0.641763 0.766726 -0.016451
vn 0.410094 0.911834 -0.019561
vn 0.411756 0.911084 -0.019545
vn 0.260723 0.965192 -0.020703
vn -0.003285 0.020019 0.999794
vn -0.016513 0.014353 0.999761
vn 0.677355 0.735487 -0.015781
vn 0.003283 -0.020019 -0.999794
vn 0.016507 -0.014352 -0.999761
vn -0.000001 -0.021426 -0.999770
vn 0.802682 0.096768 0.588504
vn 0.995832 0.091185 -0.001953
vn 0.696382 0.057993 -0.715324
vn -0.096062 -0.178477 0.979244
vn -0.123627 -0.947631 0.294468
vn 0.011618 -0.893893 0.448130
vn 0.000178 -0.672261 0.740314
vn 0.000000 -0.274304 0.961643
vn 0.000000 -0.270451 0.962734
vn -0.199350 0.850321 0.487046
vn -0.115801 0.623927 0.772856
vn -0.004111 0.501173 0.865337
vn -0.004874 0.503547 0.863954
vn -0.004870 0.503186 0.864164
vn 0.072633 0.363560 0.928735
vn 0.208404 0.841481 0.498475
vn 0.988929 0.084721 0.121830
vn 0.991088 0.084502 -0.102973
vn 0.679921 0.731557 -0.050320
vn -0.988542 -0.120198 0.091307
vn 0.986645 -0.123986 0.105641
vn 0.179421 -0.338988 0.923523
vn 0.124882 -0.952803 0.276713
vn -0.992442 0.065264 0.103922
vn 0.000000 0.000000 1.000000
vn 0.000000 -0.278377 0.960472
vn 0.125511 0.000000 0.992092
vn 0.125017 0.000000 0.992155
vn 0.000500 -0.000354 1.000000
vn 0.992391 0.000000 0.123123
vn 0.993899 0.000000 -0.110292
vn -0.994454 0.000000 0.105173
vn -0.999098 0.000000 -0.042475
vn -0.995334 -0.087710 -0.040207
vn -0.192271 0.000000 0.981342
vn 0.992453 0.000000 0.122626
vn 0.191010 0.000000 0.981588
vn 0.987303 -0.137337 -0.079823
vn 0.994030 0.000000 -0.109103
vn -0.195592 0.000000 0.980685
vn -0.994407 0.000000 0.105620
vn -0.188404 -0.000553 0.982091
vn -0.998991 0.000056 -0.044908
vn -0.993341 0.104892 -0.047658
vn -0.998077 0.000156 -0.061979
vn -0.059508 0.035519 0.997596
vn -0.027485 0.101685 0.994437
vn 0.049112 0.076897 0.995829
vn -0.119140 -0.111036 0.986649
vn -0.130811 -0.000133 0.991407
vn 0.175057 -0.110484 0.978340
vn 0.070385 -0.428013 0.901028
vn 0.267285 0.059157 0.961800
vn -0.056743 0.042482 0.997485
vn -0.010881 0.091335 0.995761
vn 0.047442 0.053349 0.997448
vn -0.117049 -0.115681 0.986366
vn -0.156633 -0.007477 0.987629
vn 0.123090 -0.086256 0.988640
vn 0.034524 -0.364632 0.930511
vn 0.161827 0.018589 0.986644
vn 0.072865 -0.060565 0.995501
vn 0.031827 -0.174076 0.984218
vn -0.063327 -0.117034 0.991107
vn 0.084244 0.072796 0.993783
vn 0.165704 0.017683 0.986017
vn -0.099735 0.094057 0.990559
vn -0.003253 0.179031 0.983838
vn -0.260593 -0.032901 0.964888
vn 0.113652 -0.121388 0.986077
vn -0.007907 -0.239729 0.970808
vn -0.087983 -0.102283 0.990857
vn 0.111541 0.140828 0.983731
vn 0.319855 0.030624 0.946972
vn -0.114583 0.069918 0.990950
vn -0.052986 0.225506 0.972800
vn -0.177568 -0.010606 0.984051
vn 0.120882 -0.071204 0.990110
vn 0.067683 -0.335184 0.939718
vn -0.122536 -0.167454 0.978235
vn 0.062491 0.062736 0.996072
vn 0.162538 0.020875 0.986481
vn -0.077444 0.076556 0.994053
vn -0.003717 0.134264 0.990939
vn -0.251965 -0.017939 0.967570
vn 0.137992 -0.141261 0.980308
vn -0.046061 -0.321142 0.945910
vn -0.116437 -0.075097 0.990355
vn 0.083980 0.074739 0.993661
vn 0.268503 -0.004411 0.963269
vn -0.064852 0.063702 0.995860
vn 0.002112 0.138258 0.990394
vn -0.149273 0.016604 0.988657
vn -0.343773 0.930716 -0.124849
vn 0.151225 -0.986093 -0.068932
vn -0.021903 -0.894079 0.447374
vn -0.070610 -0.993797 -0.085913
vn -0.191614 -0.980356 -0.046766
vn 0.095024 -0.992968 -0.070609
vn 0.102167 0.102859 -0.989435
vn 0.000565 0.161500 -0.986873
vn 0.101365 0.861191 -0.498072
vn 0.250264 0.941963 -0.223770
vn 0.259108 -0.121492 -0.958177
vn -0.279223 -0.067321 -0.957863
vn -0.075400 -0.345695 -0.935313
vn 0.002157 -0.473617 -0.880728
vn 0.002158 -0.473915 -0.880568
vn 0.002868 -0.471180 -0.882032
vn 0.124322 -0.558834 -0.819908
vn -0.977745 0.146489 -0.150183
vn -0.988959 -0.080723 -0.124275
vn -0.990295 -0.082178 -0.112084
vn 0.989556 0.107074 -0.096508
vn -0.988904 0.110331 -0.099480
vn -0.248564 0.943751 -0.218061
vn -0.236218 0.233232 -0.943294
vn 0.993267 -0.087641 -0.075755
vn -0.000000 -0.000000 -1.000000
vn -0.000507 0.164126 -0.986439
vn 0.000017 0.163883 -0.986480
vn -0.126460 0.000000 -0.991972
vn 0.000523 -0.000368 -1.000000
vn -0.993276 0.000000 -0.115773
vn -0.992640 0.000000 -0.121105
vn 0.993789 0.000000 -0.111283
vn 0.993175 0.081039 -0.083883
vn 0.998867 0.000000 -0.047586
vn 0.191898 0.000000 -0.981415
vn -0.196841 0.000000 -0.980435
vn -0.992472 0.000000 -0.122475
vn -0.978177 0.121339 -0.168658
vn 0.994307 -0.008700 -0.106203
vn 0.192643 0.000000 -0.981269
vn 0.995635 -0.009989 -0.092794
vn 0.184143 -0.000565 -0.982899
vn 0.998609 -0.009732 -0.051825
vn 0.998855 -0.011576 -0.046423
vn 0.987218 -0.150050 -0.053721
vn 0.105061 0.103958 -0.989017
vn -0.027883 0.285460 -0.957985
vn -0.146072 0.087220 -0.985421
vn -0.231637 -0.061129 -0.970880
vn -0.048040 -0.099383 -0.993889
vn 0.052757 -0.169105 -0.984185
vn 0.090349 -0.060630 -0.994063
vn 0.189969 0.009787 -0.981741
vn 0.086258 0.088622 -0.992323
vn -0.018394 0.200252 -0.979572
vn -0.099733 0.072606 -0.992362
vn -0.207295 -0.023761 -0.977990
vn -0.072815 -0.084808 -0.993733
vn 0.019099 -0.165607 -0.986007
vn 0.084814 -0.065866 -0.994217
vn 0.200491 0.010708 -0.979637
vn -0.075844 -0.112682 -0.990732
vn 0.004051 -0.233839 -0.972267
vn 0.098109 -0.105027 -0.989618
vn 0.354191 0.040408 -0.934300
vn 0.099759 0.120825 -0.987648
vn -0.037467 0.220550 -0.974656
vn -0.108977 0.083984 -0.990490
vn -0.234440 -0.022126 -0.971879
vn -0.112354 -0.188599 -0.975606
vn 0.065982 -0.290680 -0.954543
vn 0.114918 -0.094581 -0.988862
vn 0.220979 0.019417 -0.975085
vn 0.130181 0.114942 -0.984805
vn 0.009419 0.311230 -0.950288
vn -0.177741 0.155637 -0.971692
vn -0.486619 -0.055639 -0.871840
vn -0.087699 -0.100215 -0.991093
vn 0.005267 -0.223312 -0.974733
vn 0.111787 -0.094617 -0.989218
vn 0.309368 0.022912 -0.950666
vn 0.109781 0.132800 -0.985044
vn -0.051295 0.271154 -0.961168
vn -0.116361 0.080380 -0.989949
vn -0.195581 -0.025385 -0.980359
vn -0.107627 -0.098486 -0.989301
vn -0.002491 -0.209729 -0.977756
vn 0.092480 -0.094658 -0.991205
vn 0.220301 -0.024494 -0.975124
vn 0.129880 0.087943 -0.987622
vn 0.040403 0.297263 -0.953940
vn -0.127190 0.134744 -0.982683
vn -0.304265 0.007403 -0.952559
vn 0.415480 0.895056 -0.162020
vn -0.271379 0.953640 -0.130096
vn -0.096874 0.825647 -0.555808
vn -0.070603 0.997055 -0.029931
vn 0.347121 0.931898 -0.105226
vn 0.050201 0.996752 -0.062973
vn -0.000296 0.188253 -0.982121
vn -0.096061 -0.178476 -0.979244
vn -0.000000 -0.270450 -0.962734
vn 0.000000 -0.274303 -0.961643
vn 0.000178 -0.672274 -0.740303
vn 0.011616 -0.893895 -0.448126
vn -0.123627 -0.947632 -0.294466
vn -0.199346 0.850331 -0.487030
vn 0.208401 0.841490 -0.498462
vn 0.072632 0.363559 -0.928735
vn -0.004870 0.503184 -0.864165
vn -0.004873 0.503546 -0.863955
vn -0.004113 0.501171 -0.865338
vn -0.115796 0.623923 -0.772859
vn 0.679921 0.731557 0.050320
vn 0.991088 0.084503 0.102972
vn 0.988929 0.084721 -0.121829
vn -0.988542 -0.120199 -0.091306
vn 0.986645 -0.123986 -0.105640
vn 0.124883 -0.952804 -0.276711
vn 0.179421 -0.338987 -0.923524
vn -0.992442 0.065264 -0.103922
vn 0.000000 -0.278376 -0.960472
vn 0.125016 0.000000 -0.992155
vn 0.125511 0.000000 -0.992092
vn 0.000498 -0.000352 -1.000000
vn 0.992392 0.000000 -0.123122
vn 0.993899 0.000000 0.110291
vn -0.994454 -0.000000 -0.105172
vn -0.995334 -0.087710 0.040206
vn -0.999098 0.000000 0.042475
vn -0.192270 -0.000000 -0.981342
vn 0.992453 0.000000 -0.122626
vn 0.191009 0.000000 -0.981588
vn 0.994031 0.000000 0.109102
vn 0.987303 -0.137338 0.079822
vn 0.992453 0.000000 -0.122625
vn -0.195592 0.000000 -0.980685
vn -0.994407 0.000000 -0.105619
vn -0.188400 -0.000551 -0.982092
vn -0.998991 0.000056 0.044907
vn -0.998077 0.000156 0.061979
vn -0.993341 0.104892 0.047658
vn 0.049122 0.076909 -0.995827
vn -0.027488 0.101703 -0.994435
vn -0.059519 0.035525 -0.997595
vn -0.130834 -0.000136 -0.991404
vn -0.119156 -0.111055 -0.986645
vn 0.070397 -0.428066 -0.901002
vn 0.175082 -0.110500 -0.978333
vn 0.267324 0.059163 -0.961789
vn 0.047450 0.053358 -0.997447
vn -0.010882 0.091351 -0.995759
vn -0.056753 0.042489 -0.997484
vn -0.156659 -0.007479 -0.987624
vn -0.117067 -0.115700 -0.986361
vn 0.034529 -0.364683 -0.930491
vn 0.123109 -0.086270 -0.988636
vn 0.161854 0.018591 -0.986640
vn -0.063341 -0.117086 -0.991100
vn 0.031829 -0.174141 -0.984206
vn 0.072888 -0.060605 -0.995497
vn 0.165752 0.017685 -0.986009
vn 0.084260 0.072841 -0.993778
vn -0.003255 0.179096 -0.983826
vn -0.099761 0.094098 -0.990552
vn -0.260648 -0.032902 -0.964873
vn -0.087998 -0.102302 -0.990854
vn -0.007904 -0.239767 -0.970798
vn 0.113672 -0.121406 -0.986073
vn 0.319897 0.030626 -0.946957
vn 0.111559 0.140856 -0.983725
vn -0.052990 0.225551 -0.972789
vn -0.114604 0.069936 -0.990946
vn -0.177603 -0.010611 -0.984045
vn -0.122555 -0.167478 -0.978229
vn 0.067688 -0.335234 -0.939700
vn 0.120900 -0.071217 -0.990107
vn 0.162567 0.020878 -0.986477
vn 0.062501 0.062748 -0.996070
vn -0.003720 0.134287 -0.990936
vn -0.077457 0.076567 -0.994051
vn -0.252000 -0.017942 -0.967561
vn -0.116455 -0.075110 -0.990352
vn -0.046064 -0.321189 -0.945894
vn 0.138013 -0.141282 -0.980302
vn 0.268543 -0.004414 -0.963258
vn 0.083995 0.074751 -0.993658
vn 0.002114 0.138282 -0.990391
vn -0.064863 0.063714 -0.995858
vn -0.149300 0.016605 -0.988653
vn -0.343775 0.930716 0.124848
vn 0.151225 -0.986093 0.068932
vn -0.021900 -0.894081 -0.447370
vn -0.070609 -0.993798 0.085912
vn -0.191614 -0.980356 0.046766
vn 0.095024 -0.992968 0.070608
vn 0.102168 0.102860 0.989435
vn 0.250264 0.941963 0.223770
vn 0.101370 0.861187 0.498077
vn 0.000565 0.161501 0.986872
vn 0.259108 -0.121384 0.958190
vn 0.124324 -0.558837 0.819905
vn 0.002868 -0.471184 0.882030
vn 0.002158 -0.473918 0.880566
vn 0.002157 -0.473620 0.880727
vn -0.075401 -0.345698 0.935312
vn -0.279226 -0.067209 0.957870
vn -0.990295 -0.082178 0.112084
vn -0.988959 -0.080723 0.124275
vn -0.977744 0.146500 0.150183
vn 0.989556 0.107074 0.096508
vn -0.988904 0.110331 0.099480
vn -0.236220 0.233233 0.943293
vn -0.248564 0.943751 0.218061
vn 0.993267 -0.087641 0.075755
vn 0.000017 0.163885 0.986479
vn -0.000507 0.164127 0.986439
vn -0.126461 0.000000 0.991972
vn 0.000523 -0.000367 1.000000
vn -0.993276 0.000000 0.115773
vn -0.992640 0.000000 0.121105
vn 0.993789 0.000000 0.111283
vn 0.998867 0.000000 0.047586
vn 0.993175 0.081039 0.083883
vn 0.191900 0.000000 0.981415
vn -0.196842 0.000000 0.980435
vn -0.978177 0.121340 0.168658
vn -0.992471 0.000000 0.122476
vn -0.992472 0.000000 0.122475
vn 0.192645 0.000000 0.981269
vn 0.994306 -0.008700 0.106203
vn 0.995635 -0.009989 0.092794
vn 0.184145 -0.000565 0.982899
vn 0.998609 -0.009732 0.051825
vn 0.987218 -0.150050 0.053721
vn 0.998855 -0.011576 0.046423
vn -0.146093 0.087233 0.985417
vn -0.027889 0.285499 0.957973
vn 0.105076 0.103975 0.989014
vn -0.048051 -0.099399 0.993887
vn -0.231671 -0.061136 0.970871
vn 0.090365 -0.060640 0.994061
vn 0.052764 -0.169133 0.984180
vn 0.190000 0.009791 0.981735
vn -0.099749 0.072617 0.992359
vn -0.018398 0.200282 0.979566
vn 0.086271 0.088636 0.992321
vn -0.072827 -0.084821 0.993731
vn -0.207327 -0.023764 0.977983
vn 0.084828 -0.065877 0.994215
vn 0.019102 -0.165634 0.986002
vn 0.200521 0.010710 0.979631
vn 0.098111 -0.105032 0.989617
vn 0.004051 -0.233846 0.972265
vn -0.075845 -0.112688 0.990731
vn 0.099760 0.120831 0.987648
vn 0.354195 0.040407 0.934298
vn -0.108979 0.083988 0.990490
vn -0.037467 0.220557 0.974654
vn -0.234443 -0.022126 0.971878
vn 0.114936 -0.094598 0.988858
vn 0.065987 -0.290724 0.954529
vn -0.112371 -0.188625 0.975599
vn 0.130199 0.114960 0.984801
vn 0.221015 0.019420 0.975077
vn -0.177765 0.155654 0.971685
vn 0.009416 0.311269 0.950275
vn -0.486667 -0.055646 0.871814
vn 0.111805 -0.094630 0.989214
vn 0.005271 -0.223347 0.974725
vn -0.087714 -0.100233 0.991090
vn 0.109798 0.132819 0.985040
vn 0.309407 0.022916 0.950654
vn -0.116379 0.080395 0.989946
vn -0.051299 0.271194 0.961157
vn -0.195615 -0.025388 0.980352
vn 0.092496 -0.094673 0.991202
vn -0.002493 -0.209762 0.977749
vn -0.107645 -0.098500 0.989298
vn 0.129898 0.087957 0.987618
vn 0.220336 -0.024497 0.975116
vn -0.127209 0.134763 0.982678
vn 0.040407 0.297305 0.953927
vn -0.304306 0.007406 0.952546
vn 0.415467 0.895063 0.162019
vn -0.271378 0.953640 0.130097
vn -0.096880 0.825641 0.555815
vn -0.070604 0.997055 0.029931
vn 0.347120 0.931899 0.105226
vn 0.050201 0.996752 0.062973
vn -0.000296 0.188221 0.982127
vn 0.951056 0.000000 -0.309018
vn 0.809017 0.000000 -0.587785
vn 0.587790 0.000000 -0.809014
vn 0.309017 0.000000 -0.951057
vn -0.309017 0.000000 -0.951057
vn -0.587790 0.000000 -0.809013
vn -0.809018 0.000000 -0.587784
vn -0.951056 0.000000 -0.309019
vn -0.951057 0.000000 0.309016
vn -0.809017 0.000000 0.587785
vn -0.587783 0.000000 0.809019
vn -0.309017 0.000000 0.951056
vn 0.309017 0.000000 0.951056
vn 0.587783 0.000000 0.809019
vn 0.809018 0.000000 0.587784
vn 0.951057 0.000000 0.309016
vn 1.000000 0.000000 0.000001
vn 0.000000 -1.000000 0.000000
vn 0.959639 0.000000 -0.281234
vn 0.836410 0.000000 -0.548104
vn 0.627319 0.000000 -0.778762
vn 0.338919 0.000000 -0.940816
vn -0.338919 0.000000 -0.940816
vn -0.627320 0.000000 -0.778762
vn -0.836411 0.000000 -0.548102
vn -0.959639 0.000000 -0.281235
vn -0.959640 0.000000 0.281232
vn -0.836410 0.000000 0.548104
vn -0.627315 0.000000 0.778766
vn -0.338919 0.000000 0.940816
vn 0.338919 0.000000 0.940816
vn 0.627315 0.000000 0.778766
vn 0.836410 0.000000 0.548104
vn 0.959640 0.000000 0.281230
vn 1.000000 0.000000 0.000002
vn 0.958238 0.000000 -0.285973
vn 0.831824 0.000000 -0.555039
vn 0.620463 0.000000 -0.784236
vn 0.333582 0.000000 -0.942721
vn 0.000014 0.000000 -1.000000
vn -0.333582 0.000000 -0.942721
vn -0.620473 0.000000 -0.784228
vn -0.831825 0.000000 -0.555038
vn -0.958237 0.000000 -0.285976
vn -0.958237 0.000000 0.285974
vn -0.831823 0.000000 0.555041
vn -0.620471 0.000000 0.784229
vn -0.333586 0.000000 0.942720
vn 0.333587 0.000000 0.942719
vn 0.620473 0.000000 0.784228
vn 0.831824 0.000000 0.555040
vn 0.958237 0.000000 0.285974
vn 0.825186 0.411828 -0.386608
vn 0.667789 0.420881 -0.613936
vn 0.667789 0.420881 -0.613935
vn 0.437582 0.430476 -0.789438
vn 0.152781 0.436697 -0.886540
vn -0.152766 0.436719 -0.886532
vn -0.437588 0.430495 -0.789424
vn -0.667793 0.420886 -0.613928
vn -0.825182 0.411832 -0.386612
vn -0.904120 0.406477 -0.131694
vn -0.904120 0.406477 0.131692
vn -0.825183 0.411829 0.386612
vn -0.667786 0.420887 0.613934
vn -0.667787 0.420887 0.613934
vn -0.437603 0.430482 0.789423
vn -0.152759 0.436705 0.886540
vn -0.152758 0.436704 0.886541
vn 0.152759 0.436704 0.886540
vn 0.152759 0.436705 0.886540
vn 0.437604 0.430482 0.789423
vn 0.667788 0.420885 0.613934
vn 0.825184 0.411827 0.386613
vn 0.904121 0.406476 0.131692
vn 0.904120 0.406478 -0.131692
vn -0.027810 0.105791 0.993999
vn -0.027810 0.105791 0.993999
vn -0.992154 0.125018 0.000000
vn -0.932262 0.361766 0.003653
vn 0.254239 -0.967142 0.000000
vn 0.254238 -0.967142 0.000000
vn 0.891896 0.452240 0.000000
vn -0.215329 0.819138 0.531645
vn -0.215328 0.819139 0.531644
vn -0.215326 0.819140 0.531643
vn 0.053170 0.998586 0.000000
vn -0.215325 0.819140 -0.531643
vn -0.215328 0.819139 -0.531644
vn -0.215329 0.819138 -0.531645
vn -0.537361 0.843352 0.000000
vn -0.537361 0.843352 0.000000
vn 0.954727 0.297483 0.000000
vn -0.977600 -0.210472 0.000000
vn -0.027810 0.105790 0.994000
vn -0.027810 0.105790 0.994000
vn -0.027809 0.105790 0.994000
vn -0.027809 0.105790 0.994000
vn -0.215334 0.819145 0.531633
vn -0.215331 0.819144 0.531635
vn -0.215334 0.819141 0.531638
vn -0.215335 0.819142 0.531636
vn -0.510052 0.851083 -0.124519
vn -0.445872 0.882720 -0.148335
vn -0.013115 0.985934 -0.166620
vn 0.054418 0.987082 -0.150692
vn -0.215335 0.819142 -0.531636
vn -0.215334 0.819141 -0.531638
vn -0.215331 0.819144 -0.531635
vn -0.215334 0.819145 -0.531633
vn -0.027810 0.105792 -0.993999
vn 0.254236 -0.967142 0.000000
vn 0.254235 -0.967142 0.000000
vn -0.027809 0.105791 0.993999
vn -0.215328 0.819138 0.531645
vn -0.215331 0.819137 0.531646
vn 0.551434 0.832021 -0.060514
vn 0.549239 0.833465 -0.060597
vn -0.215331 0.819137 -0.531646
vn -0.215328 0.819138 -0.531645
vn 0.254237 -0.967142 0.000000
vn -0.215326 0.819139 0.531644
vn 0.716427 0.695693 -0.052372
vn -0.215326 0.819139 -0.531644
vn 0.254239 -0.967141 0.000000
vn -0.932262 0.361766 -0.003653
vn -0.027810 0.105792 0.993999
vn -0.998995 -0.044827 0.000000
vn -0.215329 0.819139 -0.531643
vn -0.215326 0.819141 -0.531641
vn -0.215328 0.819140 -0.531642
vn -0.215325 0.819140 0.531643
vn -0.215327 0.819139 0.531644
vn -0.000001 -0.000000 -1.000000
vn 0.000001 0.000000 1.000000
vn -0.215334 0.819146 -0.531631
vn -0.215335 0.819143 -0.531634
vn -0.215332 0.819145 -0.531633
vn -0.510052 0.851083 0.124520
vn 0.054419 0.987081 0.150694
vn -0.013115 0.985934 0.166621
vn -0.445872 0.882720 0.148337
vn -0.215335 0.819142 0.531636
vn -0.215331 0.819144 0.531634
vn -0.215331 0.819138 -0.531644
vn -0.215328 0.819139 -0.531643
vn 0.549239 0.833465 0.060598
vn 0.551434 0.832021 0.060515
vn -0.215326 0.819140 -0.531643
vn 0.716427 0.695693 0.052373
vn 0.709008 0.217747 -0.670741
vn 0.602539 0.429031 -0.672963
vn 0.602543 0.429027 -0.672962
vn 0.744989 -0.016072 -0.666883
vn 0.744989 -0.016069 -0.666883
vn 0.436014 0.597104 -0.673319
vn 0.436017 0.597103 -0.673319
vn 0.225714 0.705516 -0.671789
vn -0.007778 0.743647 -0.668527
vn -0.007776 0.743647 -0.668527
vn -0.241599 0.707761 -0.663856
vn -0.241602 0.707760 -0.663856
vn -0.452866 0.601366 -0.658234
vn -0.452867 0.601365 -0.658234
vn -0.620889 0.434882 -0.652207
vn -0.620892 0.434879 -0.652207
vn -0.729218 0.224616 -0.646366
vn -0.729217 0.224617 -0.646366
vn -0.767259 -0.008851 -0.641277
vn -0.767259 -0.008856 -0.641276
vn -0.731291 -0.242676 -0.637434
vn -0.624832 -0.453964 -0.635218
vn -0.624833 -0.453963 -0.635218
vn -0.458297 -0.622040 -0.634847
vn -0.458298 -0.622039 -0.634847
vn -0.247996 -0.730433 -0.636369
vn -0.247992 -0.730435 -0.636369
vn -0.014505 -0.768547 -0.639629
vn 0.219314 -0.732658 -0.644293
vn 0.430579 -0.626272 -0.649911
vn 0.430577 -0.626273 -0.649911
vn 0.598603 -0.459805 -0.655938
vn 0.598604 -0.459803 -0.655938
vn 0.706943 -0.249542 -0.661786
vn 0.706943 -0.249542 -0.661785
vn 0.731288 0.242675 0.637437
vn 0.731289 0.242675 0.637437
vn 0.767263 0.008849 0.641272
vn 0.767263 0.008856 0.641271
vn 0.624831 0.453960 0.635222
vn 0.624826 0.453966 0.635222
vn 0.458297 0.622027 0.634859
vn 0.458293 0.622030 0.634859
vn 0.247991 0.730430 0.636374
vn 0.247988 0.730431 0.636374
vn 0.014502 0.768559 0.639615
vn 0.014500 0.768559 0.639615
vn -0.219321 0.732673 0.644274
vn -0.219320 0.732673 0.644274
vn -0.430584 0.626285 0.649895
vn -0.430584 0.626286 0.649895
vn -0.598611 0.459813 0.655924
vn -0.598614 0.459810 0.655924
vn -0.706954 0.249542 0.661774
vn -0.706953 0.249547 0.661773
vn -0.744990 0.016072 0.666882
vn -0.709009 -0.217748 0.670740
vn -0.709009 -0.217749 0.670740
vn -0.602543 -0.429033 0.672959
vn -0.602544 -0.429030 0.672959
vn -0.436017 -0.597101 0.673320
vn -0.436012 -0.597105 0.673320
vn -0.225713 -0.705512 0.671793
vn -0.225712 -0.705513 0.671793
vn 0.007779 -0.743639 0.668536
vn 0.007777 -0.743639 0.668536
vn 0.241600 -0.707749 0.663868
vn 0.241597 -0.707750 0.663868
vn 0.452861 -0.601356 0.658246
vn 0.452859 -0.601357 0.658246
vn 0.620882 -0.434880 0.652215
vn 0.620883 -0.434879 0.652215
vn 0.729222 -0.224617 0.646361
vn 0.729222 -0.224617 0.646361
vn 0.952284 0.304417 -0.022019
vn 0.811506 0.583812 -0.024943
vn 0.811506 0.583811 -0.024943
vn 0.591291 0.806057 -0.025428
vn 0.313197 0.949399 -0.023424
vn 0.004446 0.999807 -0.019128
vn -0.304739 0.952348 -0.012958
vn -0.584097 0.811665 -0.005518
vn -0.584096 0.811666 -0.005518
vn -0.806278 0.591531 0.002461
vn -0.806278 0.591532 0.002461
vn -0.949535 0.313495 0.010198
vn -0.949535 0.313494 0.010198
vn -0.999845 0.004770 0.016938
vn -0.999845 0.004771 0.016938
vn -0.952284 -0.304419 0.022019
vn -0.811506 -0.583812 0.024944
vn -0.811505 -0.583812 0.024944
vn -0.591291 -0.806057 0.025429
vn -0.313198 -0.949399 0.023424
vn -0.313199 -0.949399 0.023424
vn -0.004446 -0.999807 0.019126
vn 0.304739 -0.952348 0.012957
vn 0.584097 -0.811665 0.005519
vn 0.806278 -0.591531 -0.002459
vn 0.949535 -0.313494 -0.010197
vn 0.949535 -0.313495 -0.010197
vn 0.999845 -0.004772 -0.016938
vn 0.999845 -0.004771 -0.016938
vn -0.241143 -0.180018 -0.953648
vn -0.280137 -0.102627 -0.954458
vn -0.280137 -0.102624 -0.954459
vn -0.241145 -0.180016 -0.953647
vn -0.180148 -0.241583 -0.953512
vn -0.180149 -0.241582 -0.953512
vn -0.103118 -0.281299 -0.954064
vn -0.017590 -0.295264 -0.955254
vn -0.017591 -0.295264 -0.955254
vn 0.068055 -0.282112 -0.956965
vn 0.068058 -0.282111 -0.956965
vn 0.145436 -0.243136 -0.959027
vn 0.145436 -0.243137 -0.959027
vn 0.206976 -0.182155 -0.961239
vn 0.206977 -0.182154 -0.961239
vn 0.246665 -0.105139 -0.963381
vn 0.246664 -0.105140 -0.963381
vn 0.260599 -0.019624 -0.965248
vn 0.247423 0.066020 -0.966656
vn 0.247422 0.066021 -0.966656
vn 0.208426 0.143413 -0.967467
vn 0.208427 0.143411 -0.967467
vn 0.147426 0.204970 -0.967602
vn 0.147426 0.204971 -0.967602
vn 0.070396 0.244670 -0.967048
vn -0.015127 0.258631 -0.965858
vn -0.100766 0.245481 -0.964150
vn -0.100767 0.245481 -0.964150
vn -0.178144 0.206513 -0.962090
vn -0.178143 0.206513 -0.962090
vn -0.239694 0.145546 -0.959877
vn -0.279372 0.068532 -0.957734
vn -0.279372 0.068533 -0.957734
vn -0.293305 -0.016981 -0.955868
vn -0.247436 -0.066024 0.966652
vn -0.208434 -0.143418 0.967464
vn -0.208434 -0.143417 0.967464
vn -0.247436 -0.066025 0.966652
vn -0.147436 -0.204988 0.967596
vn -0.147438 -0.204987 0.967596
vn -0.070405 -0.244708 0.967037
vn -0.070407 -0.244707 0.967037
vn 0.015128 -0.258665 0.965849
vn 0.015127 -0.258665 0.965849
vn 0.100773 -0.245502 0.964144
vn 0.178145 -0.206522 0.962088
vn 0.178147 -0.206521 0.962088
vn 0.239692 -0.145542 0.959878
vn 0.239691 -0.145543 0.959878
vn 0.279388 -0.068536 0.957729
vn 0.293320 0.016978 0.955864
vn 0.280134 0.102625 0.954460
vn 0.280135 0.102622 0.954460
vn 0.241141 0.180015 0.953649
vn 0.180145 0.241584 0.953512
vn 0.180147 0.241582 0.953512
vn 0.103116 0.281293 0.954066
vn 0.017590 0.295270 0.955252
vn 0.017589 0.295270 0.955252
vn -0.068063 0.282132 0.956958
vn -0.145446 0.243153 0.959021
vn -0.206987 0.182164 0.961235
vn -0.206988 0.182163 0.961235
vn -0.246671 0.105142 0.963379
vn -0.246671 0.105143 0.963379
vn -0.260611 0.019625 0.965244
vn 0.787521 0.259599 0.558944
vn 0.787522 0.259596 0.558944
vn 0.826370 0.007088 0.563082
vn 0.826370 0.007097 0.563082
vn 0.672547 0.487780 0.556553
vn 0.672551 0.487775 0.556553
vn 0.492729 0.669291 0.556118
vn 0.492716 0.669301 0.556118
vn 0.265613 0.786345 0.557774
vn 0.265604 0.786348 0.557774
vn 0.013459 0.827491 0.561318
vn -0.239040 0.788740 0.566348
vn -0.239047 0.788737 0.566348
vn -0.467184 0.673845 0.572426
vn -0.467183 0.673846 0.572426
vn -0.648615 0.494076 0.578954
vn -0.648624 0.494063 0.578954
vn -0.765594 0.267010 0.585296
vn -0.806655 0.014888 0.590835
vn -0.767829 -0.237605 0.594964
vn -0.767828 -0.237610 0.594964
vn -0.652901 -0.465775 0.597305
vn -0.652896 -0.465784 0.597305
vn -0.473057 -0.647283 0.597697
vn -0.473067 -0.647276 0.597697
vn -0.245953 -0.764323 0.596086
vn -0.245936 -0.764328 0.596086
vn 0.006199 -0.805489 0.592578
vn 0.258692 -0.766739 0.587529
vn 0.258693 -0.766739 0.587529
vn 0.486832 -0.651841 0.581462
vn 0.486811 -0.651856 0.581463
vn 0.668263 -0.472077 0.574950
vn 0.668265 -0.472074 0.574950
vn 0.785269 -0.245020 0.568611
vn 0.785267 -0.245025 0.568611
vn 0.017025 0.019049 0.999674
vn 0.017027 0.019045 0.999674
vn 0.017025 0.019048 0.999674
vn 0.017025 0.019046 0.999674
vn 0.017024 0.019048 0.999674
vn 0.017025 0.019047 0.999674
vn 0.017026 0.019047 0.999674
vn 0.017026 0.019048 0.999674
vn 0.017026 0.019046 0.999674
vn 0.017026 0.019050 0.999674
vn 0.017026 0.019049 0.999674
vn 0.017027 0.019048 0.999674
vn 0.017022 0.019049 0.999674
vn 0.017025 0.019049 0.999674
vn 0.017024 0.019047 0.999674
vn 0.017024 0.019050 0.999674
vn 0.952280 0.304433 -0.021980
vn 0.811515 0.583803 -0.024862
vn 0.811500 0.583824 -0.024863
vn 0.952286 0.304416 -0.021979
vn 0.591301 0.806053 -0.025328
vn 0.591289 0.806062 -0.025328
vn 0.313194 0.949403 -0.023298
vn 0.313202 0.949401 -0.023298
vn 0.004456 0.999809 -0.019011
vn 0.004442 0.999809 -0.019011
vn -0.304738 0.952349 -0.012915
vn -0.304734 0.952350 -0.012915
vn -0.584096 0.811666 -0.005495
vn -0.584094 0.811668 -0.005495
vn -0.806274 0.591537 0.002465
vn -0.806286 0.591520 0.002466
vn -0.949539 0.313483 0.010155
vn -0.949535 0.313497 0.010155
vn -0.999846 0.004773 0.016873
vn -0.952292 -0.304397 0.021969
vn -0.952279 -0.304437 0.021970
vn -0.811503 -0.583816 0.024934
vn -0.811506 -0.583812 0.024934
vn -0.591293 -0.806056 0.025416
vn -0.313189 -0.949403 0.023368
vn -0.313214 -0.949395 0.023368
vn -0.004441 -0.999808 0.019086
vn -0.004456 -0.999808 0.019086
vn 0.304742 -0.952347 0.012949
vn 0.304735 -0.952349 0.012949
vn 0.584085 -0.811674 0.005507
vn 0.584107 -0.811658 0.005507
vn 0.806293 -0.591512 -0.002430
vn 0.806269 -0.591544 -0.002429
vn 0.949533 -0.313504 -0.010141
vn 0.949538 -0.313487 -0.010141
vn 0.999846 -0.004789 -0.016906
vn 0.999846 -0.004760 -0.016906
vn 0.767826 0.237607 -0.594967
vn 0.767831 0.237592 -0.594967
vn 0.806695 -0.014904 -0.590781
vn 0.806695 -0.014887 -0.590781
vn 0.652864 0.465761 -0.597357
vn 0.652865 0.465760 -0.597357
vn 0.473042 0.647269 -0.597724
vn 0.473049 0.647264 -0.597724
vn 0.245944 0.764325 -0.596087
vn 0.245950 0.764323 -0.596087
vn -0.006179 0.805472 -0.592602
vn -0.006204 0.805472 -0.592602
vn -0.258686 0.766737 -0.587533
vn -0.258695 0.766734 -0.587533
vn -0.486840 0.651871 -0.581421
vn -0.486844 0.651868 -0.581421
vn -0.668283 0.472094 -0.574913
vn -0.668288 0.472087 -0.574913
vn -0.785276 0.245034 -0.568595
vn -0.785277 0.245029 -0.568595
vn -0.826369 -0.007092 -0.563084
vn -0.826369 -0.007101 -0.563084
vn -0.787523 -0.259616 -0.558934
vn -0.787529 -0.259596 -0.558934
vn -0.672536 -0.487763 -0.556581
vn -0.672541 -0.487756 -0.556581
vn -0.492679 -0.669246 -0.556217
vn -0.492704 -0.669228 -0.556217
vn -0.265585 -0.786320 -0.557823
vn -0.265608 -0.786312 -0.557822
vn -0.013458 -0.827496 -0.561310
vn 0.239043 -0.788732 -0.566357
vn 0.239033 -0.788735 -0.566357
vn 0.467169 -0.673845 -0.572438
vn 0.467186 -0.673833 -0.572439
vn 0.648640 -0.494070 -0.578931
vn 0.648634 -0.494078 -0.578931
vn 0.765631 -0.267028 -0.585240
vn 0.765639 -0.267003 -0.585241
vn -0.017025 -0.019049 -0.999674
vn -0.017025 -0.019048 -0.999674
vn -0.017025 -0.019048 -0.999674
vn -0.017024 -0.019048 -0.999674
vn -0.017026 -0.019049 -0.999674
vn -0.017026 -0.019048 -0.999674
vn -0.017026 -0.019050 -0.999674
vn -0.017027 -0.019048 -0.999674
vn -0.017026 -0.019045 -0.999674
vn -0.017024 -0.019049 -0.999674
vn -0.017027 -0.019048 -0.999674
vn -0.017026 -0.019047 -0.999674
vn -0.017025 -0.019046 -0.999674
vn 0.811505 0.583819 -0.024808
vn 0.952291 0.304406 -0.021896
vn 0.952282 0.304433 -0.021897
vn 0.811508 0.583814 -0.024808
vn 0.591294 0.806058 -0.025334
vn 0.591290 0.806061 -0.025334
vn 0.313186 0.949404 -0.023366
vn 0.313213 0.949396 -0.023367
vn 0.004449 0.999808 -0.019101
vn -0.304752 0.952343 -0.012965
vn -0.304726 0.952352 -0.012966
vn -0.584100 0.811663 -0.005535
vn -0.584090 0.811670 -0.005536
vn -0.806282 0.591526 0.002450
vn -0.806275 0.591536 0.002450
vn -0.949535 0.313495 0.010196
vn -0.949538 0.313486 0.010196
vn -0.999845 0.004780 0.016970
vn -0.999845 0.004765 0.016971
vn -0.952281 -0.304424 0.022050
vn -0.952286 -0.304411 0.022050
vn -0.811504 -0.583813 0.024980
vn -0.811505 -0.583811 0.024980
vn -0.591282 -0.806062 0.025481
vn -0.591305 -0.806046 0.025481
vn -0.313171 -0.949407 0.023443
vn -0.313226 -0.949389 0.023444
vn -0.004444 -0.999807 0.019118
vn 0.304754 -0.952343 0.012958
vn 0.304726 -0.952352 0.012959
vn 0.584089 -0.811671 0.005533
vn 0.584108 -0.811657 0.005532
vn 0.806278 -0.591532 -0.002469
vn 0.806273 -0.591539 -0.002469
vn 0.949532 -0.313503 -0.010213
vn 0.949537 -0.313490 -0.010213
vn 0.999846 -0.004754 -0.016896
vn 0.999846 -0.004784 -0.016895
vn 0.494343 -0.680880 -0.540395
vn 0.493273 -0.681643 -0.540411
vn 0.678861 -0.494721 -0.542585
vn 0.680054 -0.493015 -0.542644
vn 0.252490 -0.794876 -0.551744
vn 0.252502 -0.794873 -0.551743
vn 0.791846 -0.263417 -0.550992
vn 0.792427 -0.261512 -0.551064
vn 0.830088 -0.015912 -0.557405
vn 0.830099 -0.014719 -0.557422
vn 0.799174 0.227848 -0.556243
vn 0.799172 0.227855 -0.556242
vn 0.704142 0.454190 -0.545798
vn 0.704750 0.453158 -0.545870
vn 0.547418 0.648882 -0.528474
vn 0.548885 0.647517 -0.528628
vn 0.334081 0.792115 -0.510826
vn 0.335948 0.791247 -0.510948
vn 0.079972 0.860947 -0.502370
vn 0.081268 0.860822 -0.502375
vn -0.185286 0.839099 -0.511450
vn -0.185282 0.839101 -0.511450
vn -0.424995 0.726593 -0.539854
vn -0.426045 0.725844 -0.540034
vn -0.607863 0.541469 -0.580788
vn -0.609025 0.539786 -0.581136
vn -0.717668 0.312242 -0.622461
vn -0.718228 0.310343 -0.622765
vn -0.753498 0.066311 -0.654098
vn -0.753500 0.065124 -0.654215
vn -0.721700 -0.176868 -0.669228
vn -0.721700 -0.176871 -0.669228
vn -0.627553 -0.403792 -0.665679
vn -0.628150 -0.402760 -0.665742
vn -0.473239 -0.600058 -0.644961
vn -0.474675 -0.598683 -0.645184
vn -0.263060 -0.745373 -0.612550
vn -0.264909 -0.744484 -0.612835
vn -0.011671 -0.816009 -0.577921
vn -0.012968 -0.815876 -0.578081
vn 0.430689 -0.731498 0.528599
vn 0.429728 -0.732177 0.528441
vn 0.187708 -0.845126 0.500528
vn 0.187703 -0.845127 0.500527
vn 0.616624 -0.544846 0.568259
vn 0.615563 -0.546356 0.567959
vn 0.729037 -0.313602 0.608407
vn 0.728517 -0.315313 0.608145
vn 0.766503 -0.065125 0.638930
vn 0.766496 -0.066211 0.638827
vn 0.734840 0.180764 0.653708
vn 0.590551 0.415504 0.691813
vn 0.601044 0.405241 0.688859
vn 0.388304 0.546244 0.742184
vn 0.393751 0.544662 0.740475
vn 0.208143 0.618200 0.757961
vn 0.206715 0.618885 0.757793
vn 0.031093 0.715808 0.697604
vn 0.024147 0.720357 0.693183
vn -0.216320 0.773864 0.595265
vn -0.233823 0.773555 0.589016
vn -0.497539 0.687498 0.528962
vn -0.496575 0.688179 0.528983
vn -0.686006 0.499180 0.529354
vn -0.684925 0.500703 0.529316
vn -0.801367 0.265999 0.535776
vn -0.800826 0.267728 0.535724
vn -0.841075 0.016052 0.540681
vn -0.841060 0.017141 0.540670
vn -0.810235 -0.230379 0.538929
vn -0.713783 -0.459031 0.528966
vn -0.713227 -0.459965 0.528905
vn -0.554559 -0.655162 0.513056
vn -0.553226 -0.656387 0.512931
vn -0.338202 -0.798924 0.497333
vn -0.336506 -0.799698 0.497239
vn -0.080871 -0.867623 0.490602
vn -0.079695 -0.867731 0.490604
vn 0.063046 0.041493 -0.997148
vn 0.063043 0.041497 -0.997148
vn 0.063036 0.041482 -0.997149
vn 0.063031 0.041469 -0.997150
vn 0.063028 0.041483 -0.997149
vn 0.063035 0.041489 -0.997149
vn 0.063038 0.041472 -0.997149
vn 0.063038 0.041474 -0.997149
vn 0.063023 0.041478 -0.997150
vn 0.063021 0.041484 -0.997150
vn 0.063046 0.041486 -0.997148
vn 0.063052 0.041486 -0.997148
vn 0.063037 0.041470 -0.997149
vn 0.063034 0.041478 -0.997149
vn 0.063043 0.041483 -0.997148
vn 0.063035 0.041486 -0.997149
vn 0.063043 0.041487 -0.997148
vn 0.063046 0.041474 -0.997149
vn 0.063034 0.041483 -0.997149
vn 0.063024 0.041484 -0.997149
vn 0.063022 0.041486 -0.997150
vn -0.072595 -0.026878 0.996999
vn -0.076750 -0.030533 0.996583
vn -0.061228 -0.036706 0.997449
vn -0.079581 -0.035265 0.996204
vn -0.080779 -0.040603 0.995905
vn -0.080228 -0.046054 0.995712
vn -0.092444 -0.029031 0.995295
vn -0.086555 -0.022793 0.995986
vn -0.063044 -0.041487 0.997148
vn -0.031882 -0.042942 0.998569
vn -0.032870 -0.051447 0.998135
vn -0.053455 -0.056065 0.996995
vn -0.049298 -0.052416 0.997408
vn -0.046476 -0.047690 0.997780
vn -0.045274 -0.042342 0.998077
vn -0.045822 -0.036900 0.998268
vn -0.048072 -0.031905 0.998334
vn -0.051794 -0.027860 0.998269
vn -0.056593 -0.025169 0.998080
vn -0.062024 -0.024074 0.997784
vn -0.067542 -0.024664 0.997412
vn -0.668125 0.743964 -0.011283
vn -0.668124 0.743964 -0.011286
vn -0.864528 0.501450 -0.033768
vn -0.864528 0.501450 -0.033767
vn -0.976295 0.209864 -0.052972
vn -0.976294 0.209862 -0.053001
vn -0.976293 0.209862 -0.053001
vn -0.992499 -0.102272 -0.066983
vn -0.992498 -0.102273 -0.066996
vn -0.911549 -0.404393 -0.074464
vn -0.911550 -0.404394 -0.074447
vn -0.741370 -0.666935 -0.074621
vn -0.741370 -0.666936 -0.074614
vn -0.498622 -0.864193 -0.067427
vn -0.498623 -0.864188 -0.067477
vn -0.498623 -0.864189 -0.067477
vn -0.207074 -0.976853 -0.053658
vn -0.207060 -0.976850 -0.053755
vn 0.104754 -0.993894 -0.034673
vn 0.104755 -0.993890 -0.034763
vn 0.406332 -0.913643 -0.012272
vn 0.406331 -0.913643 -0.012323
vn 0.668122 -0.743966 0.011307
vn 0.668127 -0.743961 0.011287
vn 0.864525 -0.501453 0.033777
vn 0.864526 -0.501452 0.033779
vn 0.976293 -0.209867 0.052989
vn 0.976294 -0.209866 0.052973
vn 0.992497 0.102271 0.067011
vn 0.992498 0.102274 0.066992
vn 0.911549 0.404392 0.074465
vn 0.911549 0.404390 0.074476
vn 0.741366 0.666937 0.074643
vn 0.741366 0.666937 0.074636
vn 0.741367 0.666937 0.074636
vn 0.498628 0.864182 0.067520
vn 0.498626 0.864190 0.067434
vn 0.207069 0.976850 0.053718
vn 0.207064 0.976852 0.053704
vn -0.104759 0.993892 0.034696
vn -0.104759 0.993891 0.034720
vn -0.406328 0.913645 0.012288
vn -0.406329 0.913644 0.012303
vn 0.748263 -0.575347 -0.330270
vn 0.748262 -0.575348 -0.330270
vn 0.894246 -0.322334 -0.310522
vn 0.894243 -0.322342 -0.310523
vn 0.531223 -0.770605 -0.352094
vn 0.531212 -0.770612 -0.352095
vn 0.264341 -0.889008 -0.373884
vn 0.264348 -0.889006 -0.373884
vn 0.703820 -0.604605 0.372949
vn 0.703819 -0.604606 0.372949
vn 0.849800 -0.351594 0.392710
vn 0.486766 -0.799865 0.351106
vn 0.486767 -0.799864 0.351106
vn 0.219887 -0.918261 0.329313
vn 0.219888 -0.918260 0.329313
vn 0.954873 -0.036339 -0.294782
vn 0.954873 -0.036337 -0.294782
vn 0.910424 -0.065593 0.408444
vn 0.910424 -0.065594 0.408444
vn 0.924206 0.254649 -0.284601
vn 0.924203 0.254658 -0.284601
vn 0.879753 0.225391 0.418609
vn 0.805244 0.522129 -0.281005
vn 0.805243 0.522131 -0.281005
vn 0.760789 0.492877 0.422223
vn 0.760788 0.492878 0.422223
vn 0.609633 0.739930 -0.284342
vn 0.609636 0.739928 -0.284342
vn 0.565184 0.710679 0.418930
vn 0.565186 0.710678 0.418930
vn 0.356521 0.886747 -0.294233
vn 0.356526 0.886745 -0.294233
vn 0.312066 0.857498 0.409038
vn 0.070682 0.948204 -0.309698
vn 0.070679 0.948204 -0.309698
vn 0.026218 0.918939 0.393528
vn -0.219885 0.918271 -0.329286
vn -0.219891 0.918269 -0.329286
vn -0.264337 0.888991 0.373927
vn -0.486752 0.799868 -0.351119
vn -0.486750 0.799869 -0.351119
vn -0.531214 0.770604 0.352109
vn -0.531215 0.770604 0.352109
vn -0.703795 0.604597 -0.373008
vn -0.703790 0.604603 -0.373008
vn -0.748274 0.575350 0.330239
vn -0.748273 0.575351 0.330240
vn -0.849777 0.351584 -0.392770
vn -0.894258 0.322337 0.310484
vn -0.894258 0.322339 0.310484
vn -0.910404 0.065592 -0.408488
vn -0.910404 0.065582 -0.408489
vn -0.954880 0.036338 0.294762
vn -0.954879 0.036340 0.294762
vn -0.879740 -0.225391 -0.418635
vn -0.879739 -0.225397 -0.418636
vn -0.924209 -0.254645 0.284595
vn -0.924208 -0.254647 0.284595
vn -0.760783 -0.492888 -0.422220
vn -0.760786 -0.492884 -0.422220
vn -0.805245 -0.522134 0.280992
vn -0.805246 -0.522133 0.280992
vn -0.565183 -0.710691 -0.418912
vn -0.565187 -0.710687 -0.418912
vn -0.609632 -0.739944 0.284308
vn -0.609633 -0.739944 0.284308
vn -0.312077 -0.857497 -0.409031
vn -0.312073 -0.857499 -0.409031
vn -0.356527 -0.886756 0.294198
vn -0.356525 -0.886757 0.294198
vn -0.026230 -0.918944 -0.393514
vn -0.026239 -0.918944 -0.393515
vn -0.070693 -0.948202 0.309702
vn 0.543917 -0.839139 -0.000521
vn 0.775879 -0.630469 0.022826
vn 0.543921 -0.839136 -0.000520
vn 0.931884 -0.360085 0.043935
vn 0.931883 -0.360089 0.043935
vn 0.996666 -0.054467 0.060741
vn 0.996666 -0.054466 0.060741
vn 0.963893 0.256484 0.071604
vn 0.963891 0.256490 0.071604
vn 0.836762 0.542342 0.075460
vn 0.627725 0.775105 0.071922
vn 0.627730 0.775101 0.071922
vn 0.357243 0.931995 0.061341
vn 0.357244 0.931994 0.061341
vn 0.051785 0.997654 0.044763
vn 0.051781 0.997655 0.044762
vn -0.258728 0.965657 0.023802
vn -0.258730 0.965656 0.023802
vn -0.543927 0.839132 0.000517
vn -0.543925 0.839134 0.000517
vn -0.775882 0.630465 -0.022818
vn -0.775878 0.630470 -0.022818
vn -0.931881 0.360094 -0.043927
vn -0.931882 0.360093 -0.043928
vn -0.996666 0.054474 -0.060737
vn -0.996666 0.054470 -0.060737
vn -0.963892 -0.256486 -0.071602
vn -0.963891 -0.256492 -0.071602
vn -0.836763 -0.542341 -0.075461
vn -0.836762 -0.542342 -0.075461
vn -0.627722 -0.775107 -0.071932
vn -0.627725 -0.775104 -0.071932
vn -0.357241 -0.931995 -0.061358
vn -0.357239 -0.931995 -0.061358
vn -0.051788 -0.997654 -0.044777
vn -0.051790 -0.997654 -0.044777
vn 0.258728 -0.965657 -0.023815
vn 0.258727 -0.965657 -0.023815
vn -0.060993 0.229288 -0.971446
vn -0.113202 0.182319 -0.976701
vn -0.113201 0.182320 -0.976701
vn -0.060991 0.229289 -0.971446
vn -0.236054 0.101488 0.966426
vn -0.183839 0.148443 0.971683
vn -0.148329 0.121467 -0.981450
vn -0.148329 0.121466 -0.981450
vn -0.271178 0.040636 0.961671
vn -0.271177 0.040637 0.961671
vn -0.162890 0.052680 -0.985237
vn -0.285760 -0.028160 0.957887
vn -0.285760 -0.028157 0.957887
vn -0.155478 -0.017297 -0.987688
vn -0.155478 -0.017296 -0.987688
vn -0.278373 -0.098150 0.955445
vn -0.126830 -0.081589 -0.988563
vn -0.126830 -0.081587 -0.988563
vn -0.249759 -0.162490 0.954577
vn -0.079766 -0.133916 -0.987777
vn -0.079767 -0.133915 -0.987777
vn -0.202704 -0.214870 0.955375
vn -0.202705 -0.214870 0.955375
vn -0.018935 -0.169240 -0.985393
vn -0.018934 -0.169240 -0.985393
vn -0.141814 -0.250154 0.957764
vn -0.141811 -0.250155 0.957764
vn 0.049765 -0.184095 -0.981648
vn 0.049766 -0.184095 -0.981648
vn -0.073071 -0.264947 0.961490
vn -0.073069 -0.264947 0.961491
vn 0.119629 -0.176871 -0.976937
vn -0.003185 -0.257770 0.966201
vn -0.003184 -0.257770 0.966201
vn 0.183763 -0.148326 -0.971715
vn 0.183764 -0.148326 -0.971715
vn 0.061007 -0.229291 0.971444
vn 0.235943 -0.101394 -0.966463
vn 0.235942 -0.101395 -0.966463
vn 0.113213 -0.182322 0.976699
vn 0.271099 -0.040601 -0.961695
vn 0.271099 -0.040602 -0.961695
vn 0.148322 -0.121466 0.981451
vn 0.148322 -0.121468 0.981451
vn 0.285713 0.028162 -0.957901
vn 0.285713 0.028160 -0.957901
vn 0.162896 -0.052678 0.985236
vn 0.278331 0.098135 -0.955459
vn 0.278330 0.098138 -0.955459
vn 0.155528 0.017315 0.987680
vn 0.249735 0.162487 -0.954584
vn 0.126932 0.081661 0.988544
vn 0.126934 0.081658 0.988544
vn 0.202707 0.214876 -0.955373
vn 0.202704 0.214878 -0.955374
vn 0.079880 0.134056 0.987749
vn 0.141822 0.250142 -0.957766
vn 0.018991 0.169358 0.985372
vn 0.073063 0.264915 -0.961500
vn 0.073061 0.264915 -0.961500
vn -0.049762 0.184118 0.981644
vn 0.003176 0.257753 -0.966206
vn 0.003174 0.257752 -0.966206
vn -0.119649 0.176913 0.976927
vn -0.141900 -0.113621 0.983339
vn -0.781849 -0.622089 0.041439
vn 0.376594 -0.924917 0.052018
vn 0.016234 -0.039872 0.999073
vn -0.115292 -0.015068 0.993217
vn -0.936676 -0.345901 0.054680
vn 0.385764 -0.921140 0.051836
vn 0.021699 -0.051785 0.998422
vn -0.525494 0.849318 0.050140
vn -0.524492 0.849922 -0.050409
vn -0.936771 -0.345618 -0.054852
vn 0.009831 0.073887 0.997218
vn 0.147399 0.987855 0.049156
vn -0.005085 0.036355 0.999326
vn -0.167675 0.983334 0.070279
vn -0.115881 -0.015225 -0.993146
vn -0.143851 -0.114312 -0.982975
vn -0.781807 -0.622140 -0.041467
vn 0.147399 0.987855 -0.049156
vn 0.009831 0.073887 -0.997218
vn -0.167675 0.983334 -0.070279
vn -0.005085 0.036355 -0.999326
vn 0.016234 -0.039872 -0.999073
vn 0.376594 -0.924917 -0.052018
vn 0.021699 -0.051785 -0.998422
vn 0.385764 -0.921140 -0.051836
vn 0.991655 0.120338 0.046249
vn 0.163898 0.019536 0.986284
vn 0.016842 -0.041364 0.999002
vn 0.376600 -0.924937 0.051615
vn 0.911717 0.407954 0.048427
vn 0.135321 0.096969 0.986045
vn -0.278175 0.959476 0.044994
vn -0.821101 0.568535 0.050603
vn -0.056822 0.039160 0.997616
vn 0.911628 0.408135 -0.048581
vn -0.278948 0.959244 -0.045153
vn 0.135691 0.097193 -0.985972
vn -0.056822 0.039160 -0.997616
vn -0.821101 0.568535 -0.050603
vn 0.991657 0.120315 -0.046263
vn 0.164807 0.019954 -0.986124
vn 0.376600 -0.924937 -0.051615
vn 0.016842 -0.041364 -0.999002
vn 0.385918 -0.920866 0.055436
vn 0.018316 -0.043731 0.998875
vn -0.026206 0.036978 0.998972
vn -0.574998 0.815427 0.066751
vn -0.574998 0.815427 -0.066751
vn -0.026206 0.036978 -0.998972
vn 0.018316 -0.043731 -0.998875
vn 0.385918 -0.920866 -0.055436
vn -0.966649 -0.255526 -0.017234
vn -0.957290 -0.285276 -0.047053
vn -0.956909 -0.286449 -0.047666
vn -0.947004 -0.320772 -0.016991
vn -0.948286 -0.317030 -0.015673
vn -0.957238 -0.286700 0.038723
vn -0.957981 -0.284831 0.033830
vn -0.965860 -0.258561 -0.016124
vn 0.985693 -0.148795 -0.079181
vn 0.119497 -0.033093 -0.992283
vn 0.065575 0.028563 -0.997439
vn 0.954548 0.276714 -0.110761
vn -0.195746 0.979615 -0.045145
vn -0.150693 0.985374 0.079557
vn 0.794800 0.229518 0.561796
vn 0.877741 0.206053 0.432565
vn 0.997193 -0.066271 -0.034852
vn -0.336688 0.940923 -0.036123
vn -0.039951 0.003393 -0.999196
vn -0.019732 -0.036295 -0.999146
vn 0.296864 -0.954422 -0.030832
vn 0.294991 -0.955117 0.027055
vn -0.019972 -0.015480 0.999681
vn -0.042876 0.023388 0.998807
vn -0.339629 0.940440 0.014992
vn 0.999458 0.032087 -0.007348
vn 0.553653 -0.832447 0.022367
vn 0.562062 -0.826185 0.038793
vn 0.999386 0.032908 0.012026
vn 0.863547 0.243043 -0.441834
vn 0.106750 -0.019959 -0.994085
vn 0.177785 0.040568 0.983233
vn 0.880238 0.259161 0.397512
vn 0.853929 0.283168 -0.436601
vn 0.098217 0.047892 -0.994012
vn 0.815456 0.578632 -0.014745
vn -0.210353 0.977060 -0.033237
vn 0.816279 0.577611 0.007404
vn -0.204104 0.976808 0.064709
vn 0.871450 0.295557 0.391434
vn 0.176621 0.064410 0.982169
vn 0.954882 0.296985 -0.000661
vn 0.954886 0.296971 -0.000667
vn 0.954887 0.296969 -0.000609
vn 0.954883 0.296982 -0.000612
vn 0.934741 0.355318 0.002720
vn -0.318790 0.947659 0.017784
vn -0.005674 0.028623 0.999574
vn 0.935852 0.302056 0.181501
vn 0.934840 0.355029 -0.005286
vn -0.318637 0.947088 -0.038672
vn 0.941752 0.298826 -0.154293
vn -0.000698 0.008278 -0.999965
vn 0.009223 -0.012685 0.999877
vn 0.944464 0.286006 0.161828
vn 0.313788 -0.949203 0.023487
vn 0.971365 0.237555 0.004234
vn 0.313084 -0.949367 -0.026105
vn 0.971290 0.237861 -0.004250
vn 0.014012 -0.034232 -0.999316
vn 0.948700 0.285526 -0.135803
vn -0.955195 -0.295972 0.001464
vn -0.954829 -0.297156 0.000867
vn -0.954672 -0.297656 0.001330
vn -0.954598 -0.297898 -0.000167
vn 0.269360 -0.484292 0.832410
vn -0.102237 0.505982 0.856463
vn -0.269360 0.484292 0.832410
vn 0.102237 -0.505982 0.856463
vn -0.503564 -0.859362 0.088993
vn -0.977254 0.191900 0.090273
vn -0.977254 0.191900 -0.090273
vn -0.503564 -0.859362 -0.088993
vn 0.102237 -0.505982 -0.856463
vn -0.269360 0.484292 -0.832410
vn -0.102237 0.505982 -0.856463
vn 0.269360 -0.484292 -0.832410
vn 0.977254 -0.191900 -0.090273
vn 0.503564 0.859362 -0.088993
vn 0.503564 0.859362 0.088993
vn 0.977254 -0.191900 0.090273
vn -0.436899 -0.604150 -0.666425
vn -0.000000 -0.690410 -0.723418
vn 0.000000 -0.995467 0.095106
vn -0.658994 -0.748739 0.071537
vn 0.436904 -0.604148 -0.666423
vn 0.658998 -0.748735 0.071537
vn 0.436903 -0.467030 0.768764
vn 0.000000 -0.540947 0.841057
vn -0.436898 -0.467032 0.768766
vn 0.000000 0.095102 0.995467
vn -0.566438 0.078376 0.820369
vn 0.566443 0.078376 0.820366
vn 0.436904 0.604159 0.666413
vn 0.000000 0.690424 0.723405
vn -0.436899 0.604161 0.666415
vn 0.000000 0.995468 -0.095099
vn -0.658990 0.748743 -0.071532
vn 0.658994 0.748739 -0.071532
vn 0.436896 0.467039 -0.768763
vn 0.000000 0.540945 -0.841058
vn -0.436891 0.467040 -0.768765
vn -0.000000 -0.095100 -0.995468
vn -0.566437 -0.078377 -0.820369
vn 0.566442 -0.078377 -0.820366
vn 1.000000 0.000000 -0.000002
vn -1.000000 0.000000 -0.000002
vn -0.416461 -0.581931 -0.698510
vn -0.000000 -0.659056 -0.752094
vn -0.658994 -0.748739 0.071538
vn 0.416465 -0.581930 -0.698509
vn 0.416464 -0.439138 0.796062
vn 0.000000 -0.504730 0.863277
vn -0.416460 -0.439140 0.796064
vn -0.532523 0.080498 0.842579
vn 0.532528 0.080498 0.842576
vn 0.416466 0.581941 0.698499
vn 0.000000 0.659069 0.752082
vn -0.416461 0.581942 0.698501
vn 0.000000 0.995468 -0.095098
vn 0.416458 0.439147 -0.796061
vn 0.000000 0.504728 -0.863279
vn -0.416453 0.439148 -0.796063
vn -0.532523 -0.080499 -0.842579
vn 0.532527 -0.080499 -0.842576

# Mesh
g Base UV1
usemtl aiStandardSurface1SG
f 2/2/1 3/3/1 4/4/1 1/1/1
f 5/5/2 6/6/3 7/7/4 8/8/5
f 9/9/6 10/10/7 6/6/3 5/5/2
f 11/11/8 12/12/9 10/10/7 9/9/6
f 14/14/11 8/8/5 7/7/4 13/13/10
f 16/16/13 12/12/9 11/11/8 15/15/12
f 17/17/14 18/18/15 14/14/11 13/13/10
f 19/19/16 20/20/17 18/18/15 17/17/14
f 16/16/13 15/15/12 20/20/17 19/19/16
f 10/23/7 22/24/19 21/21/18 6/22/3
f 24/27/21 19/28/16 17/25/14 23/26/20
f 26/30/23 25/29/22 12/12/9 16/16/13
f 28/34/25 27/31/24 13/32/10 7/33/4
f 15/15/12 11/11/8 9/9/6 20/20/17
f 6/22/3 21/21/18 28/34/25 7/33/4
f 12/12/9 25/29/22 22/24/19 10/23/7
f 23/26/20 17/25/14 13/36/10 27/35/24
f 26/30/23 16/16/13 19/28/16 24/27/21
f 30/38/26 2/2/26 1/1/26 29/37/26
f 31/39/27 32/40/27 2/2/27 30/38/27
f 33/41/28 34/42/29 32/40/28 31/39/28
f 33/41/30 35/43/30 36/44/30 34/42/30
f 36/44/31 35/43/31 37/45/31 38/46/31
f 38/46/32 37/45/32 39/47/32 3/3/32
f 3/3/33 39/47/33 40/48/33 4/4/33
f 1/1/34 4/4/34 40/48/34 29/37/34
f 22/50/35 31/39/35 30/38/35 21/49/35
f 37/45/36 24/51/36 23/52/36 39/47/36
f 25/29/37 26/30/37 35/43/37 33/41/37
f 29/37/38 40/48/38 27/53/38 28/54/38
f 21/49/40 30/38/39 29/37/40 28/54/40
f 25/29/41 33/41/41 31/39/41 22/50/42
f 39/47/44 23/52/43 27/53/44 40/48/43
f 35/43/45 26/30/46 24/51/46 37/45/45
f 34/42/1 36/44/1 38/46/1 32/40/1
f 32/40/1 38/46/1 3/3/1 2/2/1
f 18/18/15 5/5/2 8/8/5 14/14/11
f 20/20/17 9/9/6 5/5/2 18/18/15

# Mesh
g textureEditorIsolateSelectSet UV1 soporte_de_rueda
usemtl aiStandardSurface1SG
f 41/55/47 42/56/47 43/57/47 44/58/47 45/59/47 46/60/47
f 47/61/48 48/62/48 49/63/49 50/64/49
f 51/67/52 52/68/53 44/65/50 43/66/51
f 53/69/54 54/70/54 52/68/53 51/67/52
f 55/71/56 56/72/57 54/70/55 53/69/55
f 57/73/58 58/74/58 59/75/59 60/76/60
f 63/79/62 64/80/63 61/77/61 62/78/61
f 65/81/64 66/82/65 64/80/63 63/79/62
f 67/85/67 68/86/68 46/83/66 45/84/66
f 69/87/69 70/88/69 68/86/68 67/85/67
f 71/89/71 72/90/72 70/88/70 69/87/70
f 73/91/73 74/92/73 75/93/74 76/94/75
f 77/95/76 78/96/77 79/97/78 80/98/79
f 80/98/79 79/97/78 81/99/80 82/100/80
f 68/104/84 83/101/81 41/102/82 46/103/83
f 70/105/85 72/106/86 83/101/81 68/104/84
f 73/107/87 76/108/88 84/109/89 85/110/90
f 85/110/90 84/109/89 47/111/91 50/112/92
f 86/114/94 51/115/95 43/116/96 42/113/93
f 55/117/97 53/118/98 51/115/95 86/114/94
f 59/122/102 58/119/99 87/120/100 88/121/101
f 88/121/101 87/120/100 49/124/104 48/123/103
f 52/68/106 67/85/107 45/84/105 44/65/105
f 54/70/108 69/87/108 67/85/107 52/68/106
f 56/72/110 71/89/111 69/87/109 54/70/109
f 74/92/115 57/73/112 60/76/113 75/93/114
f 78/96/116 65/81/116 63/79/117 79/97/118
f 79/97/118 63/79/117 62/78/119 81/99/119
f 64/125/120 88/121/101 48/123/103 61/126/121
f 66/127/122 59/122/102 88/121/101 64/125/120
f 60/76/60 59/75/59 66/82/65 65/81/64
f 75/93/114 60/76/113 65/81/123 78/96/123
f 76/94/75 75/93/74 78/96/77 77/95/76
f 76/108/88 77/128/124 80/129/125 84/109/89
f 84/109/89 80/129/125 82/130/126 47/111/91
f 81/99/127 62/78/127 61/77/127 48/62/48 47/61/48 82/100/127
f 87/120/100 86/114/94 42/113/93 49/124/104
f 58/119/99 55/117/97 86/114/94 87/120/100
f 56/72/57 55/71/56 58/74/128 57/73/128
f 71/89/111 56/72/110 57/73/129 74/92/129
f 72/90/72 71/89/71 74/92/130 73/91/130
f 72/106/86 73/107/87 85/110/90 83/101/81
f 83/101/81 85/110/90 50/112/92 41/102/82
f 42/56/47 41/55/47 50/64/49 49/63/49
f 94/136/47 89/131/47 90/132/47 91/133/47 92/134/47 93/135/47
f 98/140/48 95/137/48 96/138/49 97/139/49
f 99/142/132 100/143/133 93/144/131 92/141/131
f 101/145/134 102/146/134 100/143/133 99/142/132
f 103/147/136 104/148/137 102/146/135 101/145/135
f 108/152/138 105/149/138 106/150/139 107/151/140
f 110/154/142 111/155/143 112/156/141 109/153/141
f 113/157/144 114/158/145 111/155/143 110/154/142
f 115/160/147 116/161/148 91/162/146 90/159/146
f 117/163/149 118/164/149 116/161/148 115/160/147
f 119/165/151 120/166/152 118/164/150 117/163/150
f 124/170/153 121/167/153 122/168/154 123/169/155
f 128/174/159 125/171/156 126/172/157 127/173/158
f 127/173/158 126/172/157 129/175/160 130/176/161
f 131/177/162 115/178/163 90/179/164 89/180/165
f 119/181/166 117/182/167 115/178/163 131/177/162
f 122/186/171 121/183/168 132/184/169 133/185/170
f 133/185/170 132/184/169 96/187/172 95/188/173
f 100/191/176 134/192/177 94/189/174 93/190/175
f 102/193/178 104/194/179 134/192/177 100/191/176
f 108/195/180 107/196/181 135/197/182 136/198/183
f 136/198/183 135/197/182 98/199/184 97/200/185
f 116/161/187 99/142/188 92/141/186 91/162/186
f 118/164/189 101/145/189 99/142/188 116/161/187
f 120/166/191 103/147/192 101/145/190 118/164/190
f 105/149/193 124/170/193 123/169/194 106/150/195
f 114/158/196 128/174/196 127/173/197 111/155/198
f 111/155/198 127/173/197 130/176/199 112/156/199
f 135/197/182 110/201/200 109/202/185 98/199/184
f 107/196/181 113/203/201 110/201/200 135/197/182
f 107/151/140 106/150/139 114/158/145 113/157/144
f 106/150/195 123/169/194 128/174/202 114/158/202
f 123/169/155 122/168/154 125/171/156 128/174/159
f 125/205/204 122/186/171 133/185/170 126/204/203
f 126/204/203 133/185/170 95/188/173 129/206/205
f 112/156/127 130/176/127 129/175/127 95/137/48 98/140/48 109/153/127
f 134/192/177 136/198/183 97/200/185 94/189/174
f 104/194/179 108/195/180 136/198/183 134/192/177
f 104/148/137 103/147/136 105/149/206 108/152/206
f 103/147/192 120/166/191 124/170/207 105/149/207
f 120/166/152 119/165/151 121/167/208 124/170/208
f 121/183/168 119/181/166 131/177/162 132/184/169
f 132/184/169 131/177/162 89/180/165 96/187/172
f 89/131/47 94/136/47 97/139/49 96/138/49

# Mesh
g UV1 fogata
usemtl aiStandardSurface1SG
f 140/210/212 141/211/213 142/212/214 137/207/209 138/208/210 139/209/211
f 148/218/220 149/219/221 143/213/215 144/214/216 145/215/217 146/216/218 147/217/219
f 150/221/222 151/222/223 152/223/224 149/220/221
f 138/224/210 137/225/209 153/226/225
f 154/227/226 155/228/227 156/229/228
f 157/230/229 144/231/216 143/232/215
f 149/220/221 148/233/220 150/221/222
f 159/236/231 160/237/230 158/234/230 141/235/213
f 162/239/232 163/240/233 164/241/230 161/238/230
f 165/242/230 146/243/218 145/244/217 166/245/234
f 151/222/223 150/221/222 167/246/235 168/247/236
f 169/248/237 170/249/238 171/250/239 153/226/225
f 137/225/209 172/251/240 169/248/237 153/226/225
f 154/255/226 173/252/241 174/253/242 155/254/227
f 142/258/214 175/259/230 172/256/240 137/257/209
f 158/234/230 176/260/230 177/261/230 175/259/230
f 179/263/244 173/252/241 154/255/226 178/262/243
f 180/264/244 181/265/241 173/252/241 179/263/244
f 172/251/240 182/266/245 183/267/237 169/248/237
f 185/269/247 144/231/216 157/230/229 184/268/246
f 182/266/245 185/269/247 184/268/246 183/267/237
f 173/252/241 181/265/241 162/270/232 174/253/242
f 167/246/235 150/221/222 148/233/220 163/271/233
f 181/265/241 167/246/235 163/271/233 162/270/232
f 163/240/233 148/272/220 147/273/219 164/241/230
f 161/238/230 164/241/230 165/242/230 176/260/230
f 177/261/230 166/245/234 185/274/247 182/275/245
f 176/260/230 165/242/230 166/245/234 177/261/230
f 168/247/236 167/246/235 181/265/241 180/264/244
f 183/267/237 186/276/248 170/249/238 169/248/237
f 157/230/229 187/277/249 188/278/250 184/268/246
f 155/279/227 189/280/251 190/281/252 191/282/253 159/236/231
f 155/279/227 174/283/242 192/284/254 193/285/255 189/280/251
f 192/284/254 174/283/242 160/237/230 194/286/256 195/287/257
f 191/282/253 196/288/258 194/286/256 160/237/230 159/236/231
f 141/235/213 197/289/259 198/290/260 199/291/261 142/258/214
f 141/235/213 158/234/230 200/292/262 201/293/263 197/289/259
f 200/292/262 158/234/230 175/259/230 202/294/264 203/295/265
f 199/291/261 204/296/266 202/294/264 175/259/230 142/258/214
f 207/300/269 145/244/217 144/297/216 205/298/267 206/299/268
f 208/301/270 209/302/271 205/298/267 144/297/216 185/274/247
f 166/245/234 210/303/272 211/304/273 208/301/270 185/274/247
f 166/245/234 145/244/217 207/300/269 212/305/274 210/303/272
f 215/308/277 147/273/219 146/243/218 213/306/275 214/307/276
f 216/309/278 217/310/279 213/306/275 146/243/218 165/242/230
f 164/241/230 218/311/280 219/312/281 216/309/278 165/242/230
f 164/241/230 147/273/219 215/308/277 220/313/282 218/311/280
f 223/316/285 177/261/230 182/275/245 221/314/283 222/315/284
f 224/317/286 225/318/287 221/314/283 182/275/245 172/256/240
f 175/259/230 226/319/288 227/320/289 224/317/286 172/256/240
f 175/259/230 177/261/230 223/316/285 228/321/290 226/319/288
f 231/324/293 161/238/230 176/260/230 229/322/291 230/323/292
f 233/326/295 229/322/291 176/260/230 158/234/230 232/325/294
f 160/237/230 234/327/296 235/328/297 232/325/294 158/234/230
f 160/237/230 161/238/230 231/324/293 236/329/298 234/327/296
f 184/268/246 188/278/250 186/276/248 183/267/237
f 143/232/215 237/330/299 187/277/249 157/230/229
f 178/262/243 154/255/226 156/331/228 238/332/300
f 238/332/300 156/331/228 239/333/301 240/334/302
f 241/335/303 138/224/210 153/226/225 171/250/239
f 242/336/304 139/337/211 138/224/210 241/335/303
f 174/283/242 162/239/232 161/238/230 160/237/230
f 244/339/306 245/340/307 246/341/308 243/338/305
f 248/343/310 249/344/311 250/345/312 251/346/313 252/347/314 253/348/315 247/342/309
f 255/351/317 256/352/318 248/349/310 254/350/316
f 246/353/308 257/354/319 243/355/305
f 258/356/320 259/357/321 260/358/322
f 261/359/323 247/360/309 253/361/315
f 248/349/310 256/352/318 249/362/311
f 263/364/324 264/365/325 265/366/326 262/363/324
f 268/369/327 269/370/327 266/367/324 267/368/324
f 251/346/313 270/371/324 271/372/328 252/347/314
f 256/352/318 255/351/317 273/374/330 272/373/329
f 276/377/333 274/375/331 257/354/319 275/376/332
f 277/378/334 243/355/305 257/354/319 274/375/331
f 278/379/329 258/380/320 260/381/322 279/382/335
f 280/384/324 244/339/306 243/338/305 277/383/334
f 282/386/324 262/363/324 280/384/324 281/385/324
f 278/379/329 283/387/336 284/388/337 258/380/320
f 285/389/329 286/390/336 283/387/336 278/379/329
f 288/392/339 277/378/334 274/375/331 287/391/338
f 253/361/315 290/394/341 289/393/340 261/359/323
f 290/394/341 288/392/339 287/391/338 289/393/340
f 285/389/329 278/379/329 279/382/335 269/395/327
f 256/352/318 272/373/329 268/396/327 249/362/311
f 272/373/329 285/389/329 269/395/327 268/396/327
f 249/344/311 268/369/327 267/368/324 250/345/312
f 267/368/324 266/367/324 282/386/324 270/371/324
f 271/372/328 281/385/324 288/398/339 290/397/341
f 270/371/324 282/386/324 281/385/324 271/372/328
f 272/373/329 273/374/330 286/390/336 285/389/329
f 291/399/342 287/391/338 274/375/331 276/377/333
f 292/400/343 293/401/344 261/359/323 289/393/340
f 296/404/347 260/405/322 264/365/325 294/402/345 295/403/346
f 279/408/335 260/405/322 296/404/347 297/406/348 298/407/349
f 279/408/335 298/407/349 299/409/350 300/410/351 263/364/324
f 301/411/352 294/402/345 264/365/325 263/364/324 300/410/351
f 304/414/355 265/366/326 244/339/306 302/412/353 303/413/354
f 262/363/324 265/366/326 304/414/355 305/415/356 306/416/357
f 262/363/324 306/416/357 307/417/358 308/418/359 280/384/324
f 309/419/360 302/412/353 244/339/306 280/384/324 308/418/359
f 252/347/314 310/420/361 311/421/362 312/422/363 253/348/315
f 313/423/364 314/424/365 290/397/341 253/348/315 312/422/363
f 316/426/367 271/372/328 290/397/341 314/424/365 315/425/366
f 252/347/314 271/372/328 316/426/367 317/427/368 310/420/361
f 250/345/312 318/428/369 319/429/370 320/430/371 251/346/313
f 321/431/372 322/432/373 270/371/324 251/346/313 320/430/371
f 324/434/375 267/368/324 270/371/324 322/432/373 323/433/374
f 250/345/312 267/368/324 324/434/375 325/435/376 318/428/369
f 281/385/324 326/436/377 327/437/378 328/438/379 288/398/339
f 329/439/380 330/440/381 277/383/334 288/398/339 328/438/379
f 332/442/383 280/384/324 277/383/334 330/440/381 331/441/382
f 281/385/324 280/384/324 332/442/383 333/443/384 326/436/377
f 266/367/324 334/444/385 335/445/386 336/446/387 282/386/324
f 336/446/387 337/447/388 338/448/389 262/363/324 282/386/324
f 340/450/391 263/364/324 262/363/324 338/448/389 339/449/390
f 266/367/324 263/364/324 340/450/391 341/451/392 334/444/385
f 292/400/343 289/393/340 287/391/338 291/399/342
f 342/452/393 247/360/309 261/359/323 293/401/344
f 258/380/320 284/388/337 343/453/394 259/454/321
f 259/454/321 343/453/394 345/456/396 344/455/395
f 246/353/308 346/457/397 275/376/332 257/354/319
f 245/458/307 347/459/398 346/457/397 246/353/308
f 269/370/327 279/408/335 263/364/324 266/367/324
f 149/219/221 248/460/310 247/461/309 143/213/215
f 152/223/224 151/222/223 255/351/317 254/350/316
f 152/223/224 254/350/316 248/349/310 149/220/221
f 151/222/223 168/247/236 273/374/330 255/351/317
f 276/377/333 275/376/332 171/250/239 170/249/238
f 179/263/244 178/262/243 284/388/337 283/387/336
f 180/264/244 179/263/244 283/387/336 286/390/336
f 168/247/236 180/264/244 286/390/336 273/374/330
f 291/399/342 276/377/333 170/249/238 186/276/248
f 293/401/344 292/400/343 188/278/250 187/277/249
f 189/465/251 296/462/347 295/463/346 190/464/252
f 190/464/252 295/463/346 294/466/345 191/467/253
f 297/469/348 193/470/255 192/471/254 298/468/349
f 193/470/255 297/469/348 296/462/347 189/465/251
f 299/473/350 195/474/257 194/475/256 300/472/351
f 298/468/349 192/471/254 195/474/257 299/473/350
f 191/467/253 294/466/345 301/476/352 196/477/258
f 300/472/351 194/475/256 196/477/258 301/476/352
f 197/481/259 304/478/355 303/479/354 198/480/260
f 198/480/260 303/479/354 302/482/353 199/483/261
f 305/485/356 201/486/263 200/487/262 306/484/357
f 201/486/263 305/485/356 304/478/355 197/481/259
f 307/489/358 203/490/265 202/491/264 308/488/359
f 306/484/357 200/487/262 203/490/265 307/489/358
f 199/483/261 302/482/353 309/492/360 204/493/266
f 308/488/359 202/491/264 204/493/266 309/492/360
f 311/495/362 206/496/268 205/497/267 312/494/363
f 310/498/361 207/499/269 206/496/268 311/495/362
f 208/503/270 314/500/365 313/501/364 209/502/271
f 312/494/363 205/497/267 209/502/271 313/501/364
f 210/507/272 316/504/367 315/505/366 211/506/273
f 211/506/273 315/505/366 314/500/365 208/503/270
f 317/508/368 212/509/274 207/499/269 310/498/361
f 212/509/274 317/508/368 316/504/367 210/507/272
f 319/511/370 214/512/276 213/513/275 320/510/371
f 318/514/369 215/515/277 214/512/276 319/511/370
f 216/519/278 322/516/373 321/517/372 217/518/279
f 320/510/371 213/513/275 217/518/279 321/517/372
f 218/523/280 324/520/375 323/521/374 219/522/281
f 219/522/281 323/521/374 322/516/373 216/519/278
f 325/524/376 220/525/282 215/515/277 318/514/369
f 220/525/282 325/524/376 324/520/375 218/523/280
f 327/527/378 222/528/284 221/529/283 328/526/379
f 326/530/377 223/531/285 222/528/284 327/527/378
f 224/535/286 330/532/381 329/533/380 225/534/287
f 328/526/379 221/529/283 225/534/287 329/533/380
f 226/539/288 332/536/383 331/537/382 227/538/289
f 227/538/289 331/537/382 330/532/381 224/535/286
f 333/540/384 228/541/290 223/531/285 326/530/377
f 228/541/290 333/540/384 332/536/383 226/539/288
f 335/543/386 230/544/292 229/545/291 336/542/387
f 334/546/385 231/547/293 230/544/292 335/543/386
f 232/551/294 338/548/389 337/549/388 233/550/295
f 336/542/387 229/545/291 233/550/295 337/549/388
f 234/555/296 340/552/391 339/553/390 235/554/297
f 235/554/297 339/553/390 338/548/389 232/551/294
f 341/556/392 236/557/298 231/547/293 334/546/385
f 236/557/298 341/556/392 340/552/391 234/555/296
f 292/400/343 291/399/342 186/276/248 188/278/250
f 247/360/309 342/452/393 237/330/299 143/232/215
f 342/452/393 293/401/344 187/277/249 237/330/299
f 284/388/337 178/262/243 238/332/300 343/453/394
f 343/453/394 238/332/300 240/334/302 345/456/396
f 346/457/397 241/335/303 171/250/239 275/376/332
f 347/459/398 242/336/304 241/335/303 346/457/397
f 345/456/396 240/334/302 239/333/301 344/455/395
f 156/229/228 155/228/227 159/559/231 141/211/213 140/210/212 239/558/301
f 264/365/325 344/561/395 348/560/399 265/366/326
f 265/366/326 348/560/399 245/340/307 244/339/306
f 245/563/307 139/209/211 242/564/304 347/562/398
f 348/565/399 140/210/212 139/209/211 245/563/307
f 344/566/395 239/558/301 140/210/212 348/565/399
f 260/405/322 259/567/321 344/561/395 264/365/325
f 351/570/402 352/571/403 353/572/404 354/573/405 349/568/400 350/569/401
f 356/575/407 357/576/408 358/577/409 359/578/410 360/579/411 361/580/412 355/574/406
f 363/583/414 364/584/415 356/581/407 362/582/413
f 354/573/405 365/585/416 349/568/400
f 366/586/417 367/587/418 368/588/419
f 369/589/420 355/574/406 361/580/412
f 356/575/407 364/590/415 357/576/408
f 371/592/324 372/593/421 351/594/402 370/591/324
f 375/597/422 376/598/423 373/595/324 374/596/324
f 359/602/410 377/599/324 378/600/424 360/601/411
f 364/584/415 363/583/414 380/604/426 379/603/425
f 383/608/429 381/605/427 365/606/416 382/607/428
f 384/609/430 349/568/400 365/585/416 381/610/427
f 385/611/431 366/612/417 368/613/419 386/614/432
f 387/616/324 350/617/401 349/618/400 384/615/430
f 389/620/324 370/591/324 387/616/324 388/619/324
f 385/621/431 390/622/433 391/623/434 366/624/417
f 392/625/435 393/626/433 390/622/433 385/621/431
f 395/628/436 384/609/430 381/610/427 394/627/427
f 361/580/412 397/630/438 396/629/437 369/589/420
f 397/630/438 395/628/436 394/627/427 396/629/437
f 392/633/435 385/634/431 386/631/432 376/632/423
f 364/590/415 379/636/425 375/635/422 357/576/408
f 379/638/425 392/633/435 376/632/423 375/637/422
f 357/640/408 375/597/422 374/596/324 358/639/409
f 374/596/324 373/595/324 389/620/324 377/599/324
f 378/600/424 388/619/324 395/642/436 397/641/438
f 377/599/324 389/620/324 388/619/324 378/600/424
f 379/603/425 380/604/426 393/626/433 392/625/435
f 398/643/439 394/644/427 381/605/427 383/608/429
f 400/647/441 369/648/420 396/645/437 399/646/440
f 403/651/444 368/652/419 372/593/421 401/649/442 402/650/443
f 386/655/432 368/652/419 403/651/444 404/653/445 405/654/446
f 386/655/432 405/654/446 406/656/447 407/657/448 371/592/324
f 408/658/449 401/649/442 372/593/421 371/592/324 407/657/448
f 411/661/452 351/594/402 350/617/401 409/659/450 410/660/451
f 370/591/324 351/594/402 411/661/452 412/662/453 413/663/454
f 370/591/324 413/663/454 414/664/455 415/665/456 387/616/324
f 416/666/457 409/659/450 350/617/401 387/616/324 415/665/456
f 360/601/411 417/667/458 418/668/459 419/669/460 361/670/412
f 420/671/461 421/672/462 397/641/438 361/670/412 419/669/460
f 423/674/464 378/600/424 397/641/438 421/672/462 422/673/463
f 360/601/411 378/600/424 423/674/464 424/675/465 417/667/458
f 358/639/409 425/676/466 426/677/467 427/678/468 359/602/410
f 428/679/469 429/680/470 377/599/324 359/602/410 427/678/468
f 431/682/472 374/596/324 377/599/324 429/680/470 430/681/471
f 358/639/409 374/596/324 431/682/472 432/683/473 425/676/466
f 388/619/324 433/684/474 434/685/475 435/686/476 395/642/436
f 436/687/477 437/688/478 384/615/430 395/642/436 435/686/476
f 439/690/480 387/616/324 384/615/430 437/688/478 438/689/479
f 388/619/324 387/616/324 439/690/480 440/691/481 433/684/474
f 373/595/324 441/692/482 442/693/483 443/694/484 389/620/324
f 443/694/484 444/695/485 445/696/486 370/591/324 389/620/324
f 447/698/488 371/592/324 370/591/324 445/696/486 446/697/487
f 373/595/324 371/592/324 447/698/488 448/699/489 441/692/482
f 399/646/440 396/645/437 394/644/427 398/643/439
f 449/700/490 355/701/406 369/648/420 400/647/441
f 366/624/417 391/623/434 450/702/491 367/703/418
f 367/703/418 450/702/491 452/705/493 451/704/492
f 354/706/405 453/707/494 382/607/428 365/606/416
f 353/708/404 454/709/495 453/707/494 354/706/405
f 376/598/423 386/655/432 371/592/324 373/595/324
f 457/712/498 458/713/499 455/710/496 456/711/497
f 464/719/505 465/720/506 459/714/500 460/715/501 461/716/502 462/717/503 463/718/504
f 466/722/507 467/723/508 468/724/509 465/721/506
f 456/711/497 455/710/496 469/725/510
f 470/726/511 471/727/512 472/728/513
f 473/729/514 460/715/501 459/714/500
f 465/720/506 464/719/505 466/730/507
f 476/733/516 477/734/230 474/731/230 475/732/515
f 479/736/517 480/737/517 481/738/230 478/735/230
f 482/739/230 462/740/503 461/741/502 483/742/518
f 467/723/508 466/722/507 484/743/519 485/744/520
f 486/745/521 487/746/522 488/747/523 469/748/510
f 455/710/496 489/749/524 486/750/521 469/725/510
f 470/726/511 490/751/519 491/752/525 471/727/512
f 458/755/499 492/756/230 489/753/524 455/754/496
f 474/731/230 493/757/230 494/758/230 492/756/230
f 496/762/527 490/759/519 470/760/511 495/761/526
f 497/763/528 498/764/519 490/759/519 496/762/527
f 489/749/524 499/765/529 500/766/530 486/750/521
f 502/768/532 460/715/501 473/729/514 501/767/531
f 499/765/529 502/768/532 501/767/531 500/766/530
f 490/751/519 498/769/519 479/770/517 491/752/525
f 484/772/519 466/730/507 464/719/505 480/771/517
f 498/769/519 484/772/519 480/771/517 479/770/517
f 480/737/517 464/773/505 463/774/504 481/738/230
f 478/735/230 481/738/230 482/739/230 493/757/230
f 494/758/230 483/742/518 502/775/532 499/776/529
f 493/757/230 482/739/230 483/742/518 494/758/230
f 485/744/520 484/743/519 498/764/519 497/763/528
f 500/777/530 503/778/533 487/746/522 486/745/521
f 504/781/534 505/782/535 501/779/531 473/780/514
f 471/783/512 506/784/536 507/785/537 508/786/538 476/733/516
f 471/783/512 491/787/525 509/788/539 510/789/540 506/784/536
f 509/788/539 491/787/525 477/734/230 511/790/541 512/791/542
f 508/786/538 513/792/543 511/790/541 477/734/230 476/733/516
f 475/732/515 514/793/544 515/794/545 516/795/546 458/755/499
f 475/732/515 474/731/230 517/796/547 518/797/548 514/793/544
f 517/796/547 474/731/230 492/756/230 519/798/549 520/799/550
f 516/795/546 521/800/551 519/798/549 492/756/230 458/755/499
f 524/804/554 461/741/502 460/801/501 522/802/552 523/803/553
f 525/805/555 526/806/556 522/802/552 460/801/501 502/775/532
f 483/742/518 527/807/557 528/808/558 525/805/555 502/775/532
f 483/742/518 461/741/502 524/804/554 529/809/559 527/807/557
f 532/812/562 463/774/504 462/740/503 530/810/560 531/811/561
f 533/813/563 534/814/564 530/810/560 462/740/503 482/739/230
f 481/738/230 535/815/565 536/816/566 533/813/563 482/739/230
f 481/738/230 463/774/504 532/812/562 537/817/567 535/815/565
f 540/820/570 494/758/230 499/776/529 538/818/568 539/819/569
f 541/821/571 542/822/572 538/818/568 499/776/529 489/753/524
f 492/756/230 543/823/573 544/824/574 541/821/571 489/753/524
f 492/756/230 494/758/230 540/820/570 545/825/575 543/823/573
f 548/828/578 478/735/230 493/757/230 546/826/576 547/827/577
f 550/830/580 546/826/576 493/757/230 474/731/230 549/829/579
f 477/734/230 551/831/581 552/832/582 549/829/579 474/731/230
f 477/734/230 478/735/230 548/828/578 553/833/583 551/831/581
f 501/779/531 505/782/535 503/778/533 500/777/530
f 459/834/500 554/835/584 504/781/534 473/780/514
f 495/761/526 470/760/511 472/836/513 555/837/585
f 555/837/585 472/836/513 556/838/586 557/839/587
f 558/841/588 456/840/497 469/748/510 488/747/523
f 559/842/589 457/843/498 456/840/497 558/841/588
f 491/787/525 479/736/517 478/735/230 477/734/230
f 465/720/506 356/844/407 355/845/406 459/714/500
f 363/583/414 362/582/413 468/724/509 467/723/508
f 468/724/509 362/582/413 356/581/407 465/721/506
f 380/604/426 363/583/414 467/723/508 485/744/520
f 488/747/523 487/746/522 383/608/429 382/607/428
f 391/623/434 390/622/433 496/762/527 495/761/526
f 390/622/433 393/626/433 497/763/528 496/762/527
f 393/626/433 380/604/426 485/744/520 497/763/528
f 487/746/522 503/778/533 398/643/439 383/608/429
f 505/782/535 504/781/534 400/647/441 399/646/440
f 506/846/536 403/847/444 402/848/443 507/849/537
f 507/849/537 402/848/443 401/850/442 508/851/538
f 404/854/445 510/855/540 509/852/539 405/853/446
f 510/855/540 404/854/445 403/847/444 506/846/536
f 406/858/447 512/859/542 511/856/541 407/857/448
f 405/853/446 509/852/539 512/859/542 406/858/447
f 508/851/538 401/850/442 408/860/449 513/861/543
f 407/857/448 511/856/541 513/861/543 408/860/449
f 514/862/544 411/863/452 410/864/451 515/865/545
f 515/865/545 410/864/451 409/866/450 516/867/546
f 412/870/453 518/871/548 517/868/547 413/869/454
f 518/871/548 412/870/453 411/863/452 514/862/544
f 414/874/455 520/875/550 519/872/549 415/873/456
f 413/869/454 517/868/547 520/875/550 414/874/455
f 516/867/546 409/866/450 416/876/457 521/877/551
f 415/873/456 519/872/549 521/877/551 416/876/457
f 418/880/459 523/881/553 522/878/552 419/879/460
f 417/882/458 524/883/554 523/881/553 418/880/459
f 525/884/555 421/885/462 420/886/461 526/887/556
f 419/879/460 522/878/552 526/887/556 420/886/461
f 527/888/557 423/889/464 422/890/463 528/891/558
f 528/891/558 422/890/463 421/885/462 525/884/555
f 424/892/465 529/893/559 524/883/554 417/882/458
f 529/893/559 424/892/465 423/889/464 527/888/557
f 426/896/467 531/897/561 530/894/560 427/895/468
f 425/898/466 532/899/562 531/897/561 426/896/467
f 533/900/563 429/901/470 428/902/469 534/903/564
f 427/895/468 530/894/560 534/903/564 428/902/469
f 535/904/565 431/905/472 430/906/471 536/907/566
f 536/907/566 430/906/471 429/901/470 533/900/563
f 432/908/473 537/909/567 532/899/562 425/898/466
f 537/909/567 432/908/473 431/905/472 535/904/565
f 434/912/475 539/913/569 538/910/568 435/911/476
f 433/914/474 540/915/570 539/913/569 434/912/475
f 541/916/571 437/917/478 436/918/477 542/919/572
f 435/911/476 538/910/568 542/919/572 436/918/477
f 543/920/573 439/921/480 438/922/479 544/923/574
f 544/923/574 438/922/479 437/917/478 541/916/571
f 440/924/481 545/925/575 540/915/570 433/914/474
f 545/925/575 440/924/481 439/921/480 543/920/573
f 442/928/483 547/929/577 546/926/576 443/927/484
f 441/930/482 548/931/578 547/929/577 442/928/483
f 549/932/579 445/933/486 444/934/485 550/935/580
f 443/927/484 546/926/576 550/935/580 444/934/485
f 551/936/581 447/937/488 446/938/487 552/939/582
f 552/939/582 446/938/487 445/933/486 549/932/579
f 448/940/489 553/941/583 548/931/578 441/930/482
f 553/941/583 448/940/489 447/937/488 551/936/581
f 503/778/533 505/782/535 399/646/440 398/643/439
f 554/835/584 459/834/500 355/701/406 449/700/490
f 504/781/534 554/835/584 449/700/490 400/647/441
f 391/623/434 495/761/526 555/837/585 450/702/491
f 450/702/491 555/837/585 557/839/587 452/705/493
f 453/707/494 558/841/588 488/747/523 382/607/428
f 454/709/495 559/842/589 558/841/588 453/707/494
f 452/705/493 557/839/587 556/838/586 451/704/492
f 368/943/419 367/944/418 451/945/492 352/571/403 351/570/402 372/942/421
f 556/947/586 476/948/516 475/949/515 560/946/590
f 560/946/590 475/949/515 458/713/499 457/712/498
f 353/708/404 457/843/498 559/842/589 454/709/495
f 352/951/403 560/946/590 457/712/498 353/950/404
f 451/952/492 556/947/586 560/946/590 352/951/403
f 472/728/513 471/727/512 476/948/516 556/947/586

# Mesh
g UV1 pivote
usemtl aiStandardSurface1SG
f 564/956/591 561/953/591 562/954/592 563/955/592
f 563/955/592 562/954/592 565/957/593 566/958/593
f 566/958/593 565/957/593 567/959/594 568/960/594
f 568/960/594 567/959/594 569/961/324 570/962/324
f 570/962/324 569/961/324 571/963/595 572/964/595
f 572/964/595 571/963/595 573/965/596 574/966/596
f 574/966/596 573/965/596 575/967/597 576/968/597
f 576/968/597 575/967/597 577/969/598 578/970/598
f 578/970/598 577/969/598 579/971/127 580/972/127
f 581/973/599 582/974/599 580/972/127 579/971/127
f 583/975/600 584/976/600 582/974/599 581/973/599
f 585/977/601 586/978/601 584/976/600 583/975/600
f 587/979/602 588/980/602 586/978/601 585/977/601
f 589/981/230 590/982/230 588/980/602 587/979/602
f 591/983/603 592/984/603 590/982/230 589/981/230
f 593/985/604 594/986/604 592/984/603 591/983/603
f 595/987/605 596/988/605 594/986/604 593/985/604
f 597/989/606 598/990/606 596/988/605 595/987/605
f 599/991/607 600/992/607 598/990/606 597/989/606
f 600/992/607 599/991/607 561/953/591 564/956/591
f 562/993/608 561/994/608 601/995/608
f 565/996/608 562/993/608 601/995/608
f 567/997/608 565/996/608 601/995/608
f 569/998/608 567/997/608 601/995/608
f 571/999/608 569/998/608 601/995/608
f 573/1000/608 571/999/608 601/995/608
f 575/1001/608 573/1000/608 601/995/608
f 577/1002/608 575/1001/608 601/995/608
f 579/1003/608 577/1002/608 601/995/608
f 581/1004/608 579/1003/608 601/995/608
f 583/1005/608 581/1004/608 601/995/608
f 585/1006/608 583/1005/608 601/995/608
f 587/1007/608 585/1006/608 601/995/608
f 589/1008/608 587/1007/608 601/995/608
f 591/1009/608 589/1008/608 601/995/608
f 593/1010/608 591/1009/608 601/995/608
f 595/1011/608 593/1010/608 601/995/608
f 597/1012/608 595/1011/608 601/995/608
f 599/1013/608 597/1012/608 601/995/608
f 561/994/608 599/1013/608 601/995/608
f 602/1014/1 603/1015/1 604/1016/1
f 603/1015/1 605/1017/1 604/1016/1
f 605/1017/1 606/1018/1 604/1016/1
f 606/1018/1 607/1019/1 604/1016/1
f 607/1019/1 608/1020/1 604/1016/1
f 608/1020/1 609/1021/1 604/1016/1
f 609/1021/1 610/1022/1 604/1016/1
f 610/1022/1 611/1023/1 604/1016/1
f 611/1023/1 612/1024/1 604/1016/1
f 612/1024/1 613/1025/1 604/1016/1
f 613/1025/1 614/1026/1 604/1016/1
f 614/1026/1 615/1027/1 604/1016/1
f 615/1027/1 616/1028/1 604/1016/1
f 616/1028/1 617/1029/1 604/1016/1
f 617/1029/1 618/1030/1 604/1016/1
f 618/1030/1 619/1031/1 604/1016/1
f 619/1031/1 620/1032/1 604/1016/1
f 620/1032/1 621/1033/1 604/1016/1
f 621/1033/1 622/1034/1 604/1016/1
f 622/1034/1 602/1014/1 604/1016/1
f 564/1035/1 563/1036/1 623/1037/1 624/1038/1
f 623/1037/1 563/1036/1 566/1039/1 625/1040/1
f 625/1040/1 566/1039/1 568/1041/1 626/1042/1
f 626/1042/1 568/1041/1 570/1043/1 627/1044/1
f 627/1044/1 570/1043/1 572/1045/1 628/1046/1
f 628/1046/1 572/1045/1 574/1047/1 629/1048/1
f 629/1048/1 574/1047/1 576/1049/1 630/1050/1
f 631/1052/1 630/1050/1 576/1049/1 578/1051/1
f 632/1054/1 631/1052/1 578/1051/1 580/1053/1
f 633/1056/1 632/1054/1 580/1053/1 582/1055/1
f 634/1058/1 633/1056/1 582/1055/1 584/1057/1
f 586/1059/1 635/1060/1 634/1058/1 584/1057/1
f 588/1061/1 636/1062/1 635/1060/1 586/1059/1
f 590/1063/1 637/1064/1 636/1062/1 588/1061/1
f 592/1065/1 638/1066/1 637/1064/1 590/1063/1
f 594/1067/1 639/1068/1 638/1066/1 592/1065/1
f 596/1069/1 640/1070/1 639/1068/1 594/1067/1
f 596/1069/1 598/1071/1 641/1072/1 640/1070/1
f 598/1071/1 600/1073/1 642/1074/1 641/1072/1
f 600/1073/1 564/1035/1 624/1038/1 642/1074/1
f 644/1078/609 624/1075/609 623/1076/610 643/1077/610
f 643/1077/610 623/1076/610 625/1079/611 645/1080/611
f 645/1080/611 625/1079/611 626/1081/612 646/1082/612
f 646/1082/612 626/1081/612 627/1083/324 647/1084/324
f 647/1084/324 627/1083/324 628/1085/613 648/1086/613
f 648/1086/613 628/1085/613 629/1087/614 649/1088/614
f 649/1088/614 629/1087/614 630/1089/615 650/1090/615
f 650/1090/615 630/1089/615 631/1091/616 651/1092/616
f 651/1092/616 631/1091/616 632/1093/127 652/1094/127
f 633/1095/617 653/1096/617 652/1094/127 632/1093/127
f 634/1097/618 654/1098/618 653/1096/617 633/1095/617
f 635/1099/619 655/1100/619 654/1098/618 634/1097/618
f 636/1101/620 656/1102/620 655/1100/619 635/1099/619
f 637/1103/230 657/1104/230 656/1102/620 636/1101/620
f 638/1105/621 658/1106/621 657/1104/230 637/1103/230
f 639/1107/622 659/1108/622 658/1106/621 638/1105/621
f 640/1109/623 660/1110/623 659/1108/622 639/1107/622
f 641/1111/624 661/1112/624 660/1110/623 640/1109/623
f 642/1113/625 662/1114/625 661/1112/624 641/1111/624
f 662/1114/625 642/1113/625 624/1075/609 644/1078/609
f 644/1115/1 643/1116/1 663/1117/1 664/1118/1
f 663/1117/1 643/1116/1 645/1119/1 665/1120/1
f 665/1120/1 645/1119/1 646/1121/1 666/1122/1
f 666/1122/1 646/1121/1 647/1123/1 667/1124/1
f 667/1124/1 647/1123/1 648/1125/1 668/1126/1
f 668/1126/1 648/1125/1 649/1127/1 669/1128/1
f 669/1128/1 649/1127/1 650/1129/1 670/1130/1
f 671/1132/1 670/1130/1 650/1129/1 651/1131/1
f 672/1134/1 671/1132/1 651/1131/1 652/1133/1
f 673/1136/1 672/1134/1 652/1133/1 653/1135/1
f 674/1138/1 673/1136/1 653/1135/1 654/1137/1
f 655/1139/1 675/1140/1 674/1138/1 654/1137/1
f 656/1141/1 676/1142/1 675/1140/1 655/1139/1
f 657/1143/1 677/1144/1 676/1142/1 656/1141/1
f 658/1145/1 678/1146/1 677/1144/1 657/1143/1
f 659/1147/1 679/1148/1 678/1146/1 658/1145/1
f 660/1149/1 680/1150/1 679/1148/1 659/1147/1
f 660/1149/1 661/1151/1 681/1152/1 680/1150/1
f 661/1151/1 662/1153/1 682/1154/1 681/1152/1
f 662/1153/1 644/1115/1 664/1118/1 682/1154/1
f 684/1158/626 664/1155/626 663/1156/627 683/1157/627
f 683/1157/627 663/1156/627 665/1159/628 685/1160/628
f 685/1160/628 665/1159/628 666/1161/629 686/1162/629
f 686/1162/629 666/1161/629 667/1163/630 687/1164/630
f 687/1164/630 667/1163/630 668/1165/631 688/1166/631
f 688/1166/631 668/1165/631 669/1167/632 689/1168/632
f 689/1168/632 669/1167/632 670/1169/633 690/1170/633
f 690/1170/633 670/1169/633 671/1171/634 691/1172/634
f 691/1172/634 671/1171/634 672/1173/127 692/1174/127
f 673/1175/635 693/1176/635 692/1174/127 672/1173/127
f 674/1177/636 694/1178/636 693/1176/635 673/1175/635
f 675/1179/637 695/1180/637 694/1178/636 674/1177/636
f 676/1181/638 696/1182/638 695/1180/637 675/1179/637
f 677/1183/230 697/1184/230 696/1182/638 676/1181/638
f 678/1185/639 698/1186/639 697/1184/230 677/1183/230
f 679/1187/640 699/1188/640 698/1186/639 678/1185/639
f 680/1189/641 700/1190/641 699/1188/640 679/1187/640
f 681/1191/642 701/1192/642 700/1190/641 680/1189/641
f 682/1193/625 702/1194/625 701/1192/642 681/1191/642
f 702/1194/625 682/1193/625 664/1155/626 684/1158/626
f 602/1196/643 684/1158/643 683/1157/643 603/1195/643
f 603/1195/644 683/1157/644 685/1160/644 605/1197/645
f 605/1197/646 685/1160/646 686/1162/646 606/1198/646
f 606/1198/647 686/1162/647 687/1164/647 607/1199/647
f 607/1199/648 687/1164/648 688/1166/648 608/1200/648
f 608/1200/649 688/1166/649 689/1168/649 609/1201/649
f 609/1201/650 689/1168/650 690/1170/650 610/1202/650
f 610/1202/651 690/1170/651 691/1172/651 611/1203/651
f 612/1204/652 611/1203/652 691/1172/652 692/1174/652
f 613/1205/653 612/1204/653 692/1174/653 693/1176/653
f 694/1178/654 614/1206/654 613/1205/654 693/1176/654
f 695/1180/656 615/1207/655 614/1206/656 694/1178/655
f 696/1182/657 616/1208/657 615/1207/657 695/1180/657
f 697/1184/659 617/1209/659 616/1208/659 696/1182/658
f 698/1186/660 618/1210/660 617/1209/661 697/1184/660
f 699/1188/662 619/1211/662 618/1210/662 698/1186/662
f 700/1190/663 620/1212/663 619/1211/663 699/1188/663
f 701/1192/664 621/1213/664 620/1212/664 700/1190/664
f 701/1192/665 702/1194/665 622/1214/665 621/1213/665
f 702/1194/666 684/1158/666 602/1196/666 622/1214/666

# Mesh
g UV1 soporte
usemtl aiStandardSurface1SG
f 704/1216/668 705/1217/667 706/1218/667 703/1215/667
f 708/1220/670 709/1221/670 710/1222/669 707/1219/669
f 712/1224/672 704/1225/672 703/1226/671 711/1223/671
f 713/1227/673 714/1228/673 715/1229/673 716/1230/673
f 705/1232/675 717/1233/676 718/1234/674 706/1231/674
f 716/1235/677 715/1236/677 719/1237/677 720/1238/677
f 721/1239/678 722/1240/679 723/1241/680 724/1242/680
f 718/1234/682 724/1242/682 723/1241/681 706/1231/681
f 718/1243/230 717/1244/230 708/1245/230 707/1246/230
f 720/1247/683 719/1248/683 725/1249/683 726/1250/683
f 721/1252/324 724/1253/324 710/1254/324 709/1251/324
f 724/1255/684 718/1256/684 707/1219/684 710/1222/684
f 729/1259/687 730/1260/688 727/1257/685 728/1258/686
f 730/1263/691 732/1264/692 731/1261/689 727/1262/690
f 732/1267/230 734/1268/230 733/1265/230 731/1266/230
f 734/1271/695 736/1272/696 735/1269/693 733/1270/694
f 736/1273/324 737/1274/324 738/1275/324 735/1276/324
f 737/1277/697 739/1278/698 740/1279/699 738/1280/700
f 739/1283/701 742/1284/701 741/1281/701 740/1282/701
f 742/1287/703 729/1288/703 728/1285/702 741/1286/702
f 729/1259/687 743/1289/704 744/1290/687 730/1260/688
f 744/1291/705 745/1292/706 732/1264/692 730/1263/691
f 745/1293/230 746/1294/230 734/1268/230 732/1267/230
f 746/1295/707 747/1296/708 736/1272/696 734/1271/695
f 748/1298/324 737/1274/324 736/1273/324 747/1297/324
f 748/1299/709 749/1300/710 739/1278/698 737/1277/697
f 750/1302/701 742/1284/701 739/1283/701 749/1301/701
f 750/1303/711 743/1304/711 729/1288/703 742/1287/703
f 704/1216/668 728/1258/686 727/1257/685 705/1217/667
f 731/1261/689 717/1233/676 705/1232/675 727/1262/690
f 717/1244/230 731/1266/230 733/1265/230 708/1245/230
f 733/1270/694 735/1269/693 709/1221/670 708/1220/670
f 738/1275/324 721/1252/324 709/1251/324 735/1276/324
f 721/1239/678 738/1280/700 740/1279/699 722/1240/679
f 741/1281/701 712/1305/701 722/1306/701 740/1282/701
f 741/1286/702 728/1285/702 704/1225/672 712/1224/672
f 743/1289/704 713/1227/704 716/1230/704 744/1290/687
f 744/1291/705 716/1235/712 720/1238/712 745/1292/706
f 745/1293/230 720/1307/230 726/1308/230 746/1294/230
f 726/1250/713 725/1249/713 747/1296/708 746/1295/707
f 719/1309/324 748/1298/324 747/1297/324 725/1310/324
f 715/1236/714 749/1300/710 748/1299/709 719/1237/714
f 714/1228/701 750/1302/701 749/1301/701 715/1229/701
f 714/1311/715 713/1312/715 743/1304/711 750/1303/711
f 753/1315/701 754/1316/701 751/1313/701 752/1314/701
f 757/1319/716 758/1320/716 755/1317/669 756/1318/669
f 761/1323/717 762/1324/717 759/1321/717 760/1322/717
f 754/1327/672 761/1328/672 760/1325/671 751/1326/671
f 766/1332/673 763/1329/673 764/1330/673 765/1331/673
f 751/1313/718 760/1322/718 759/1321/718 752/1314/718
f 768/1335/720 753/1336/721 752/1333/719 767/1334/719
f 765/1340/677 764/1337/677 769/1338/677 770/1339/677
f 762/1344/723 771/1341/722 772/1342/674 759/1343/674
f 772/1342/682 767/1334/682 752/1333/682 759/1343/682
f 768/1348/324 767/1345/724 755/1346/724 758/1347/324
f 770/1352/683 769/1349/683 773/1350/683 774/1351/683
f 772/1355/725 771/1356/230 757/1353/230 756/1354/725
f 767/1358/684 772/1357/684 756/1318/684 755/1317/684
f 776/1360/701 777/1361/701 778/1362/701 775/1359/701
f 780/1364/727 776/1365/697 775/1366/728 779/1363/726
f 782/1368/324 780/1369/324 779/1370/324 781/1367/324
f 784/1372/730 782/1373/731 781/1374/732 783/1371/729
f 786/1378/230 784/1375/230 783/1376/230 785/1377/230
f 788/1382/691 786/1379/733 785/1380/689 787/1381/734
f 790/1384/717 788/1385/717 787/1386/717 789/1383/717
f 777/1388/703 790/1389/703 789/1390/702 778/1387/702
f 792/1392/701 777/1361/701 776/1360/701 791/1391/701
f 793/1393/735 791/1394/736 776/1365/697 780/1364/727
f 794/1395/324 793/1396/324 780/1369/324 782/1368/324
f 795/1397/737 794/1398/738 782/1373/731 784/1372/730
f 786/1378/230 796/1400/230 795/1399/230 784/1375/230
f 797/1402/705 796/1401/706 786/1379/733 788/1382/691
f 790/1384/717 798/1403/717 797/1404/717 788/1385/717
f 792/1405/711 798/1406/711 790/1389/703 777/1388/703
f 778/1362/701 754/1316/701 753/1315/701 775/1359/701
f 768/1335/720 779/1363/726 775/1366/728 753/1336/721
f 779/1370/324 768/1348/324 758/1347/324 781/1367/324
f 783/1371/729 781/1374/732 758/1320/716 757/1319/716
f 771/1356/230 785/1377/230 783/1376/230 757/1353/230
f 785/1380/689 771/1341/722 762/1344/723 787/1381/734
f 761/1323/717 789/1383/717 787/1386/717 762/1324/717
f 778/1387/702 789/1390/702 761/1328/672 754/1327/672
f 763/1408/701 792/1392/701 791/1391/701 764/1407/701
f 764/1337/739 791/1394/736 793/1393/735 769/1338/739
f 769/1410/724 793/1396/324 794/1395/324 773/1409/724
f 774/1351/740 773/1350/740 794/1398/738 795/1397/737
f 796/1400/230 770/1411/230 774/1412/230 795/1399/230
f 797/1402/705 765/1340/712 770/1339/712 796/1401/706
f 798/1403/717 766/1332/717 765/1331/717 797/1404/717
f 763/1413/671 766/1414/671 798/1406/711 792/1405/711

# Mesh
g textureEditorIsolateSelectSet UV1 soporte
usemtl aiStandardSurface1SG
f 722/1306/701 712/1305/701 711/1416/701 723/1415/701
f 711/1417/718 703/1215/718 706/1218/718 723/1418/718

# Mesh
g pCylinder11 Anillas uv_2
usemtl aiStandardSurface2SG
f 799/1419/741 800/1420/741 801/1421/742 802/1422/743
f 803/1423/744 804/1424/745 800/1420/741 799/1419/741
f 802/1422/743 801/1421/742 805/1425/746 806/1426/747
f 806/1426/747 805/1425/746 807/1427/748 808/1428/748
f 808/1428/748 807/1427/748 809/1429/749 810/1430/750
f 810/1430/750 809/1429/749 811/1431/751 812/1432/752
f 812/1432/752 811/1431/751 813/1433/753 814/1434/754
f 814/1434/754 813/1433/753 815/1435/755 816/1436/756
f 816/1436/756 815/1435/755 817/1437/757 818/1438/758
f 818/1438/758 817/1437/757 819/1439/759 820/1440/760
f 821/1441/761 822/1442/761 820/1440/760 819/1439/759
f 823/1443/762 824/1444/763 822/1442/761 821/1441/761
f 825/1445/764 826/1446/765 824/1444/763 823/1443/762
f 827/1447/766 828/1448/767 826/1446/765 825/1445/764
f 829/1449/768 830/1450/768 828/1448/767 827/1447/766
f 831/1451/769 832/1452/769 830/1450/768 829/1449/768
f 833/1453/770 834/1454/771 832/1452/769 831/1451/769
f 835/1455/772 836/1456/773 834/1454/771 833/1453/770
f 837/1457/774 838/1458/775 836/1456/773 835/1455/772
f 804/1424/745 803/1423/744 838/1458/775 837/1457/774
f 841/1461/778 842/1462/779 839/1459/776 840/1460/777
f 840/1460/777 839/1459/776 843/1463/780 844/1464/781
f 844/1464/781 843/1463/780 845/1465/782 846/1466/783
f 846/1466/783 845/1465/782 847/1467/784 848/1468/785
f 848/1468/785 847/1467/784 849/1469/786 850/1470/787
f 850/1470/787 849/1469/786 851/1471/788 852/1472/789
f 852/1472/789 851/1471/788 853/1473/790 854/1474/791
f 854/1474/791 853/1473/790 855/1475/792 856/1476/793
f 856/1476/793 855/1475/792 857/1477/794 858/1478/795
f 858/1478/795 857/1477/794 859/1479/796 860/1480/796
f 861/1481/797 862/1482/798 860/1480/796 859/1479/796
f 863/1483/799 864/1484/800 862/1482/798 861/1481/797
f 865/1485/801 866/1486/802 864/1484/800 863/1483/799
f 867/1487/803 868/1488/804 866/1486/802 865/1485/801
f 869/1489/805 870/1490/806 868/1488/804 867/1487/803
f 871/1491/807 872/1492/808 870/1490/806 869/1489/805
f 873/1493/809 874/1494/810 872/1492/808 871/1491/807
f 875/1495/811 876/1496/812 874/1494/810 873/1493/809
f 877/1497/813 878/1498/814 876/1496/812 875/1495/811
f 842/1462/779 841/1461/778 878/1498/814 877/1497/813
f 839/1502/815 799/1499/815 802/1500/816 843/1501/817
f 843/1501/817 802/1500/816 806/1503/818 845/1504/818
f 845/1504/818 806/1503/818 808/1505/819 847/1506/819
f 847/1506/819 808/1505/819 810/1507/820 849/1508/820
f 849/1508/820 810/1507/820 812/1509/821 851/1510/821
f 851/1510/821 812/1509/821 814/1511/822 853/1512/823
f 853/1512/823 814/1511/822 816/1513/824 855/1514/825
f 855/1514/825 816/1513/824 818/1515/826 857/1516/827
f 857/1516/827 818/1515/826 820/1517/828 859/1518/829
f 822/1519/830 861/1520/830 859/1518/829 820/1517/828
f 824/1521/831 863/1522/832 861/1520/830 822/1519/830
f 826/1523/833 865/1524/833 863/1522/832 824/1521/831
f 828/1525/834 867/1526/835 865/1524/833 826/1523/833
f 830/1527/836 869/1528/836 867/1526/835 828/1525/834
f 832/1529/837 871/1530/837 869/1528/836 830/1527/836
f 834/1531/838 873/1532/838 871/1530/837 832/1529/837
f 836/1533/839 875/1534/839 873/1532/838 834/1531/838
f 838/1535/840 877/1536/841 875/1534/839 836/1533/839
f 803/1537/842 842/1538/843 877/1536/841 838/1535/840
f 842/1538/843 803/1537/842 799/1499/815 839/1502/815
f 800/1420/845 879/1539/846 880/1540/847 801/1421/844
f 801/1421/844 880/1540/847 881/1541/849 805/1425/848
f 805/1425/848 881/1541/849 882/1542/850 807/1427/850
f 807/1427/850 882/1542/850 883/1543/852 809/1429/851
f 809/1429/851 883/1543/852 884/1544/854 811/1431/853
f 811/1431/853 884/1544/854 885/1545/856 813/1433/855
f 813/1433/855 885/1545/856 886/1546/858 815/1435/857
f 815/1435/857 886/1546/858 887/1547/860 817/1437/859
f 817/1437/859 887/1547/860 888/1548/861 819/1439/861
f 889/1549/863 821/1441/862 819/1439/861 888/1548/861
f 890/1550/865 823/1443/864 821/1441/862 889/1549/863
f 891/1551/867 825/1445/866 823/1443/864 890/1550/865
f 892/1552/868 827/1447/868 825/1445/866 891/1551/867
f 893/1553/869 829/1449/869 827/1447/868 892/1552/868
f 894/1554/871 831/1451/870 829/1449/869 893/1553/869
f 895/1555/873 833/1453/872 831/1451/870 894/1554/871
f 896/1556/874 835/1455/874 833/1453/872 895/1555/873
f 897/1557/876 837/1457/875 835/1455/874 896/1556/874
f 898/1558/877 804/1424/877 837/1457/875 897/1557/876
f 804/1424/877 898/1558/877 879/1539/846 800/1420/845
f 900/1560/881 840/1460/878 844/1464/879 899/1559/880
f 899/1559/880 844/1464/879 846/1466/882 901/1561/883
f 901/1561/883 846/1466/882 848/1468/884 902/1562/885
f 902/1562/885 848/1468/884 850/1470/886 903/1563/887
f 903/1563/887 850/1470/886 852/1472/888 904/1564/888
f 904/1564/888 852/1472/888 854/1474/889 905/1565/890
f 905/1565/890 854/1474/889 856/1476/891 906/1566/892
f 906/1566/892 856/1476/891 858/1478/893 907/1567/893
f 907/1567/893 858/1478/893 860/1480/894 908/1568/894
f 862/1482/895 909/1569/896 908/1568/894 860/1480/894
f 864/1484/897 910/1570/897 909/1569/896 862/1482/895
f 866/1486/898 911/1571/899 910/1570/897 864/1484/897
f 868/1488/900 912/1572/900 911/1571/899 866/1486/898
f 870/1490/901 913/1573/902 912/1572/900 868/1488/900
f 872/1492/903 914/1574/903 913/1573/902 870/1490/901
f 874/1494/904 915/1575/904 914/1574/903 872/1492/903
f 876/1496/905 916/1576/906 915/1575/904 874/1494/904
f 878/1498/907 917/1577/908 916/1576/906 876/1496/905
f 841/1461/909 918/1578/909 917/1577/908 878/1498/907
f 918/1578/909 841/1461/909 840/1460/878 900/1560/881
f 921/1581/912 922/1582/913 919/1579/910 920/1580/911
f 920/1580/911 919/1579/910 923/1583/914 924/1584/915
f 924/1584/915 923/1583/914 925/1585/916 926/1586/917
f 926/1586/917 925/1585/916 927/1587/918 928/1588/919
f 928/1588/919 927/1587/918 929/1589/920 930/1590/920
f 930/1590/920 929/1589/920 931/1591/921 932/1592/922
f 932/1592/922 931/1591/921 933/1593/923 934/1594/924
f 934/1594/924 933/1593/923 935/1595/925 936/1596/926
f 936/1596/926 935/1595/925 937/1597/927 938/1598/927
f 938/1598/927 937/1597/927 939/1599/928 940/1600/928
f 941/1601/929 942/1602/930 940/1600/928 939/1599/928
f 943/1603/931 944/1604/932 942/1602/930 941/1601/929
f 945/1605/933 946/1606/934 944/1604/932 943/1603/931
f 947/1607/935 948/1608/936 946/1606/934 945/1605/933
f 949/1609/937 950/1610/937 948/1608/936 947/1607/935
f 951/1611/938 952/1612/939 950/1610/937 949/1609/937
f 953/1613/940 954/1614/941 952/1612/939 951/1611/938
f 955/1615/942 956/1616/943 954/1614/941 953/1613/940
f 957/1617/944 958/1618/945 956/1616/943 955/1615/942
f 922/1582/913 921/1581/912 958/1618/945 957/1617/944
f 920/1619/946 924/1620/947 959/1621/948
f 924/1620/947 926/1622/949 959/1621/948
f 926/1622/949 928/1623/950 959/1621/948
f 928/1623/950 930/1624/951 959/1621/948
f 930/1624/951 932/1625/951 959/1621/948
f 932/1625/951 934/1626/952 959/1621/948
f 934/1626/952 936/1627/953 959/1621/948
f 936/1627/953 938/1628/954 959/1621/948
f 938/1628/954 940/1629/948 959/1621/948
f 940/1629/948 942/1630/955 959/1621/948
f 942/1630/955 944/1631/956 959/1621/948
f 944/1631/956 946/1632/957 959/1621/948
f 946/1632/957 948/1633/948 959/1621/948
f 948/1633/948 950/1634/958 959/1621/948
f 950/1634/958 952/1635/959 959/1621/948
f 952/1635/959 954/1636/955 959/1621/948
f 954/1636/955 956/1637/948 959/1621/948
f 956/1637/948 958/1638/960 959/1621/948
f 958/1638/960 921/1639/961 959/1621/948
f 921/1639/961 920/1619/946 959/1621/948
f 919/1579/965 900/1560/962 899/1559/963 923/1583/964
f 923/1583/964 899/1559/963 901/1561/966 925/1585/967
f 925/1585/967 901/1561/966 902/1562/968 927/1587/969
f 927/1587/969 902/1562/968 903/1563/970 929/1589/971
f 929/1589/971 903/1563/970 904/1564/972 931/1591/973
f 931/1591/973 904/1564/972 905/1565/974 933/1593/975
f 933/1593/975 905/1565/974 906/1566/976 935/1595/977
f 935/1595/977 906/1566/976 907/1567/978 937/1597/979
f 937/1597/979 907/1567/978 908/1568/980 939/1599/980
f 909/1569/981 941/1601/982 939/1599/980 908/1568/980
f 910/1570/983 943/1603/984 941/1601/982 909/1569/981
f 911/1571/985 945/1605/985 943/1603/984 910/1570/983
f 912/1572/986 947/1607/987 945/1605/985 911/1571/985
f 913/1573/988 949/1609/989 947/1607/987 912/1572/986
f 914/1574/990 951/1611/991 949/1609/989 913/1573/988
f 915/1575/992 953/1613/993 951/1611/991 914/1574/990
f 916/1576/994 955/1615/995 953/1613/993 915/1575/992
f 917/1577/996 957/1617/997 955/1615/995 916/1576/994
f 918/1578/998 922/1582/999 957/1617/997 917/1577/996
f 922/1582/999 918/1578/998 900/1560/962 919/1579/965
f 962/1642/1002 963/1643/1003 960/1640/1000 961/1641/1001
f 961/1641/1001 960/1640/1000 964/1644/1004 965/1645/1005
f 965/1645/1005 964/1644/1004 966/1646/1006 967/1647/1007
f 967/1647/1007 966/1646/1006 968/1648/1008 969/1649/1009
f 969/1649/1009 968/1648/1008 970/1650/1010 971/1651/1011
f 971/1651/1011 970/1650/1010 972/1652/1012 973/1653/1013
f 973/1653/1013 972/1652/1012 974/1654/1014 975/1655/1015
f 975/1655/1015 974/1654/1014 976/1656/1016 977/1657/1017
f 977/1657/1017 976/1656/1016 978/1658/1018 979/1659/1019
f 979/1659/1019 978/1658/1018 980/1660/1020 981/1661/1021
f 982/1662/1022 983/1663/1023 981/1661/1021 980/1660/1020
f 984/1664/1024 985/1665/1025 983/1663/1023 982/1662/1022
f 986/1666/1026 987/1667/1027 985/1665/1025 984/1664/1024
f 988/1668/1028 989/1669/1029 987/1667/1027 986/1666/1026
f 990/1670/1030 991/1671/1030 989/1669/1029 988/1668/1028
f 992/1672/1031 993/1673/1032 991/1671/1030 990/1670/1030
f 994/1674/1033 995/1675/1034 993/1673/1032 992/1672/1031
f 996/1676/1035 997/1677/1036 995/1675/1034 994/1674/1033
f 998/1678/1037 999/1679/1038 997/1677/1036 996/1676/1035
f 963/1643/1003 962/1642/1002 999/1679/1038 998/1678/1037
f 964/1644/1039 960/1640/1040 1000/1680/1041
f 966/1646/1040 964/1644/1039 1000/1680/1041
f 968/1648/1042 966/1646/1040 1000/1680/1041
f 970/1650/1043 968/1648/1042 1000/1680/1041
f 972/1652/1044 970/1650/1043 1000/1680/1041
f 974/1654/1040 972/1652/1044 1000/1680/1041
f 976/1656/1041 974/1654/1040 1000/1680/1041
f 978/1658/1045 976/1656/1041 1000/1680/1041
f 980/1660/1046 978/1658/1045 1000/1680/1041
f 982/1662/1047 980/1660/1046 1000/1680/1041
f 984/1664/1040 982/1662/1047 1000/1680/1041
f 986/1666/1048 984/1664/1040 1000/1680/1041
f 988/1668/1049 986/1666/1048 1000/1680/1041
f 990/1670/1050 988/1668/1049 1000/1680/1041
f 992/1672/1042 990/1670/1050 1000/1680/1041
f 994/1674/1040 992/1672/1042 1000/1680/1041
f 996/1676/1045 994/1674/1040 1000/1680/1041
f 998/1678/1043 996/1676/1045 1000/1680/1041
f 963/1643/1051 998/1678/1043 1000/1680/1041
f 960/1640/1040 963/1643/1051 1000/1680/1041
f 879/1539/1053 961/1641/1054 965/1645/1055 880/1540/1052
f 880/1540/1052 965/1645/1055 967/1647/1057 881/1541/1056
f 881/1541/1056 967/1647/1057 969/1649/1059 882/1542/1058
f 882/1542/1058 969/1649/1059 971/1651/1060 883/1543/1060
f 883/1543/1060 971/1651/1060 973/1653/1062 884/1544/1061
f 884/1544/1061 973/1653/1062 975/1655/1064 885/1545/1063
f 885/1545/1063 975/1655/1064 977/1657/1066 886/1546/1065
f 886/1546/1065 977/1657/1066 979/1659/1068 887/1547/1067
f 887/1547/1067 979/1659/1068 981/1661/1070 888/1548/1069
f 983/1663/1072 889/1549/1071 888/1548/1069 981/1661/1070
f 985/1665/1074 890/1550/1073 889/1549/1071 983/1663/1072
f 987/1667/1076 891/1551/1075 890/1550/1073 985/1665/1074
f 989/1669/1078 892/1552/1077 891/1551/1075 987/1667/1076
f 991/1671/1079 893/1553/1079 892/1552/1077 989/1669/1078
f 993/1673/1081 894/1554/1080 893/1553/1079 991/1671/1079
f 995/1675/1083 895/1555/1082 894/1554/1080 993/1673/1081
f 997/1677/1085 896/1556/1084 895/1555/1082 995/1675/1083
f 999/1679/1087 897/1557/1086 896/1556/1084 997/1677/1085
f 962/1642/1089 898/1558/1088 897/1557/1086 999/1679/1087
f 898/1558/1088 962/1642/1089 961/1641/1054 879/1539/1053

# Mesh
g Anillas uv_2 pCylinder12
usemtl aiStandardSurface2SG
f 1001/1681/741 1002/1682/741 1003/1683/742 1004/1684/743
f 1005/1685/744 1006/1686/745 1002/1682/741 1001/1681/741
f 1004/1684/743 1003/1683/742 1007/1687/746 1008/1688/747
f 1008/1688/747 1007/1687/746 1009/1689/748 1010/1690/748
f 1010/1690/748 1009/1689/748 1011/1691/749 1012/1692/750
f 1012/1692/750 1011/1691/749 1013/1693/751 1014/1694/752
f 1014/1694/752 1013/1693/751 1015/1695/753 1016/1696/754
f 1016/1696/754 1015/1695/753 1017/1697/755 1018/1698/756
f 1018/1698/756 1017/1697/755 1019/1699/757 1020/1700/758
f 1020/1700/758 1019/1699/757 1021/1701/759 1022/1702/760
f 1023/1703/761 1024/1704/761 1022/1702/760 1021/1701/759
f 1025/1705/762 1026/1706/763 1024/1704/761 1023/1703/761
f 1027/1707/764 1028/1708/765 1026/1706/763 1025/1705/762
f 1029/1709/766 1030/1710/767 1028/1708/765 1027/1707/764
f 1031/1711/768 1032/1712/768 1030/1710/767 1029/1709/766
f 1033/1713/769 1034/1714/769 1032/1712/768 1031/1711/768
f 1035/1715/770 1036/1716/771 1034/1714/769 1033/1713/769
f 1037/1717/772 1038/1718/773 1036/1716/771 1035/1715/770
f 1039/1719/774 1040/1720/775 1038/1718/773 1037/1717/772
f 1006/1686/745 1005/1685/744 1040/1720/775 1039/1719/774
f 1043/1723/778 1044/1724/779 1041/1721/776 1042/1722/777
f 1042/1722/777 1041/1721/776 1045/1725/780 1046/1726/781
f 1046/1726/781 1045/1725/780 1047/1727/782 1048/1728/783
f 1048/1728/783 1047/1727/782 1049/1729/784 1050/1730/785
f 1050/1730/785 1049/1729/784 1051/1731/786 1052/1732/787
f 1052/1732/787 1051/1731/786 1053/1733/788 1054/1734/789
f 1054/1734/789 1053/1733/788 1055/1735/790 1056/1736/791
f 1056/1736/791 1055/1735/790 1057/1737/792 1058/1738/793
f 1058/1738/793 1057/1737/792 1059/1739/794 1060/1740/795
f 1060/1740/795 1059/1739/794 1061/1741/796 1062/1742/796
f 1063/1743/797 1064/1744/798 1062/1742/796 1061/1741/796
f 1065/1745/799 1066/1746/800 1064/1744/798 1063/1743/797
f 1067/1747/801 1068/1748/802 1066/1746/800 1065/1745/799
f 1069/1749/803 1070/1750/804 1068/1748/802 1067/1747/801
f 1071/1751/805 1072/1752/806 1070/1750/804 1069/1749/803
f 1073/1753/807 1074/1754/808 1072/1752/806 1071/1751/805
f 1075/1755/809 1076/1756/810 1074/1754/808 1073/1753/807
f 1077/1757/811 1078/1758/812 1076/1756/810 1075/1755/809
f 1079/1759/813 1080/1760/814 1078/1758/812 1077/1757/811
f 1044/1724/779 1043/1723/778 1080/1760/814 1079/1759/813
f 1041/1764/815 1001/1761/815 1004/1762/816 1045/1763/817
f 1045/1763/817 1004/1762/816 1008/1765/818 1047/1766/818
f 1047/1766/818 1008/1765/818 1010/1767/819 1049/1768/819
f 1049/1768/819 1010/1767/819 1012/1769/820 1051/1770/820
f 1051/1770/820 1012/1769/820 1014/1771/821 1053/1772/821
f 1053/1772/821 1014/1771/821 1016/1773/822 1055/1774/823
f 1055/1774/823 1016/1773/822 1018/1775/824 1057/1776/825
f 1057/1776/825 1018/1775/824 1020/1777/826 1059/1778/827
f 1059/1778/827 1020/1777/826 1022/1779/828 1061/1780/829
f 1024/1781/830 1063/1782/830 1061/1780/829 1022/1779/828
f 1026/1783/831 1065/1784/832 1063/1782/830 1024/1781/830
f 1028/1785/833 1067/1786/833 1065/1784/832 1026/1783/831
f 1030/1787/834 1069/1788/835 1067/1786/833 1028/1785/833
f 1032/1789/836 1071/1790/836 1069/1788/835 1030/1787/834
f 1034/1791/837 1073/1792/837 1071/1790/836 1032/1789/836
f 1036/1793/838 1075/1794/838 1073/1792/837 1034/1791/837
f 1038/1795/839 1077/1796/839 1075/1794/838 1036/1793/838
f 1040/1797/840 1079/1798/841 1077/1796/839 1038/1795/839
f 1005/1799/842 1044/1800/843 1079/1798/841 1040/1797/840
f 1044/1800/843 1005/1799/842 1001/1761/815 1041/1764/815
f 1002/1682/845 1081/1801/846 1082/1802/847 1003/1683/844
f 1003/1683/844 1082/1802/847 1083/1803/849 1007/1687/848
f 1007/1687/848 1083/1803/849 1084/1804/850 1009/1689/850
f 1009/1689/850 1084/1804/850 1085/1805/852 1011/1691/851
f 1011/1691/851 1085/1805/852 1086/1806/854 1013/1693/853
f 1013/1693/853 1086/1806/854 1087/1807/856 1015/1695/855
f 1015/1695/855 1087/1807/856 1088/1808/858 1017/1697/857
f 1017/1697/857 1088/1808/858 1089/1809/860 1019/1699/859
f 1019/1699/859 1089/1809/860 1090/1810/861 1021/1701/861
f 1091/1811/863 1023/1703/862 1021/1701/861 1090/1810/861
f 1092/1812/865 1025/1705/864 1023/1703/862 1091/1811/863
f 1093/1813/867 1027/1707/866 1025/1705/864 1092/1812/865
f 1094/1814/868 1029/1709/868 1027/1707/866 1093/1813/867
f 1095/1815/869 1031/1711/869 1029/1709/868 1094/1814/868
f 1096/1816/871 1033/1713/870 1031/1711/869 1095/1815/869
f 1097/1817/873 1035/1715/872 1033/1713/870 1096/1816/871
f 1098/1818/874 1037/1717/874 1035/1715/872 1097/1817/873
f 1099/1819/876 1039/1719/875 1037/1717/874 1098/1818/874
f 1100/1820/877 1006/1686/877 1039/1719/875 1099/1819/876
f 1006/1686/877 1100/1820/877 1081/1801/846 1002/1682/845
f 1102/1822/881 1042/1722/878 1046/1726/879 1101/1821/880
f 1101/1821/880 1046/1726/879 1048/1728/882 1103/1823/883
f 1103/1823/883 1048/1728/882 1050/1730/884 1104/1824/885
f 1104/1824/885 1050/1730/884 1052/1732/886 1105/1825/887
f 1105/1825/887 1052/1732/886 1054/1734/888 1106/1826/888
f 1106/1826/888 1054/1734/888 1056/1736/889 1107/1827/890
f 1107/1827/890 1056/1736/889 1058/1738/891 1108/1828/892
f 1108/1828/892 1058/1738/891 1060/1740/893 1109/1829/893
f 1109/1829/893 1060/1740/893 1062/1742/894 1110/1830/894
f 1064/1744/895 1111/1831/896 1110/1830/894 1062/1742/894
f 1066/1746/897 1112/1832/897 1111/1831/896 1064/1744/895
f 1068/1748/898 1113/1833/899 1112/1832/897 1066/1746/897
f 1070/1750/900 1114/1834/900 1113/1833/899 1068/1748/898
f 1072/1752/901 1115/1835/902 1114/1834/900 1070/1750/900
f 1074/1754/903 1116/1836/903 1115/1835/902 1072/1752/901
f 1076/1756/904 1117/1837/904 1116/1836/903 1074/1754/903
f 1078/1758/905 1118/1838/906 1117/1837/904 1076/1756/904
f 1080/1760/907 1119/1839/908 1118/1838/906 1078/1758/905
f 1043/1723/909 1120/1840/909 1119/1839/908 1080/1760/907
f 1120/1840/909 1043/1723/909 1042/1722/878 1102/1822/881
f 1123/1843/912 1124/1844/913 1121/1841/910 1122/1842/911
f 1122/1842/911 1121/1841/910 1125/1845/914 1126/1846/915
f 1126/1846/915 1125/1845/914 1127/1847/916 1128/1848/917
f 1128/1848/917 1127/1847/916 1129/1849/918 1130/1850/919
f 1130/1850/919 1129/1849/918 1131/1851/920 1132/1852/920
f 1132/1852/920 1131/1851/920 1133/1853/921 1134/1854/922
f 1134/1854/922 1133/1853/921 1135/1855/923 1136/1856/924
f 1136/1856/924 1135/1855/923 1137/1857/925 1138/1858/926
f 1138/1858/926 1137/1857/925 1139/1859/927 1140/1860/927
f 1140/1860/927 1139/1859/927 1141/1861/928 1142/1862/928
f 1143/1863/929 1144/1864/930 1142/1862/928 1141/1861/928
f 1145/1865/931 1146/1866/932 1144/1864/930 1143/1863/929
f 1147/1867/933 1148/1868/934 1146/1866/932 1145/1865/931
f 1149/1869/935 1150/1870/936 1148/1868/934 1147/1867/933
f 1151/1871/937 1152/1872/937 1150/1870/936 1149/1869/935
f 1153/1873/938 1154/1874/939 1152/1872/937 1151/1871/937
f 1155/1875/940 1156/1876/941 1154/1874/939 1153/1873/938
f 1157/1877/942 1158/1878/943 1156/1876/941 1155/1875/940
f 1159/1879/944 1160/1880/945 1158/1878/943 1157/1877/942
f 1124/1844/913 1123/1843/912 1160/1880/945 1159/1879/944
f 1122/1881/946 1126/1882/947 1161/1883/948
f 1126/1882/947 1128/1884/949 1161/1883/948
f 1128/1884/949 1130/1885/950 1161/1883/948
f 1130/1885/950 1132/1886/951 1161/1883/948
f 1132/1886/951 1134/1887/951 1161/1883/948
f 1134/1887/951 1136/1888/952 1161/1883/948
f 1136/1888/952 1138/1889/953 1161/1883/948
f 1138/1889/953 1140/1890/954 1161/1883/948
f 1140/1890/954 1142/1891/948 1161/1883/948
f 1142/1891/948 1144/1892/955 1161/1883/948
f 1144/1892/955 1146/1893/956 1161/1883/948
f 1146/1893/956 1148/1894/957 1161/1883/948
f 1148/1894/957 1150/1895/948 1161/1883/948
f 1150/1895/948 1152/1896/958 1161/1883/948
f 1152/1896/958 1154/1897/959 1161/1883/948
f 1154/1897/959 1156/1898/955 1161/1883/948
f 1156/1898/955 1158/1899/948 1161/1883/948
f 1158/1899/948 1160/1900/960 1161/1883/948
f 1160/1900/960 1123/1901/961 1161/1883/948
f 1123/1901/961 1122/1881/946 1161/1883/948
f 1121/1841/965 1102/1822/962 1101/1821/963 1125/1845/964
f 1125/1845/964 1101/1821/963 1103/1823/966 1127/1847/967
f 1127/1847/967 1103/1823/966 1104/1824/968 1129/1849/969
f 1129/1849/969 1104/1824/968 1105/1825/970 1131/1851/971
f 1131/1851/971 1105/1825/970 1106/1826/972 1133/1853/973
f 1133/1853/973 1106/1826/972 1107/1827/974 1135/1855/975
f 1135/1855/975 1107/1827/974 1108/1828/976 1137/1857/977
f 1137/1857/977 1108/1828/976 1109/1829/978 1139/1859/979
f 1139/1859/979 1109/1829/978 1110/1830/980 1141/1861/980
f 1111/1831/981 1143/1863/982 1141/1861/980 1110/1830/980
f 1112/1832/983 1145/1865/984 1143/1863/982 1111/1831/981
f 1113/1833/985 1147/1867/985 1145/1865/984 1112/1832/983
f 1114/1834/986 1149/1869/987 1147/1867/985 1113/1833/985
f 1115/1835/988 1151/1871/989 1149/1869/987 1114/1834/986
f 1116/1836/990 1153/1873/991 1151/1871/989 1115/1835/988
f 1117/1837/992 1155/1875/993 1153/1873/991 1116/1836/990
f 1118/1838/994 1157/1877/995 1155/1875/993 1117/1837/992
f 1119/1839/996 1159/1879/997 1157/1877/995 1118/1838/994
f 1120/1840/998 1124/1844/999 1159/1879/997 1119/1839/996
f 1124/1844/999 1120/1840/998 1102/1822/962 1121/1841/965
f 1164/1904/1002 1165/1905/1003 1162/1902/1000 1163/1903/1001
f 1163/1903/1001 1162/1902/1000 1166/1906/1004 1167/1907/1005
f 1167/1907/1005 1166/1906/1004 1168/1908/1006 1169/1909/1007
f 1169/1909/1007 1168/1908/1006 1170/1910/1008 1171/1911/1009
f 1171/1911/1009 1170/1910/1008 1172/1912/1010 1173/1913/1011
f 1173/1913/1011 1172/1912/1010 1174/1914/1012 1175/1915/1013
f 1175/1915/1013 1174/1914/1012 1176/1916/1014 1177/1917/1015
f 1177/1917/1015 1176/1916/1014 1178/1918/1016 1179/1919/1017
f 1179/1919/1017 1178/1918/1016 1180/1920/1018 1181/1921/1019
f 1181/1921/1019 1180/1920/1018 1182/1922/1020 1183/1923/1021
f 1184/1924/1022 1185/1925/1023 1183/1923/1021 1182/1922/1020
f 1186/1926/1024 1187/1927/1025 1185/1925/1023 1184/1924/1022
f 1188/1928/1026 1189/1929/1027 1187/1927/1025 1186/1926/1024
f 1190/1930/1028 1191/1931/1029 1189/1929/1027 1188/1928/1026
f 1192/1932/1030 1193/1933/1030 1191/1931/1029 1190/1930/1028
f 1194/1934/1031 1195/1935/1032 1193/1933/1030 1192/1932/1030
f 1196/1936/1033 1197/1937/1034 1195/1935/1032 1194/1934/1031
f 1198/1938/1035 1199/1939/1036 1197/1937/1034 1196/1936/1033
f 1200/1940/1037 1201/1941/1038 1199/1939/1036 1198/1938/1035
f 1165/1905/1003 1164/1904/1002 1201/1941/1038 1200/1940/1037
f 1166/1906/1039 1162/1902/1040 1202/1942/1041
f 1168/1908/1040 1166/1906/1039 1202/1942/1041
f 1170/1910/1042 1168/1908/1040 1202/1942/1041
f 1172/1912/1043 1170/1910/1042 1202/1942/1041
f 1174/1914/1044 1172/1912/1043 1202/1942/1041
f 1176/1916/1040 1174/1914/1044 1202/1942/1041
f 1178/1918/1041 1176/1916/1040 1202/1942/1041
f 1180/1920/1045 1178/1918/1041 1202/1942/1041
f 1182/1922/1046 1180/1920/1045 1202/1942/1041
f 1184/1924/1047 1182/1922/1046 1202/1942/1041
f 1186/1926/1040 1184/1924/1047 1202/1942/1041
f 1188/1928/1048 1186/1926/1040 1202/1942/1041
f 1190/1930/1049 1188/1928/1048 1202/1942/1041
f 1192/1932/1050 1190/1930/1049 1202/1942/1041
f 1194/1934/1042 1192/1932/1050 1202/1942/1041
f 1196/1936/1040 1194/1934/1042 1202/1942/1041
f 1198/1938/1045 1196/1936/1040 1202/1942/1041
f 1200/1940/1043 1198/1938/1045 1202/1942/1041
f 1165/1905/1051 1200/1940/1043 1202/1942/1041
f 1162/1902/1040 1165/1905/1051 1202/1942/1041
f 1081/1801/1053 1163/1903/1054 1167/1907/1055 1082/1802/1052
f 1082/1802/1052 1167/1907/1055 1169/1909/1057 1083/1803/1056
f 1083/1803/1056 1169/1909/1057 1171/1911/1059 1084/1804/1058
f 1084/1804/1058 1171/1911/1059 1173/1913/1060 1085/1805/1060
f 1085/1805/1060 1173/1913/1060 1175/1915/1062 1086/1806/1061
f 1086/1806/1061 1175/1915/1062 1177/1917/1064 1087/1807/1063
f 1087/1807/1063 1177/1917/1064 1179/1919/1066 1088/1808/1065
f 1088/1808/1065 1179/1919/1066 1181/1921/1068 1089/1809/1067
f 1089/1809/1067 1181/1921/1068 1183/1923/1070 1090/1810/1069
f 1185/1925/1072 1091/1811/1071 1090/1810/1069 1183/1923/1070
f 1187/1927/1074 1092/1812/1073 1091/1811/1071 1185/1925/1072
f 1189/1929/1076 1093/1813/1075 1092/1812/1073 1187/1927/1074
f 1191/1931/1078 1094/1814/1077 1093/1813/1075 1189/1929/1076
f 1193/1933/1079 1095/1815/1079 1094/1814/1077 1191/1931/1078
f 1195/1935/1081 1096/1816/1080 1095/1815/1079 1193/1933/1079
f 1197/1937/1083 1097/1817/1082 1096/1816/1080 1195/1935/1081
f 1199/1939/1085 1098/1818/1084 1097/1817/1082 1197/1937/1083
f 1201/1941/1087 1099/1819/1086 1098/1818/1084 1199/1939/1085
f 1164/1904/1089 1100/1820/1088 1099/1819/1086 1201/1941/1087
f 1100/1820/1088 1164/1904/1089 1163/1903/1054 1081/1801/1053

# Mesh
g Anillas uv_2 pCylinder13
usemtl aiStandardSurface2SG
f 1203/1943/741 1204/1944/741 1205/1945/742 1206/1946/743
f 1207/1947/744 1208/1948/745 1204/1944/741 1203/1943/741
f 1206/1946/743 1205/1945/742 1209/1949/746 1210/1950/747
f 1210/1950/747 1209/1949/746 1211/1951/748 1212/1952/748
f 1212/1952/748 1211/1951/748 1213/1953/749 1214/1954/750
f 1214/1954/750 1213/1953/749 1215/1955/751 1216/1956/752
f 1216/1956/752 1215/1955/751 1217/1957/753 1218/1958/754
f 1218/1958/754 1217/1957/753 1219/1959/755 1220/1960/756
f 1220/1960/756 1219/1959/755 1221/1961/757 1222/1962/758
f 1222/1962/758 1221/1961/757 1223/1963/759 1224/1964/760
f 1225/1965/761 1226/1966/761 1224/1964/760 1223/1963/759
f 1227/1967/762 1228/1968/763 1226/1966/761 1225/1965/761
f 1229/1969/764 1230/1970/765 1228/1968/763 1227/1967/762
f 1231/1971/766 1232/1972/767 1230/1970/765 1229/1969/764
f 1233/1973/768 1234/1974/768 1232/1972/767 1231/1971/766
f 1235/1975/769 1236/1976/769 1234/1974/768 1233/1973/768
f 1237/1977/770 1238/1978/771 1236/1976/769 1235/1975/769
f 1239/1979/772 1240/1980/773 1238/1978/771 1237/1977/770
f 1241/1981/774 1242/1982/775 1240/1980/773 1239/1979/772
f 1208/1948/745 1207/1947/744 1242/1982/775 1241/1981/774
f 1245/1985/778 1246/1986/779 1243/1983/776 1244/1984/777
f 1244/1984/777 1243/1983/776 1247/1987/780 1248/1988/781
f 1248/1988/781 1247/1987/780 1249/1989/782 1250/1990/783
f 1250/1990/783 1249/1989/782 1251/1991/784 1252/1992/785
f 1252/1992/785 1251/1991/784 1253/1993/786 1254/1994/787
f 1254/1994/787 1253/1993/786 1255/1995/788 1256/1996/789
f 1256/1996/789 1255/1995/788 1257/1997/790 1258/1998/791
f 1258/1998/791 1257/1997/790 1259/1999/792 1260/2000/793
f 1260/2000/793 1259/1999/792 1261/2001/794 1262/2002/795
f 1262/2002/795 1261/2001/794 1263/2003/796 1264/2004/796
f 1265/2005/797 1266/2006/798 1264/2004/796 1263/2003/796
f 1267/2007/799 1268/2008/800 1266/2006/798 1265/2005/797
f 1269/2009/801 1270/2010/802 1268/2008/800 1267/2007/799
f 1271/2011/803 1272/2012/804 1270/2010/802 1269/2009/801
f 1273/2013/805 1274/2014/806 1272/2012/804 1271/2011/803
f 1275/2015/807 1276/2016/808 1274/2014/806 1273/2013/805
f 1277/2017/809 1278/2018/810 1276/2016/808 1275/2015/807
f 1279/2019/811 1280/2020/812 1278/2018/810 1277/2017/809
f 1281/2021/813 1282/2022/814 1280/2020/812 1279/2019/811
f 1246/1986/779 1245/1985/778 1282/2022/814 1281/2021/813
f 1243/2026/815 1203/2023/815 1206/2024/816 1247/2025/817
f 1247/2025/817 1206/2024/816 1210/2027/818 1249/2028/818
f 1249/2028/818 1210/2027/818 1212/2029/819 1251/2030/819
f 1251/2030/819 1212/2029/819 1214/2031/820 1253/2032/820
f 1253/2032/820 1214/2031/820 1216/2033/821 1255/2034/821
f 1255/2034/821 1216/2033/821 1218/2035/822 1257/2036/823
f 1257/2036/823 1218/2035/822 1220/2037/824 1259/2038/825
f 1259/2038/825 1220/2037/824 1222/2039/826 1261/2040/827
f 1261/2040/827 1222/2039/826 1224/2041/828 1263/2042/829
f 1226/2043/830 1265/2044/830 1263/2042/829 1224/2041/828
f 1228/2045/831 1267/2046/832 1265/2044/830 1226/2043/830
f 1230/2047/833 1269/2048/833 1267/2046/832 1228/2045/831
f 1232/2049/834 1271/2050/835 1269/2048/833 1230/2047/833
f 1234/2051/836 1273/2052/836 1271/2050/835 1232/2049/834
f 1236/2053/837 1275/2054/837 1273/2052/836 1234/2051/836
f 1238/2055/838 1277/2056/838 1275/2054/837 1236/2053/837
f 1240/2057/839 1279/2058/839 1277/2056/838 1238/2055/838
f 1242/2059/840 1281/2060/841 1279/2058/839 1240/2057/839
f 1207/2061/842 1246/2062/843 1281/2060/841 1242/2059/840
f 1246/2062/843 1207/2061/842 1203/2023/815 1243/2026/815
f 1204/1944/845 1283/2063/846 1284/2064/847 1205/1945/844
f 1205/1945/844 1284/2064/847 1285/2065/849 1209/1949/848
f 1209/1949/848 1285/2065/849 1286/2066/850 1211/1951/850
f 1211/1951/850 1286/2066/850 1287/2067/852 1213/1953/851
f 1213/1953/851 1287/2067/852 1288/2068/854 1215/1955/853
f 1215/1955/853 1288/2068/854 1289/2069/856 1217/1957/855
f 1217/1957/855 1289/2069/856 1290/2070/858 1219/1959/857
f 1219/1959/857 1290/2070/858 1291/2071/860 1221/1961/859
f 1221/1961/859 1291/2071/860 1292/2072/861 1223/1963/861
f 1293/2073/863 1225/1965/862 1223/1963/861 1292/2072/861
f 1294/2074/865 1227/1967/864 1225/1965/862 1293/2073/863
f 1295/2075/867 1229/1969/866 1227/1967/864 1294/2074/865
f 1296/2076/868 1231/1971/868 1229/1969/866 1295/2075/867
f 1297/2077/869 1233/1973/869 1231/1971/868 1296/2076/868
f 1298/2078/871 1235/1975/870 1233/1973/869 1297/2077/869
f 1299/2079/873 1237/1977/872 1235/1975/870 1298/2078/871
f 1300/2080/874 1239/1979/874 1237/1977/872 1299/2079/873
f 1301/2081/876 1241/1981/875 1239/1979/874 1300/2080/874
f 1302/2082/877 1208/1948/877 1241/1981/875 1301/2081/876
f 1208/1948/877 1302/2082/877 1283/2063/846 1204/1944/845
f 1304/2084/881 1244/1984/878 1248/1988/879 1303/2083/880
f 1303/2083/880 1248/1988/879 1250/1990/882 1305/2085/883
f 1305/2085/883 1250/1990/882 1252/1992/884 1306/2086/885
f 1306/2086/885 1252/1992/884 1254/1994/886 1307/2087/887
f 1307/2087/887 1254/1994/886 1256/1996/888 1308/2088/888
f 1308/2088/888 1256/1996/888 1258/1998/889 1309/2089/890
f 1309/2089/890 1258/1998/889 1260/2000/891 1310/2090/892
f 1310/2090/892 1260/2000/891 1262/2002/893 1311/2091/893
f 1311/2091/893 1262/2002/893 1264/2004/894 1312/2092/894
f 1266/2006/895 1313/2093/896 1312/2092/894 1264/2004/894
f 1268/2008/897 1314/2094/897 1313/2093/896 1266/2006/895
f 1270/2010/898 1315/2095/899 1314/2094/897 1268/2008/897
f 1272/2012/900 1316/2096/900 1315/2095/899 1270/2010/898
f 1274/2014/901 1317/2097/902 1316/2096/900 1272/2012/900
f 1276/2016/903 1318/2098/903 1317/2097/902 1274/2014/901
f 1278/2018/904 1319/2099/904 1318/2098/903 1276/2016/903
f 1280/2020/905 1320/2100/906 1319/2099/904 1278/2018/904
f 1282/2022/907 1321/2101/908 1320/2100/906 1280/2020/905
f 1245/1985/909 1322/2102/909 1321/2101/908 1282/2022/907
f 1322/2102/909 1245/1985/909 1244/1984/878 1304/2084/881
f 1325/2105/912 1326/2106/913 1323/2103/910 1324/2104/911
f 1324/2104/911 1323/2103/910 1327/2107/914 1328/2108/915
f 1328/2108/915 1327/2107/914 1329/2109/916 1330/2110/917
f 1330/2110/917 1329/2109/916 1331/2111/918 1332/2112/919
f 1332/2112/919 1331/2111/918 1333/2113/920 1334/2114/920
f 1334/2114/920 1333/2113/920 1335/2115/921 1336/2116/922
f 1336/2116/922 1335/2115/921 1337/2117/923 1338/2118/924
f 1338/2118/924 1337/2117/923 1339/2119/925 1340/2120/926
f 1340/2120/926 1339/2119/925 1341/2121/927 1342/2122/927
f 1342/2122/927 1341/2121/927 1343/2123/928 1344/2124/928
f 1345/2125/929 1346/2126/930 1344/2124/928 1343/2123/928
f 1347/2127/931 1348/2128/932 1346/2126/930 1345/2125/929
f 1349/2129/933 1350/2130/934 1348/2128/932 1347/2127/931
f 1351/2131/935 1352/2132/936 1350/2130/934 1349/2129/933
f 1353/2133/937 1354/2134/937 1352/2132/936 1351/2131/935
f 1355/2135/938 1356/2136/939 1354/2134/937 1353/2133/937
f 1357/2137/940 1358/2138/941 1356/2136/939 1355/2135/938
f 1359/2139/942 1360/2140/943 1358/2138/941 1357/2137/940
f 1361/2141/944 1362/2142/945 1360/2140/943 1359/2139/942
f 1326/2106/913 1325/2105/912 1362/2142/945 1361/2141/944
f 1324/2143/946 1328/2144/947 1363/2145/948
f 1328/2144/947 1330/2146/949 1363/2145/948
f 1330/2146/949 1332/2147/950 1363/2145/948
f 1332/2147/950 1334/2148/951 1363/2145/948
f 1334/2148/951 1336/2149/951 1363/2145/948
f 1336/2149/951 1338/2150/952 1363/2145/948
f 1338/2150/952 1340/2151/953 1363/2145/948
f 1340/2151/953 1342/2152/954 1363/2145/948
f 1342/2152/954 1344/2153/948 1363/2145/948
f 1344/2153/948 1346/2154/955 1363/2145/948
f 1346/2154/955 1348/2155/956 1363/2145/948
f 1348/2155/956 1350/2156/957 1363/2145/948
f 1350/2156/957 1352/2157/948 1363/2145/948
f 1352/2157/948 1354/2158/958 1363/2145/948
f 1354/2158/958 1356/2159/959 1363/2145/948
f 1356/2159/959 1358/2160/955 1363/2145/948
f 1358/2160/955 1360/2161/948 1363/2145/948
f 1360/2161/948 1362/2162/960 1363/2145/948
f 1362/2162/960 1325/2163/961 1363/2145/948
f 1325/2163/961 1324/2143/946 1363/2145/948
f 1323/2103/965 1304/2084/962 1303/2083/963 1327/2107/964
f 1327/2107/964 1303/2083/963 1305/2085/966 1329/2109/967
f 1329/2109/967 1305/2085/966 1306/2086/968 1331/2111/969
f 1331/2111/969 1306/2086/968 1307/2087/970 1333/2113/971
f 1333/2113/971 1307/2087/970 1308/2088/972 1335/2115/973
f 1335/2115/973 1308/2088/972 1309/2089/974 1337/2117/975
f 1337/2117/975 1309/2089/974 1310/2090/976 1339/2119/977
f 1339/2119/977 1310/2090/976 1311/2091/978 1341/2121/979
f 1341/2121/979 1311/2091/978 1312/2092/980 1343/2123/980
f 1313/2093/981 1345/2125/982 1343/2123/980 1312/2092/980
f 1314/2094/983 1347/2127/984 1345/2125/982 1313/2093/981
f 1315/2095/985 1349/2129/985 1347/2127/984 1314/2094/983
f 1316/2096/986 1351/2131/987 1349/2129/985 1315/2095/985
f 1317/2097/988 1353/2133/989 1351/2131/987 1316/2096/986
f 1318/2098/990 1355/2135/991 1353/2133/989 1317/2097/988
f 1319/2099/992 1357/2137/993 1355/2135/991 1318/2098/990
f 1320/2100/994 1359/2139/995 1357/2137/993 1319/2099/992
f 1321/2101/996 1361/2141/997 1359/2139/995 1320/2100/994
f 1322/2102/998 1326/2106/999 1361/2141/997 1321/2101/996
f 1326/2106/999 1322/2102/998 1304/2084/962 1323/2103/965
f 1366/2166/1002 1367/2167/1003 1364/2164/1000 1365/2165/1001
f 1365/2165/1001 1364/2164/1000 1368/2168/1004 1369/2169/1005
f 1369/2169/1005 1368/2168/1004 1370/2170/1006 1371/2171/1007
f 1371/2171/1007 1370/2170/1006 1372/2172/1008 1373/2173/1009
f 1373/2173/1009 1372/2172/1008 1374/2174/1010 1375/2175/1011
f 1375/2175/1011 1374/2174/1010 1376/2176/1012 1377/2177/1013
f 1377/2177/1013 1376/2176/1012 1378/2178/1014 1379/2179/1015
f 1379/2179/1015 1378/2178/1014 1380/2180/1016 1381/2181/1017
f 1381/2181/1017 1380/2180/1016 1382/2182/1018 1383/2183/1019
f 1383/2183/1019 1382/2182/1018 1384/2184/1020 1385/2185/1021
f 1386/2186/1022 1387/2187/1023 1385/2185/1021 1384/2184/1020
f 1388/2188/1024 1389/2189/1025 1387/2187/1023 1386/2186/1022
f 1390/2190/1026 1391/2191/1027 1389/2189/1025 1388/2188/1024
f 1392/2192/1028 1393/2193/1029 1391/2191/1027 1390/2190/1026
f 1394/2194/1030 1395/2195/1030 1393/2193/1029 1392/2192/1028
f 1396/2196/1031 1397/2197/1032 1395/2195/1030 1394/2194/1030
f 1398/2198/1033 1399/2199/1034 1397/2197/1032 1396/2196/1031
f 1400/2200/1035 1401/2201/1036 1399/2199/1034 1398/2198/1033
f 1402/2202/1037 1403/2203/1038 1401/2201/1036 1400/2200/1035
f 1367/2167/1003 1366/2166/1002 1403/2203/1038 1402/2202/1037
f 1368/2168/1039 1364/2164/1040 1404/2204/1041
f 1370/2170/1040 1368/2168/1039 1404/2204/1041
f 1372/2172/1042 1370/2170/1040 1404/2204/1041
f 1374/2174/1043 1372/2172/1042 1404/2204/1041
f 1376/2176/1044 1374/2174/1043 1404/2204/1041
f 1378/2178/1040 1376/2176/1044 1404/2204/1041
f 1380/2180/1041 1378/2178/1040 1404/2204/1041
f 1382/2182/1045 1380/2180/1041 1404/2204/1041
f 1384/2184/1046 1382/2182/1045 1404/2204/1041
f 1386/2186/1047 1384/2184/1046 1404/2204/1041
f 1388/2188/1040 1386/2186/1047 1404/2204/1041
f 1390/2190/1048 1388/2188/1040 1404/2204/1041
f 1392/2192/1049 1390/2190/1048 1404/2204/1041
f 1394/2194/1050 1392/2192/1049 1404/2204/1041
f 1396/2196/1042 1394/2194/1050 1404/2204/1041
f 1398/2198/1040 1396/2196/1042 1404/2204/1041
f 1400/2200/1045 1398/2198/1040 1404/2204/1041
f 1402/2202/1043 1400/2200/1045 1404/2204/1041
f 1367/2167/1051 1402/2202/1043 1404/2204/1041
f 1364/2164/1040 1367/2167/1051 1404/2204/1041
f 1283/2063/1053 1365/2165/1054 1369/2169/1055 1284/2064/1052
f 1284/2064/1052 1369/2169/1055 1371/2171/1057 1285/2065/1056
f 1285/2065/1056 1371/2171/1057 1373/2173/1059 1286/2066/1058
f 1286/2066/1058 1373/2173/1059 1375/2175/1060 1287/2067/1060
f 1287/2067/1060 1375/2175/1060 1377/2177/1062 1288/2068/1061
f 1288/2068/1061 1377/2177/1062 1379/2179/1064 1289/2069/1063
f 1289/2069/1063 1379/2179/1064 1381/2181/1066 1290/2070/1065
f 1290/2070/1065 1381/2181/1066 1383/2183/1068 1291/2071/1067
f 1291/2071/1067 1383/2183/1068 1385/2185/1070 1292/2072/1069
f 1387/2187/1072 1293/2073/1071 1292/2072/1069 1385/2185/1070
f 1389/2189/1074 1294/2074/1073 1293/2073/1071 1387/2187/1072
f 1391/2191/1076 1295/2075/1075 1294/2074/1073 1389/2189/1074
f 1393/2193/1078 1296/2076/1077 1295/2075/1075 1391/2191/1076
f 1395/2195/1079 1297/2077/1079 1296/2076/1077 1393/2193/1078
f 1397/2197/1081 1298/2078/1080 1297/2077/1079 1395/2195/1079
f 1399/2199/1083 1299/2079/1082 1298/2078/1080 1397/2197/1081
f 1401/2201/1085 1300/2080/1084 1299/2079/1082 1399/2199/1083
f 1403/2203/1087 1301/2081/1086 1300/2080/1084 1401/2201/1085
f 1366/2166/1089 1302/2082/1088 1301/2081/1086 1403/2203/1087
f 1302/2082/1088 1366/2166/1089 1365/2165/1054 1283/2063/1053

# Mesh
g Anillas uv_2 pCylinder14
usemtl aiStandardSurface2SG
f 1405/2205/741 1406/2206/741 1407/2207/742 1408/2208/743
f 1409/2209/744 1410/2210/745 1406/2206/741 1405/2205/741
f 1408/2208/743 1407/2207/742 1411/2211/746 1412/2212/747
f 1412/2212/747 1411/2211/746 1413/2213/748 1414/2214/748
f 1414/2214/748 1413/2213/748 1415/2215/749 1416/2216/750
f 1416/2216/750 1415/2215/749 1417/2217/751 1418/2218/752
f 1418/2218/752 1417/2217/751 1419/2219/753 1420/2220/754
f 1420/2220/754 1419/2219/753 1421/2221/755 1422/2222/756
f 1422/2222/756 1421/2221/755 1423/2223/757 1424/2224/758
f 1424/2224/758 1423/2223/757 1425/2225/759 1426/2226/760
f 1427/2227/761 1428/2228/761 1426/2226/760 1425/2225/759
f 1429/2229/762 1430/2230/763 1428/2228/761 1427/2227/761
f 1431/2231/764 1432/2232/765 1430/2230/763 1429/2229/762
f 1433/2233/766 1434/2234/767 1432/2232/765 1431/2231/764
f 1435/2235/768 1436/2236/768 1434/2234/767 1433/2233/766
f 1437/2237/769 1438/2238/769 1436/2236/768 1435/2235/768
f 1439/2239/770 1440/2240/771 1438/2238/769 1437/2237/769
f 1441/2241/772 1442/2242/773 1440/2240/771 1439/2239/770
f 1443/2243/774 1444/2244/775 1442/2242/773 1441/2241/772
f 1410/2210/745 1409/2209/744 1444/2244/775 1443/2243/774
f 1447/2247/778 1448/2248/779 1445/2245/776 1446/2246/777
f 1446/2246/777 1445/2245/776 1449/2249/780 1450/2250/781
f 1450/2250/781 1449/2249/780 1451/2251/782 1452/2252/783
f 1452/2252/783 1451/2251/782 1453/2253/784 1454/2254/785
f 1454/2254/785 1453/2253/784 1455/2255/786 1456/2256/787
f 1456/2256/787 1455/2255/786 1457/2257/788 1458/2258/789
f 1458/2258/789 1457/2257/788 1459/2259/790 1460/2260/791
f 1460/2260/791 1459/2259/790 1461/2261/792 1462/2262/793
f 1462/2262/793 1461/2261/792 1463/2263/794 1464/2264/795
f 1464/2264/795 1463/2263/794 1465/2265/796 1466/2266/796
f 1467/2267/797 1468/2268/798 1466/2266/796 1465/2265/796
f 1469/2269/799 1470/2270/800 1468/2268/798 1467/2267/797
f 1471/2271/801 1472/2272/802 1470/2270/800 1469/2269/799
f 1473/2273/803 1474/2274/804 1472/2272/802 1471/2271/801
f 1475/2275/805 1476/2276/806 1474/2274/804 1473/2273/803
f 1477/2277/807 1478/2278/808 1476/2276/806 1475/2275/805
f 1479/2279/809 1480/2280/810 1478/2278/808 1477/2277/807
f 1481/2281/811 1482/2282/812 1480/2280/810 1479/2279/809
f 1483/2283/813 1484/2284/814 1482/2282/812 1481/2281/811
f 1448/2248/779 1447/2247/778 1484/2284/814 1483/2283/813
f 1445/2288/815 1405/2285/815 1408/2286/816 1449/2287/817
f 1449/2287/817 1408/2286/816 1412/2289/818 1451/2290/818
f 1451/2290/818 1412/2289/818 1414/2291/819 1453/2292/819
f 1453/2292/819 1414/2291/819 1416/2293/820 1455/2294/820
f 1455/2294/820 1416/2293/820 1418/2295/821 1457/2296/821
f 1457/2296/821 1418/2295/821 1420/2297/822 1459/2298/823
f 1459/2298/823 1420/2297/822 1422/2299/824 1461/2300/825
f 1461/2300/825 1422/2299/824 1424/2301/826 1463/2302/827
f 1463/2302/827 1424/2301/826 1426/2303/828 1465/2304/829
f 1428/2305/830 1467/2306/830 1465/2304/829 1426/2303/828
f 1430/2307/831 1469/2308/832 1467/2306/830 1428/2305/830
f 1432/2309/833 1471/2310/833 1469/2308/832 1430/2307/831
f 1434/2311/834 1473/2312/835 1471/2310/833 1432/2309/833
f 1436/2313/836 1475/2314/836 1473/2312/835 1434/2311/834
f 1438/2315/837 1477/2316/837 1475/2314/836 1436/2313/836
f 1440/2317/838 1479/2318/838 1477/2316/837 1438/2315/837
f 1442/2319/839 1481/2320/839 1479/2318/838 1440/2317/838
f 1444/2321/840 1483/2322/841 1481/2320/839 1442/2319/839
f 1409/2323/842 1448/2324/843 1483/2322/841 1444/2321/840
f 1448/2324/843 1409/2323/842 1405/2285/815 1445/2288/815
f 1406/2206/845 1485/2325/846 1486/2326/847 1407/2207/844
f 1407/2207/844 1486/2326/847 1487/2327/849 1411/2211/848
f 1411/2211/848 1487/2327/849 1488/2328/850 1413/2213/850
f 1413/2213/850 1488/2328/850 1489/2329/852 1415/2215/851
f 1415/2215/851 1489/2329/852 1490/2330/854 1417/2217/853
f 1417/2217/853 1490/2330/854 1491/2331/856 1419/2219/855
f 1419/2219/855 1491/2331/856 1492/2332/858 1421/2221/857
f 1421/2221/857 1492/2332/858 1493/2333/860 1423/2223/859
f 1423/2223/859 1493/2333/860 1494/2334/861 1425/2225/861
f 1495/2335/863 1427/2227/862 1425/2225/861 1494/2334/861
f 1496/2336/865 1429/2229/864 1427/2227/862 1495/2335/863
f 1497/2337/867 1431/2231/866 1429/2229/864 1496/2336/865
f 1498/2338/868 1433/2233/868 1431/2231/866 1497/2337/867
f 1499/2339/869 1435/2235/869 1433/2233/868 1498/2338/868
f 1500/2340/871 1437/2237/870 1435/2235/869 1499/2339/869
f 1501/2341/873 1439/2239/872 1437/2237/870 1500/2340/871
f 1502/2342/874 1441/2241/874 1439/2239/872 1501/2341/873
f 1503/2343/876 1443/2243/875 1441/2241/874 1502/2342/874
f 1504/2344/877 1410/2210/877 1443/2243/875 1503/2343/876
f 1410/2210/877 1504/2344/877 1485/2325/846 1406/2206/845
f 1506/2346/881 1446/2246/878 1450/2250/879 1505/2345/880
f 1505/2345/880 1450/2250/879 1452/2252/882 1507/2347/883
f 1507/2347/883 1452/2252/882 1454/2254/884 1508/2348/885
f 1508/2348/885 1454/2254/884 1456/2256/886 1509/2349/887
f 1509/2349/887 1456/2256/886 1458/2258/888 1510/2350/888
f 1510/2350/888 1458/2258/888 1460/2260/889 1511/2351/890
f 1511/2351/890 1460/2260/889 1462/2262/891 1512/2352/892
f 1512/2352/892 1462/2262/891 1464/2264/893 1513/2353/893
f 1513/2353/893 1464/2264/893 1466/2266/894 1514/2354/894
f 1468/2268/895 1515/2355/896 1514/2354/894 1466/2266/894
f 1470/2270/897 1516/2356/897 1515/2355/896 1468/2268/895
f 1472/2272/898 1517/2357/899 1516/2356/897 1470/2270/897
f 1474/2274/900 1518/2358/900 1517/2357/899 1472/2272/898
f 1476/2276/901 1519/2359/902 1518/2358/900 1474/2274/900
f 1478/2278/903 1520/2360/903 1519/2359/902 1476/2276/901
f 1480/2280/904 1521/2361/904 1520/2360/903 1478/2278/903
f 1482/2282/905 1522/2362/906 1521/2361/904 1480/2280/904
f 1484/2284/907 1523/2363/908 1522/2362/906 1482/2282/905
f 1447/2247/909 1524/2364/909 1523/2363/908 1484/2284/907
f 1524/2364/909 1447/2247/909 1446/2246/878 1506/2346/881
f 1527/2367/912 1528/2368/913 1525/2365/910 1526/2366/911
f 1526/2366/911 1525/2365/910 1529/2369/914 1530/2370/915
f 1530/2370/915 1529/2369/914 1531/2371/916 1532/2372/917
f 1532/2372/917 1531/2371/916 1533/2373/918 1534/2374/919
f 1534/2374/919 1533/2373/918 1535/2375/920 1536/2376/920
f 1536/2376/920 1535/2375/920 1537/2377/921 1538/2378/922
f 1538/2378/922 1537/2377/921 1539/2379/923 1540/2380/924
f 1540/2380/924 1539/2379/923 1541/2381/925 1542/2382/926
f 1542/2382/926 1541/2381/925 1543/2383/927 1544/2384/927
f 1544/2384/927 1543/2383/927 1545/2385/928 1546/2386/928
f 1547/2387/929 1548/2388/930 1546/2386/928 1545/2385/928
f 1549/2389/931 1550/2390/932 1548/2388/930 1547/2387/929
f 1551/2391/933 1552/2392/934 1550/2390/932 1549/2389/931
f 1553/2393/935 1554/2394/936 1552/2392/934 1551/2391/933
f 1555/2395/937 1556/2396/937 1554/2394/936 1553/2393/935
f 1557/2397/938 1558/2398/939 1556/2396/937 1555/2395/937
f 1559/2399/940 1560/2400/941 1558/2398/939 1557/2397/938
f 1561/2401/942 1562/2402/943 1560/2400/941 1559/2399/940
f 1563/2403/944 1564/2404/945 1562/2402/943 1561/2401/942
f 1528/2368/913 1527/2367/912 1564/2404/945 1563/2403/944
f 1526/2405/946 1530/2406/947 1565/2407/948
f 1530/2406/947 1532/2408/949 1565/2407/948
f 1532/2408/949 1534/2409/950 1565/2407/948
f 1534/2409/950 1536/2410/951 1565/2407/948
f 1536/2410/951 1538/2411/951 1565/2407/948
f 1538/2411/951 1540/2412/952 1565/2407/948
f 1540/2412/952 1542/2413/953 1565/2407/948
f 1542/2413/953 1544/2414/954 1565/2407/948
f 1544/2414/954 1546/2415/948 1565/2407/948
f 1546/2415/948 1548/2416/955 1565/2407/948
f 1548/2416/955 1550/2417/956 1565/2407/948
f 1550/2417/956 1552/2418/957 1565/2407/948
f 1552/2418/957 1554/2419/948 1565/2407/948
f 1554/2419/948 1556/2420/958 1565/2407/948
f 1556/2420/958 1558/2421/959 1565/2407/948
f 1558/2421/959 1560/2422/955 1565/2407/948
f 1560/2422/955 1562/2423/948 1565/2407/948
f 1562/2423/948 1564/2424/960 1565/2407/948
f 1564/2424/960 1527/2425/961 1565/2407/948
f 1527/2425/961 1526/2405/946 1565/2407/948
f 1525/2365/965 1506/2346/962 1505/2345/963 1529/2369/964
f 1529/2369/964 1505/2345/963 1507/2347/966 1531/2371/967
f 1531/2371/967 1507/2347/966 1508/2348/968 1533/2373/969
f 1533/2373/969 1508/2348/968 1509/2349/970 1535/2375/971
f 1535/2375/971 1509/2349/970 1510/2350/972 1537/2377/973
f 1537/2377/973 1510/2350/972 1511/2351/974 1539/2379/975
f 1539/2379/975 1511/2351/974 1512/2352/976 1541/2381/977
f 1541/2381/977 1512/2352/976 1513/2353/978 1543/2383/979
f 1543/2383/979 1513/2353/978 1514/2354/980 1545/2385/980
f 1515/2355/981 1547/2387/982 1545/2385/980 1514/2354/980
f 1516/2356/983 1549/2389/984 1547/2387/982 1515/2355/981
f 1517/2357/985 1551/2391/985 1549/2389/984 1516/2356/983
f 1518/2358/986 1553/2393/987 1551/2391/985 1517/2357/985
f 1519/2359/988 1555/2395/989 1553/2393/987 1518/2358/986
f 1520/2360/990 1557/2397/991 1555/2395/989 1519/2359/988
f 1521/2361/992 1559/2399/993 1557/2397/991 1520/2360/990
f 1522/2362/994 1561/2401/995 1559/2399/993 1521/2361/992
f 1523/2363/996 1563/2403/997 1561/2401/995 1522/2362/994
f 1524/2364/998 1528/2368/999 1563/2403/997 1523/2363/996
f 1528/2368/999 1524/2364/998 1506/2346/962 1525/2365/965
f 1568/2428/1002 1569/2429/1003 1566/2426/1000 1567/2427/1001
f 1567/2427/1001 1566/2426/1000 1570/2430/1004 1571/2431/1005
f 1571/2431/1005 1570/2430/1004 1572/2432/1006 1573/2433/1007
f 1573/2433/1007 1572/2432/1006 1574/2434/1008 1575/2435/1009
f 1575/2435/1009 1574/2434/1008 1576/2436/1010 1577/2437/1011
f 1577/2437/1011 1576/2436/1010 1578/2438/1012 1579/2439/1013
f 1579/2439/1013 1578/2438/1012 1580/2440/1014 1581/2441/1015
f 1581/2441/1015 1580/2440/1014 1582/2442/1016 1583/2443/1017
f 1583/2443/1017 1582/2442/1016 1584/2444/1018 1585/2445/1019
f 1585/2445/1019 1584/2444/1018 1586/2446/1020 1587/2447/1021
f 1588/2448/1022 1589/2449/1023 1587/2447/1021 1586/2446/1020
f 1590/2450/1024 1591/2451/1025 1589/2449/1023 1588/2448/1022
f 1592/2452/1026 1593/2453/1027 1591/2451/1025 1590/2450/1024
f 1594/2454/1028 1595/2455/1029 1593/2453/1027 1592/2452/1026
f 1596/2456/1030 1597/2457/1030 1595/2455/1029 1594/2454/1028
f 1598/2458/1031 1599/2459/1032 1597/2457/1030 1596/2456/1030
f 1600/2460/1033 1601/2461/1034 1599/2459/1032 1598/2458/1031
f 1602/2462/1035 1603/2463/1036 1601/2461/1034 1600/2460/1033
f 1604/2464/1037 1605/2465/1038 1603/2463/1036 1602/2462/1035
f 1569/2429/1003 1568/2428/1002 1605/2465/1038 1604/2464/1037
f 1570/2430/1039 1566/2426/1040 1606/2466/1041
f 1572/2432/1040 1570/2430/1039 1606/2466/1041
f 1574/2434/1042 1572/2432/1040 1606/2466/1041
f 1576/2436/1043 1574/2434/1042 1606/2466/1041
f 1578/2438/1044 1576/2436/1043 1606/2466/1041
f 1580/2440/1040 1578/2438/1044 1606/2466/1041
f 1582/2442/1041 1580/2440/1040 1606/2466/1041
f 1584/2444/1045 1582/2442/1041 1606/2466/1041
f 1586/2446/1046 1584/2444/1045 1606/2466/1041
f 1588/2448/1047 1586/2446/1046 1606/2466/1041
f 1590/2450/1040 1588/2448/1047 1606/2466/1041
f 1592/2452/1048 1590/2450/1040 1606/2466/1041
f 1594/2454/1049 1592/2452/1048 1606/2466/1041
f 1596/2456/1050 1594/2454/1049 1606/2466/1041
f 1598/2458/1042 1596/2456/1050 1606/2466/1041
f 1600/2460/1040 1598/2458/1042 1606/2466/1041
f 1602/2462/1045 1600/2460/1040 1606/2466/1041
f 1604/2464/1043 1602/2462/1045 1606/2466/1041
f 1569/2429/1051 1604/2464/1043 1606/2466/1041
f 1566/2426/1040 1569/2429/1051 1606/2466/1041
f 1485/2325/1053 1567/2427/1054 1571/2431/1055 1486/2326/1052
f 1486/2326/1052 1571/2431/1055 1573/2433/1057 1487/2327/1056
f 1487/2327/1056 1573/2433/1057 1575/2435/1059 1488/2328/1058
f 1488/2328/1058 1575/2435/1059 1577/2437/1060 1489/2329/1060
f 1489/2329/1060 1577/2437/1060 1579/2439/1062 1490/2330/1061
f 1490/2330/1061 1579/2439/1062 1581/2441/1064 1491/2331/1063
f 1491/2331/1063 1581/2441/1064 1583/2443/1066 1492/2332/1065
f 1492/2332/1065 1583/2443/1066 1585/2445/1068 1493/2333/1067
f 1493/2333/1067 1585/2445/1068 1587/2447/1070 1494/2334/1069
f 1589/2449/1072 1495/2335/1071 1494/2334/1069 1587/2447/1070
f 1591/2451/1074 1496/2336/1073 1495/2335/1071 1589/2449/1072
f 1593/2453/1076 1497/2337/1075 1496/2336/1073 1591/2451/1074
f 1595/2455/1078 1498/2338/1077 1497/2337/1075 1593/2453/1076
f 1597/2457/1079 1499/2339/1079 1498/2338/1077 1595/2455/1078
f 1599/2459/1081 1500/2340/1080 1499/2339/1079 1597/2457/1079
f 1601/2461/1083 1501/2341/1082 1500/2340/1080 1599/2459/1081
f 1603/2463/1085 1502/2342/1084 1501/2341/1082 1601/2461/1083
f 1605/2465/1087 1503/2343/1086 1502/2342/1084 1603/2463/1085
f 1568/2428/1089 1504/2344/1088 1503/2343/1086 1605/2465/1087
f 1504/2344/1088 1568/2428/1089 1567/2427/1054 1485/2325/1053

# Mesh
g uv_2 Rueda
usemtl aiStandardSurface2SG
f 1609/2469/1092 1610/2470/1093 1607/2467/1090 1608/2468/1091
f 1608/2468/1091 1607/2467/1090 1611/2471/1094 1612/2472/1095
f 1613/2473/1096 1614/2474/1097 1610/2470/1093 1609/2469/1092
f 1616/2476/1099 1614/2474/1097 1613/2473/1096 1615/2475/1098
f 1618/2478/1101 1616/2476/1099 1615/2475/1098 1617/2477/1100
f 1618/2478/1101 1617/2477/1100 1619/2479/1102 1620/2480/1103
f 1620/2480/1103 1619/2479/1102 1621/2481/1104 1622/2482/1105
f 1622/2482/1105 1621/2481/1104 1623/2483/1106 1624/2484/1107
f 1624/2484/1107 1623/2483/1106 1625/2485/1108 1626/2486/1109
f 1626/2486/1109 1625/2485/1108 1627/2487/1110 1628/2488/1111
f 1628/2488/1111 1627/2487/1110 1629/2489/1112 1630/2490/1113
f 1630/2490/1113 1629/2489/1112 1631/2491/1114 1632/2492/1115
f 1632/2492/1115 1631/2491/1114 1633/2493/1116 1634/2494/1117
f 1633/2493/1116 1635/2495/1118 1636/2496/1119 1634/2494/1117
f 1635/2495/1118 1637/2497/1120 1638/2498/1121 1636/2496/1119
f 1639/2499/1122 1640/2500/1123 1638/2498/1121 1637/2497/1120
f 1641/2501/1124 1642/2502/1125 1640/2500/1123 1639/2499/1122
f 1643/2503/1126 1644/2504/1127 1642/2502/1125 1641/2501/1124
f 1645/2505/1128 1646/2506/1129 1644/2504/1127 1643/2503/1126
f 1612/2472/1095 1611/2471/1094 1646/2506/1129 1645/2505/1128
f 1647/2507/1130 1648/2508/1131 1649/2509/1132 1650/2510/1133
f 1651/2511/1134 1652/2512/1135 1648/2508/1131 1647/2507/1130
f 1653/2513/1136 1654/2514/1137 1652/2512/1135 1651/2511/1134
f 1653/2513/1136 1655/2515/1138 1656/2516/1139 1654/2514/1137
f 1655/2515/1138 1657/2517/1140 1658/2518/1140 1656/2516/1139
f 1658/2518/1140 1657/2517/1140 1659/2519/1141 1660/2520/1142
f 1660/2520/1142 1659/2519/1141 1661/2521/1143 1662/2522/1144
f 1662/2522/1144 1661/2521/1143 1663/2523/1145 1664/2524/1146
f 1664/2524/1146 1663/2523/1145 1665/2525/1147 1666/2526/1148
f 1666/2526/1148 1665/2525/1147 1667/2527/1149 1668/2528/1150
f 1668/2528/1150 1667/2527/1149 1669/2529/1151 1670/2530/1152
f 1670/2530/1152 1669/2529/1151 1671/2531/1153 1672/2532/1154
f 1672/2532/1154 1671/2531/1153 1673/2533/1155 1674/2534/1156
f 1676/2536/1158 1674/2534/1156 1673/2533/1155 1675/2535/1157
f 1678/2538/1159 1676/2536/1158 1675/2535/1157 1677/2537/1159
f 1679/2539/1160 1680/2540/1161 1678/2538/1159 1677/2537/1159
f 1681/2541/1162 1682/2542/1163 1680/2540/1161 1679/2539/1160
f 1683/2543/1164 1684/2544/1165 1682/2542/1163 1681/2541/1162
f 1685/2545/1166 1686/2546/1167 1684/2544/1165 1683/2543/1164
f 1650/2510/1133 1649/2509/1132 1686/2546/1167 1685/2545/1166
f 1609/2547/1168 1608/2548/1169 1687/2549/1170
f 1613/2550/1171 1609/2547/1168 1687/2549/1170
f 1615/2551/1172 1613/2550/1171 1687/2549/1170
f 1617/2552/1173 1615/2551/1172 1687/2549/1170
f 1619/2553/1174 1617/2552/1173 1687/2549/1170
f 1621/2554/1175 1619/2553/1174 1687/2549/1170
f 1623/2555/1176 1621/2554/1175 1687/2549/1170
f 1625/2556/1177 1623/2555/1176 1687/2549/1170
f 1627/2557/1178 1625/2556/1177 1687/2549/1170
f 1629/2558/1179 1627/2557/1178 1687/2549/1170
f 1631/2559/1180 1629/2558/1179 1687/2549/1170
f 1633/2560/1181 1631/2559/1180 1687/2549/1170
f 1635/2561/1182 1633/2560/1181 1687/2549/1170
f 1637/2562/1183 1635/2561/1182 1687/2549/1170
f 1639/2563/1184 1637/2562/1183 1687/2549/1170
f 1641/2564/1185 1639/2563/1184 1687/2549/1170
f 1643/2565/1186 1641/2564/1185 1687/2549/1170
f 1645/2566/1187 1643/2565/1186 1687/2549/1170
f 1612/2567/1188 1645/2566/1187 1687/2549/1170
f 1608/2548/1169 1612/2567/1188 1687/2549/1170
f 1648/2568/1189 1652/2569/1190 1688/2570/1191
f 1652/2569/1190 1654/2571/1192 1688/2570/1191
f 1654/2571/1192 1656/2572/1193 1688/2570/1191
f 1656/2572/1193 1658/2573/1194 1688/2570/1191
f 1658/2573/1194 1660/2574/1195 1688/2570/1191
f 1660/2574/1195 1662/2575/1196 1688/2570/1191
f 1662/2575/1196 1664/2576/1197 1688/2570/1191
f 1664/2576/1197 1666/2577/1198 1688/2570/1191
f 1666/2577/1198 1668/2578/1199 1688/2570/1191
f 1668/2578/1199 1670/2579/1200 1688/2570/1191
f 1670/2579/1200 1672/2580/1201 1688/2570/1191
f 1672/2580/1201 1674/2581/1202 1688/2570/1191
f 1674/2581/1202 1676/2582/1203 1688/2570/1191
f 1676/2582/1203 1678/2583/1204 1688/2570/1191
f 1678/2583/1204 1680/2584/1205 1688/2570/1191
f 1680/2584/1205 1682/2585/1206 1688/2570/1191
f 1682/2585/1206 1684/2586/1207 1688/2570/1191
f 1684/2586/1207 1686/2587/1208 1688/2570/1191
f 1686/2587/1208 1649/2588/1209 1688/2570/1191
f 1649/2588/1209 1648/2568/1189 1688/2570/1191
f 1610/2590/1210 1689/2591/1210 1690/2592/1210 1607/2589/1210
f 1692/2596/1211 1651/2593/1211 1647/2594/1211 1691/2595/1211
f 1614/2597/1212 1693/2598/1212 1689/2591/1212 1610/2590/1212
f 1694/2600/1213 1653/2599/1213 1651/2593/1213 1692/2596/1213
f 1616/2601/1214 1695/2602/1214 1693/2598/1214 1614/2597/1214
f 1696/2604/1215 1655/2603/1215 1653/2599/1216 1694/2600/1216
f 1695/2602/1217 1616/2601/1217 1618/2605/1217 1697/2606/1217
f 1655/2603/1218 1696/2604/1218 1698/2608/1218 1657/2607/1218
f 1697/2606/1219 1618/2605/1219 1620/2609/1219 1699/2610/1219
f 1657/2607/1220 1698/2608/1220 1700/2612/1220 1659/2611/1220
f 1699/2610/1221 1620/2609/1221 1622/2613/1221 1701/2614/1221
f 1659/2611/1222 1700/2612/1222 1702/2616/1222 1661/2615/1222
f 1701/2614/1223 1622/2613/1223 1624/2617/1223 1703/2618/1223
f 1661/2615/1225 1702/2616/1225 1704/2620/1225 1663/2619/1224
f 1703/2618/1226 1624/2617/1226 1626/2621/1226 1705/2622/1226
f 1663/2619/1227 1704/2620/1227 1706/2624/1227 1665/2623/1227
f 1705/2622/1228 1626/2621/1228 1628/2625/1228 1707/2626/1228
f 1665/2623/1229 1706/2624/1229 1708/2628/1229 1667/2627/1229
f 1707/2626/1230 1628/2625/1230 1630/2629/1230 1709/2630/1230
f 1667/2627/1231 1708/2628/1231 1710/2632/1231 1669/2631/1231
f 1709/2630/1232 1630/2629/1232 1632/2633/1232 1711/2634/1232
f 1669/2631/1233 1710/2632/1233 1712/2636/1233 1671/2635/1233
f 1711/2634/1234 1632/2633/1234 1634/2637/1234 1713/2638/1234
f 1671/2635/1235 1712/2636/1235 1714/2640/1235 1673/2639/1235
f 1713/2638/1236 1634/2637/1236 1636/2641/1236 1715/2642/1236
f 1673/2639/1237 1714/2640/1237 1716/2644/1237 1675/2643/1237
f 1638/2645/1238 1717/2646/1238 1715/2642/1238 1636/2641/1238
f 1718/2648/1239 1677/2647/1239 1675/2643/1239 1716/2644/1239
f 1640/2649/1240 1719/2650/1240 1717/2646/1240 1638/2645/1240
f 1720/2652/1241 1679/2651/1241 1677/2647/1241 1718/2648/1241
f 1642/2653/1242 1721/2654/1242 1719/2650/1242 1640/2649/1242
f 1722/2656/1243 1681/2655/1243 1679/2651/1244 1720/2652/1243
f 1644/2657/1245 1723/2658/1245 1721/2654/1245 1642/2653/1245
f 1724/2660/1246 1683/2659/1246 1681/2655/1246 1722/2656/1246
f 1646/2661/1247 1725/2662/1247 1723/2658/1247 1644/2657/1247
f 1726/2664/1248 1685/2663/1248 1683/2659/1248 1724/2660/1248
f 1611/2665/1249 1727/2666/1249 1725/2662/1249 1646/2661/1249
f 1728/2668/1250 1650/2667/1250 1685/2663/1250 1726/2664/1250
f 1607/2589/1251 1690/2592/1251 1727/2666/1251 1611/2665/1251
f 1691/2595/1252 1647/2594/1252 1650/2667/1252 1728/2668/1252
f 1731/2671/1255 1732/2672/1256 1729/2669/1253 1730/2670/1254
f 1730/2670/1254 1729/2669/1253 1733/2673/1257 1734/2674/1258
f 1734/2674/1258 1733/2673/1257 1735/2675/1259 1736/2676/1260
f 1739/2679/1263 1740/2680/1263 1737/2677/1261 1738/2678/1262
f 1738/2678/1262 1737/2677/1261 1741/2681/1264 1742/2682/1265
f 1742/2682/1265 1741/2681/1264 1743/2683/1266 1744/2684/1267
f 1745/2685/1268 1746/2686/1269 1732/2672/1256 1731/2671/1255
f 1747/2687/1270 1748/2688/1271 1740/2680/1263 1739/2679/1263
f 1746/2686/1269 1745/2685/1268 1749/2689/1272 1750/2690/1273
f 1748/2688/1271 1747/2687/1270 1751/2691/1274 1752/2692/1274
f 1750/2690/1273 1749/2689/1272 1753/2693/1275 1754/2694/1276
f 1752/2692/1274 1751/2691/1274 1755/2695/1277 1756/2696/1278
f 1754/2694/1276 1753/2693/1275 1757/2697/1279 1758/2698/1280
f 1756/2696/1278 1755/2695/1277 1759/2699/1281 1760/2700/1282
f 1758/2698/1280 1757/2697/1279 1761/2701/1283 1762/2702/1284
f 1760/2700/1282 1759/2699/1281 1763/2703/1285 1764/2704/1285
f 1762/2702/1284 1761/2701/1283 1765/2705/1286 1766/2706/1287
f 1764/2704/1285 1763/2703/1285 1767/2707/1288 1768/2708/1288
f 1766/2706/1287 1765/2705/1286 1769/2709/1289 1770/2710/1290
f 1768/2708/1288 1767/2707/1288 1771/2711/1291 1772/2712/1291
f 1770/2710/1290 1769/2709/1289 1773/2713/1292 1774/2714/1293
f 1772/2712/1291 1771/2711/1291 1775/2715/1294 1776/2716/1295
f 1774/2714/1293 1773/2713/1292 1777/2717/1296 1778/2718/1297
f 1776/2716/1295 1775/2715/1294 1779/2719/1298 1780/2720/1299
f 1778/2718/1297 1777/2717/1296 1781/2721/1300 1782/2722/1300
f 1780/2720/1299 1779/2719/1298 1783/2723/1301 1784/2724/1302
f 1782/2722/1300 1781/2721/1300 1785/2725/1303 1786/2726/1304
f 1784/2724/1302 1783/2723/1301 1787/2727/1305 1788/2728/1306
f 1789/2729/1307 1790/2730/1308 1786/2726/1304 1785/2725/1303
f 1791/2731/1309 1792/2732/1310 1788/2728/1306 1787/2727/1305
f 1793/2733/1311 1794/2734/1312 1790/2730/1308 1789/2729/1307
f 1795/2735/1313 1796/2736/1314 1792/2732/1310 1791/2731/1309
f 1797/2737/1315 1798/2738/1316 1794/2734/1312 1793/2733/1311
f 1799/2739/1317 1800/2740/1318 1796/2736/1314 1795/2735/1313
f 1801/2741/1319 1802/2742/1320 1798/2738/1316 1797/2737/1315
f 1803/2743/1321 1804/2744/1322 1800/2740/1318 1799/2739/1317
f 1805/2745/1323 1806/2746/1324 1802/2742/1320 1801/2741/1319
f 1807/2747/1325 1808/2748/1325 1804/2744/1322 1803/2743/1321
f 1736/2676/1260 1735/2675/1259 1806/2746/1324 1805/2745/1323
f 1744/2684/1267 1743/2683/1266 1808/2748/1325 1807/2747/1325
f 1729/2750/1327 1738/2751/1327 1742/2752/1328 1733/2749/1326
f 1732/2753/1329 1739/2754/1330 1738/2751/1327 1729/2750/1327
f 1746/2755/1331 1747/2756/1332 1739/2754/1330 1732/2753/1329
f 1747/2756/1332 1746/2755/1331 1750/2757/1333 1751/2758/1334
f 1751/2758/1334 1750/2757/1333 1754/2759/1335 1755/2760/1335
f 1755/2760/1335 1754/2759/1335 1758/2761/1336 1759/2762/1337
f 1759/2762/1337 1758/2761/1336 1762/2763/1338 1763/2764/1339
f 1763/2764/1339 1762/2763/1338 1766/2765/1340 1767/2766/1341
f 1767/2766/1341 1766/2765/1340 1770/2767/1342 1771/2768/1343
f 1771/2768/1343 1770/2767/1342 1774/2769/1344 1775/2770/1345
f 1775/2770/1345 1774/2769/1344 1778/2771/1346 1779/2772/1347
f 1779/2772/1347 1778/2771/1346 1782/2773/1348 1783/2774/1349
f 1783/2774/1349 1782/2773/1348 1786/2775/1350 1787/2776/1351
f 1790/2777/1352 1791/2778/1353 1787/2776/1351 1786/2775/1350
f 1794/2779/1354 1795/2780/1355 1791/2778/1353 1790/2777/1352
f 1798/2781/1356 1799/2782/1357 1795/2780/1355 1794/2779/1354
f 1802/2783/1358 1803/2784/1359 1799/2782/1357 1798/2781/1356
f 1806/2785/1360 1807/2786/1361 1803/2784/1359 1802/2783/1358
f 1735/2787/1362 1744/2788/1363 1807/2786/1361 1806/2785/1360
f 1733/2749/1326 1742/2752/1328 1744/2790/1363 1735/2789/1362
f 1689/2792/1365 1730/2793/1366 1734/2794/1367 1690/2791/1364
f 1737/2798/1368 1692/2795/1368 1691/2796/1369 1741/2797/1369
f 1693/2799/1370 1731/2800/1371 1730/2793/1366 1689/2792/1365
f 1740/2802/1373 1694/2801/1372 1692/2795/1368 1737/2798/1368
f 1695/2803/1374 1745/2804/1374 1731/2800/1371 1693/2799/1370
f 1748/2806/1376 1696/2805/1375 1694/2801/1372 1740/2802/1373
f 1749/2808/1378 1745/2804/1374 1695/2803/1374 1697/2807/1377
f 1748/2806/1376 1752/2810/1379 1698/2809/1379 1696/2805/1375
f 1749/2808/1378 1697/2807/1377 1699/2811/1380 1753/2812/1381
f 1698/2809/1379 1752/2810/1379 1756/2814/1382 1700/2813/1382
f 1753/2812/1381 1699/2811/1380 1701/2815/1383 1757/2816/1384
f 1700/2813/1382 1756/2814/1382 1760/2818/1386 1702/2817/1385
f 1757/2816/1384 1701/2815/1383 1703/2819/1387 1761/2820/1388
f 1702/2817/1385 1760/2818/1386 1764/2822/1390 1704/2821/1389
f 1761/2820/1388 1703/2819/1387 1705/2823/1391 1765/2824/1392
f 1704/2821/1389 1764/2822/1390 1768/2826/1394 1706/2825/1393
f 1765/2824/1392 1705/2823/1391 1707/2827/1395 1769/2828/1395
f 1706/2825/1393 1768/2826/1394 1772/2830/1397 1708/2829/1396
f 1769/2828/1395 1707/2827/1395 1709/2831/1398 1773/2832/1399
f 1708/2829/1396 1772/2830/1397 1776/2834/1400 1710/2833/1400
f 1773/2832/1399 1709/2831/1398 1711/2835/1401 1777/2836/1402
f 1710/2833/1400 1776/2834/1400 1780/2838/1403 1712/2837/1403
f 1777/2836/1402 1711/2835/1401 1713/2839/1404 1781/2840/1405
f 1712/2837/1403 1780/2838/1403 1784/2842/1407 1714/2841/1406
f 1781/2840/1405 1713/2839/1404 1715/2843/1408 1785/2844/1409
f 1714/2841/1406 1784/2842/1407 1788/2846/1410 1716/2845/1410
f 1715/2843/1408 1717/2847/1411 1789/2848/1412 1785/2844/1409
f 1718/2849/1413 1716/2845/1410 1788/2846/1410 1792/2850/1413
f 1719/2851/1414 1793/2852/1414 1789/2848/1412 1717/2847/1411
f 1796/2854/1416 1720/2853/1415 1718/2849/1413 1792/2850/1413
f 1721/2855/1417 1797/2856/1418 1793/2852/1414 1719/2851/1414
f 1800/2858/1419 1722/2857/1419 1720/2853/1415 1796/2854/1416
f 1723/2859/1420 1801/2860/1420 1797/2856/1418 1721/2855/1417
f 1804/2862/1421 1724/2861/1421 1722/2857/1419 1800/2858/1419
f 1725/2863/1422 1805/2864/1423 1801/2860/1420 1723/2859/1420
f 1808/2866/1424 1726/2865/1424 1724/2861/1421 1804/2862/1421
f 1727/2867/1425 1736/2868/1426 1805/2864/1423 1725/2863/1422
f 1743/2870/1427 1728/2869/1427 1726/2865/1424 1808/2866/1424
f 1690/2791/1364 1734/2794/1367 1736/2868/1426 1727/2867/1425
f 1741/2797/1369 1691/2796/1369 1728/2869/1427 1743/2870/1427

# Mesh
g uv_2 palanca Tapa
usemtl aiStandardSurface2SG
f 1811/2873/1430 1812/2874/1431 1809/2871/1428 1810/2872/1429
f 1810/2872/1429 1809/2871/1428 1813/2875/1432 1814/2876/1433
f 1815/2877/1434 1816/2878/1435 1812/2874/1431 1811/2873/1430
f 1817/2880/1436 1818/2881/1437 1819/2882/1438 1814/2879/1433
f 1820/2884/1439 1821/2885/1440 1817/2883/1436 1813/2875/1432
f 1822/2886/1441 1823/2887/1442 1821/2885/1440 1820/2884/1439
f 1825/2890/1444 1826/2891/1445 1819/2888/1438 1824/2889/1443
f 1827/2893/1446 1828/2894/1447 1824/2889/1443 1818/2892/1437
f 1829/2895/1448 1830/2896/1449 1828/2894/1447 1827/2893/1446
f 1831/2897/1450 1832/2898/1451 1826/2891/1445 1825/2890/1444
f 1833/2899/1452 1834/2900/1453 1832/2898/1451 1831/2897/1450
f 1835/2901/1454 1836/2902/1455 1837/2903/1456 1838/2904/1457
f 1836/2902/1455 1835/2901/1454 1839/2905/1458 1840/2906/1459
f 1840/2906/1459 1841/2907/1460 1842/2908/1461 1843/2909/1462
f 1839/2911/1458 1844/2912/1463 1845/2913/1464 1841/2910/1460
f 1845/2914/1464 1846/2915/1465 1847/2916/1466 1848/2917/1467
f 1849/2919/1468 1850/2920/1469 1846/2915/1465 1844/2918/1463
f 1850/2920/1469 1849/2919/1468 1851/2921/1470 1852/2922/1471
f 1853/2923/1472 1854/2924/1473 1816/2878/1435 1815/2877/1434
f 1838/2904/1457 1837/2903/1456 1854/2924/1473 1853/2923/1472
f 1855/2925/1474 1856/2926/1475 1823/2887/1442 1822/2886/1441
f 1843/2909/1462 1842/2908/1461 1856/2926/1475 1855/2925/1474
f 1857/2927/1476 1858/2928/1477 1830/2896/1449 1829/2895/1448
f 1848/2917/1467 1847/2916/1466 1858/2928/1477 1857/2927/1476
f 1859/2929/1478 1860/2930/1479 1834/2900/1453 1833/2899/1452
f 1852/2922/1471 1851/2921/1470 1860/2930/1479 1859/2929/1478
f 1809/2871/1428 1812/2874/1431 1820/2884/1439 1813/2875/1432
f 1821/2931/1440 1827/2932/1446 1818/2881/1437 1817/2880/1436
f 1831/2897/1450 1825/2890/1444 1824/2889/1443 1828/2894/1447
f 1832/2934/1451 1811/2935/1430 1810/2936/1429 1826/2933/1445
f 1835/2937/1454 1849/2938/1468 1844/2912/1463 1839/2911/1458
f 1826/2933/1445 1810/2936/1429 1814/2879/1433 1819/2882/1438
f 1854/2924/1473 1855/2925/1474 1822/2886/1441 1816/2878/1435
f 1856/2941/1475 1857/2942/1476 1829/2939/1448 1823/2940/1442
f 1858/2928/1477 1859/2929/1478 1833/2899/1452 1830/2896/1449
f 1860/2945/1479 1853/2946/1472 1815/2943/1434 1834/2944/1453
f 1854/2924/1473 1837/2903/1456 1843/2909/1462 1855/2925/1474
f 1842/2947/1461 1848/2948/1467 1857/2942/1476 1856/2941/1475
f 1852/2922/1471 1859/2929/1478 1858/2928/1477 1847/2916/1466
f 1851/2949/1470 1838/2950/1457 1853/2946/1472 1860/2945/1479
f 1812/2874/1431 1816/2878/1435 1822/2886/1441 1820/2884/1439
f 1823/2940/1442 1829/2939/1448 1827/2932/1446 1821/2931/1440
f 1833/2899/1452 1831/2897/1450 1828/2894/1447 1830/2896/1449
f 1834/2944/1453 1815/2943/1434 1811/2935/1430 1832/2934/1451
f 1837/2903/1456 1836/2902/1455 1840/2906/1459 1843/2909/1462
f 1841/2910/1460 1845/2913/1464 1848/2951/1467 1842/2952/1461
f 1850/2920/1469 1852/2922/1471 1847/2916/1466 1846/2915/1465
f 1849/2938/1468 1835/2937/1454 1838/2950/1457 1851/2949/1470
f 1814/2876/1433 1813/2875/1432 1817/2883/1436
f 1819/2888/1438 1818/2892/1437 1824/2889/1443
f 1840/2906/1459 1839/2905/1458 1841/2907/1460
f 1845/2914/1464 1844/2918/1463 1846/2915/1465

# Mesh
g uv_2 Tapa Tapa
usemtl aiStandardSurface2SG
f 1863/2955/1482 1864/2956/1483 1865/2957/1484 1866/2958/1485 1867/2959/1486 1868/2960/1487 1861/2953/1480 1862/2954/1481
f 1871/2963/1490 1872/2964/1491 1869/2961/1488 1870/2962/1489
f 1872/2964/1491 1873/2965/1492 1874/2966/1493 1875/2967/1494
f 1872/2964/1491 1875/2967/1494 1876/2968/1495 1877/2969/1496 1869/2961/1488
f 1872/2964/1491 1871/2963/1490 1873/2965/1492
f 1878/2970/1497 1879/2971/1498 1862/2954/1481 1861/2953/1480
f 1880/2972/1499 1863/2955/1482 1862/2954/1481 1879/2971/1498
f 1880/2972/1499 1881/2973/1500 1864/2956/1483 1863/2955/1482
f 1881/2973/1500 1882/2974/1501 1865/2957/1484 1864/2956/1483
f 1882/2974/1501 1883/2975/1502 1866/2958/1485 1865/2957/1484
f 1866/2958/1485 1883/2975/1502 1884/2976/1503 1867/2959/1486
f 1884/2976/1503 1885/2977/1504 1868/2960/1487 1867/2959/1486
f 1885/2977/1504 1878/2970/1497 1861/2953/1480 1868/2960/1487
f 1889/2981/1508 1886/2978/1505 1887/2979/1506 1888/2980/1507
f 1886/2978/1505 1890/2982/1509 1891/2983/1510 1887/2979/1506
f 1893/2985/1512 1889/2981/1508 1888/2980/1507 1892/2984/1511
f 1894/2986/1513 1895/2987/1514 1891/2983/1510 1890/2982/1509
f 1894/2986/1513 1896/2988/1515 1897/2989/1516 1895/2987/1514
f 1896/2988/1515 1898/2990/1517 1899/2991/1518 1897/2989/1516
f 1898/2990/1517 1900/2992/1519 1901/2993/1520 1899/2991/1518
f 1901/2993/1520 1900/2992/1519 1893/2985/1512 1892/2984/1511
f 1887/2994/1506 1891/2995/1510 1870/2962/1489 1869/2961/1488
f 1895/2996/1514 1897/2997/1516 1873/2998/1492 1871/2999/1490
f 1899/3000/1518 1901/3001/1520 1875/3002/1494 1874/3003/1493
f 1892/3004/1511 1888/3005/1507 1877/2969/1496 1876/3006/1495
f 1891/2995/1510 1895/2996/1514 1871/2999/1490 1870/2962/1489
f 1897/3008/1516 1899/3000/1518 1874/3003/1493 1873/3007/1492
f 1901/3001/1520 1892/3004/1511 1876/3006/1495 1875/3002/1494
f 1888/3005/1507 1887/2994/1506 1869/2961/1488 1877/2969/1496
f 1886/2978/1505 1902/3009/1521 1890/2982/1509
f 1894/2986/1513 1903/3010/1522 1896/2988/1515
f 1898/2990/1517 1904/3011/1523 1900/2992/1519
f 1893/2985/1512 1905/3012/1524 1889/2981/1508
f 1908/3015/1527 1909/3016/1528 1906/3013/1525 1907/3014/1526
f 1906/3013/1525 1910/3017/1529 1911/3018/1530 1907/3014/1526
f 1912/3019/1531 1913/3020/1532 1911/3018/1530 1910/3017/1529
f 1914/3021/1533 1915/3022/1534 1909/3016/1528 1908/3015/1527
f 1916/3023/1535 1917/3024/1536 1915/3022/1534 1914/3021/1533
f 1918/3025/1537 1919/3026/1538 1917/3024/1536 1916/3023/1535
f 1919/3026/1538 1918/3025/1537 1920/3027/1539 1921/3028/1540
f 1921/3028/1540 1920/3027/1539 1913/3020/1532 1912/3019/1531
f 1914/3032/1533 1908/3029/1527 1884/3030/1503 1883/3031/1502
f 1913/3034/1532 1920/3035/1539 1880/3036/1499 1879/3033/1498
f 1918/3040/1537 1916/3037/1535 1882/3038/1501 1881/3039/1500
f 1907/3044/1526 1911/3041/1530 1878/3042/1497 1885/3043/1504
f 1908/3029/1527 1907/3044/1526 1885/3043/1504 1884/3030/1503
f 1916/3037/1535 1914/3032/1533 1883/3031/1502 1882/3038/1501
f 1911/3041/1530 1913/3034/1532 1879/3033/1498 1878/3042/1497
f 1920/3035/1539 1918/3045/1537 1881/3046/1500 1880/3036/1499
f 1902/3009/1541 1906/3013/1525 1909/3016/1528
f 1903/3010/1542 1915/3022/1534 1917/3024/1536
f 1905/3012/1543 1912/3019/1531 1910/3017/1529
f 1904/3011/1544 1919/3026/1538 1921/3028/1540
f 1915/3022/1534 1903/3010/1522 1894/2986/1513 1890/2982/1509 1902/3009/1521 1909/3016/1528
f 1917/3024/1536 1919/3026/1538 1904/3011/1523 1898/2990/1517 1896/2988/1515 1903/3010/1522
f 1889/2981/1508 1905/3012/1524 1910/3017/1529 1906/3013/1525 1902/3009/1521 1886/2978/1505
f 1904/3011/1523 1921/3028/1540 1912/3019/1531 1905/3012/1524 1893/2985/1512 1900/2992/1519

# Mesh
g uv_2 Tapa Ajuste
usemtl aiStandardSurface2SG
f 1925/3050/1548 1922/3047/1545 1923/3048/1546 1924/3049/1547
f 1929/3054/1552 1926/3051/1549 1927/3052/1550 1928/3053/1551
f 1933/3058/1556 1930/3055/1553 1931/3056/1554 1932/3057/1555
f 1937/3062/1560 1934/3059/1557 1935/3060/1558 1936/3061/1559
f 1936/3063/1559 1935/3064/1558 1932/3065/1555 1931/3066/1554 1928/3067/1551 1927/3068/1550 1924/3049/1547 1923/3048/1546
f 1934/3070/1557 1937/3071/1560 1922/3047/1545 1925/3050/1548 1926/3072/1549 1929/3073/1552 1930/3074/1553 1933/3069/1556
f 1922/3047/1545 1937/3071/1560 1936/3063/1559 1923/3048/1546
f 1926/3051/1549 1925/3050/1548 1924/3049/1547 1927/3052/1550
f 1930/3055/1553 1929/3054/1552 1928/3053/1551 1931/3056/1554
f 1934/3059/1557 1933/3058/1556 1932/3057/1555 1935/3060/1558

# Mesh
g Tornillo_0 Tornillo UV_3
usemtl aiStandardSurface3SG
f 1939/3076/1562 1940/3077/1563 1941/3078/1564 1938/3075/1561
f 1942/3079/1565 1943/3080/1566 1940/3077/1563 1939/3076/1562
f 1943/3082/1566 1944/3083/1567 1945/3084/1568 1940/3081/1563
f 1940/3081/1563 1945/3084/1568 1946/3086/1569 1941/3085/1564
f 1945/3084/1568 1947/3087/1570 1948/3088/1571 1946/3086/1569
f 1944/3083/1567 1949/3089/1572 1947/3087/1570 1945/3084/1568
f 1949/3089/1572 1950/3090/1573 1951/3091/1574 1947/3087/1570
f 1947/3087/1570 1951/3091/1574 1952/3092/1575 1948/3088/1571
f 1951/3091/1574 1953/3093/1576 1954/3094/1577 1952/3092/1575
f 1950/3090/1573 1955/3095/1578 1953/3093/1576 1951/3091/1574
f 1955/3095/1578 1956/3096/1579 1957/3097/1580 1953/3093/1576
f 1953/3093/1576 1957/3097/1580 1958/3099/1581 1954/3098/1577
f 1957/3097/1580 1959/3100/1582 1960/3101/1583 1958/3099/1581
f 1956/3096/1579 1961/3102/1584 1959/3100/1582 1957/3097/1580
f 1961/3102/1584 1942/3079/1565 1939/3076/1562 1959/3100/1582
f 1959/3100/1582 1939/3076/1562 1938/3075/1561 1960/3101/1583
f 1961/3102/1584 1962/3103/1585 1943/3080/1566 1942/3079/1565
f 1955/3095/1578 1962/3103/1585 1961/3102/1584 1956/3096/1579
f 1962/3104/1585 1955/3095/1578 1950/3090/1573 1949/3089/1572
f 1962/3104/1585 1949/3089/1572 1944/3083/1567 1943/3082/1566
f 1954/3098/1577 1958/3099/1581 1960/3101/1583 1963/3105/1586
f 1960/3101/1583 1938/3075/1561 1941/3078/1564 1963/3105/1586
f 1946/3086/1569 1948/3088/1571 1963/3106/1586 1941/3085/1564
f 1952/3092/1575 1954/3094/1577 1963/3106/1586 1948/3088/1571

# Mesh
g Tornillo UV_3 Tornillo_1
usemtl aiStandardSurface3SG
f 1965/3108/1562 1966/3109/1563 1967/3110/1564 1964/3107/1561
f 1968/3111/1565 1969/3112/1566 1966/3109/1563 1965/3108/1562
f 1969/3114/1566 1970/3115/1567 1971/3116/1568 1966/3113/1563
f 1966/3113/1563 1971/3116/1568 1972/3118/1569 1967/3117/1564
f 1971/3116/1568 1973/3119/1570 1974/3120/1571 1972/3118/1569
f 1970/3115/1567 1975/3121/1572 1973/3119/1570 1971/3116/1568
f 1975/3121/1572 1976/3122/1573 1977/3123/1574 1973/3119/1570
f 1973/3119/1570 1977/3123/1574 1978/3124/1575 1974/3120/1571
f 1977/3123/1574 1979/3125/1576 1980/3126/1577 1978/3124/1575
f 1976/3122/1573 1981/3127/1578 1979/3125/1576 1977/3123/1574
f 1981/3127/1578 1982/3128/1579 1983/3129/1580 1979/3125/1576
f 1979/3125/1576 1983/3129/1580 1984/3131/1581 1980/3130/1577
f 1983/3129/1580 1985/3132/1582 1986/3133/1583 1984/3131/1581
f 1982/3128/1579 1987/3134/1584 1985/3132/1582 1983/3129/1580
f 1987/3134/1584 1968/3111/1565 1965/3108/1562 1985/3132/1582
f 1985/3132/1582 1965/3108/1562 1964/3107/1561 1986/3133/1583
f 1987/3134/1584 1988/3135/1585 1969/3112/1566 1968/3111/1565
f 1981/3127/1578 1988/3135/1585 1987/3134/1584 1982/3128/1579
f 1988/3136/1585 1981/3127/1578 1976/3122/1573 1975/3121/1572
f 1988/3136/1585 1975/3121/1572 1970/3115/1567 1969/3114/1566
f 1980/3130/1577 1984/3131/1581 1986/3133/1583 1989/3137/1586
f 1986/3133/1583 1964/3107/1561 1967/3110/1564 1989/3137/1586
f 1972/3118/1569 1974/3120/1571 1989/3138/1586 1967/3117/1564
f 1978/3124/1575 1980/3126/1577 1989/3138/1586 1974/3120/1571

# Mesh
g Tornillo UV_3 Tornillo_2
usemtl aiStandardSurface3SG
f 1991/3140/1562 1992/3141/1563 1993/3142/1564 1990/3139/1561
f 1994/3143/1565 1995/3144/1566 1992/3141/1563 1991/3140/1562
f 1995/3146/1566 1996/3147/1567 1997/3148/1568 1992/3145/1563
f 1992/3145/1563 1997/3148/1568 1998/3150/1569 1993/3149/1564
f 1997/3148/1568 1999/3151/1570 2000/3152/1571 1998/3150/1569
f 1996/3147/1567 2001/3153/1572 1999/3151/1570 1997/3148/1568
f 2001/3153/1572 2002/3154/1573 2003/3155/1574 1999/3151/1570
f 1999/3151/1570 2003/3155/1574 2004/3156/1575 2000/3152/1571
f 2003/3155/1574 2005/3157/1576 2006/3158/1577 2004/3156/1575
f 2002/3154/1573 2007/3159/1578 2005/3157/1576 2003/3155/1574
f 2007/3159/1578 2008/3160/1579 2009/3161/1580 2005/3157/1576
f 2005/3157/1576 2009/3161/1580 2010/3163/1581 2006/3162/1577
f 2009/3161/1580 2011/3164/1582 2012/3165/1583 2010/3163/1581
f 2008/3160/1579 2013/3166/1584 2011/3164/1582 2009/3161/1580
f 2013/3166/1584 1994/3143/1565 1991/3140/1562 2011/3164/1582
f 2011/3164/1582 1991/3140/1562 1990/3139/1561 2012/3165/1583
f 2013/3166/1584 2014/3167/1585 1995/3144/1566 1994/3143/1565
f 2007/3159/1578 2014/3167/1585 2013/3166/1584 2008/3160/1579
f 2014/3168/1585 2007/3159/1578 2002/3154/1573 2001/3153/1572
f 2014/3168/1585 2001/3153/1572 1996/3147/1567 1995/3146/1566
f 2006/3162/1577 2010/3163/1581 2012/3165/1583 2015/3169/1586
f 2012/3165/1583 1990/3139/1561 1993/3142/1564 2015/3169/1586
f 1998/3150/1569 2000/3152/1571 2015/3170/1586 1993/3149/1564
f 2004/3156/1575 2006/3158/1577 2015/3170/1586 2000/3152/1571

# Mesh
g Tornillo UV_3 Tornillo_3
usemtl aiStandardSurface3SG
f 2017/3172/1562 2018/3173/1563 2019/3174/1564 2016/3171/1561
f 2020/3175/1565 2021/3176/1566 2018/3173/1563 2017/3172/1562
f 2021/3178/1566 2022/3179/1567 2023/3180/1568 2018/3177/1563
f 2018/3177/1563 2023/3180/1568 2024/3182/1569 2019/3181/1564
f 2023/3180/1568 2025/3183/1570 2026/3184/1571 2024/3182/1569
f 2022/3179/1567 2027/3185/1572 2025/3183/1570 2023/3180/1568
f 2027/3185/1572 2028/3186/1573 2029/3187/1574 2025/3183/1570
f 2025/3183/1570 2029/3187/1574 2030/3188/1575 2026/3184/1571
f 2029/3187/1574 2031/3189/1576 2032/3190/1577 2030/3188/1575
f 2028/3186/1573 2033/3191/1578 2031/3189/1576 2029/3187/1574
f 2033/3191/1578 2034/3192/1579 2035/3193/1580 2031/3189/1576
f 2031/3189/1576 2035/3193/1580 2036/3195/1581 2032/3194/1577
f 2035/3193/1580 2037/3196/1582 2038/3197/1583 2036/3195/1581
f 2034/3192/1579 2039/3198/1584 2037/3196/1582 2035/3193/1580
f 2039/3198/1584 2020/3175/1565 2017/3172/1562 2037/3196/1582
f 2037/3196/1582 2017/3172/1562 2016/3171/1561 2038/3197/1583
f 2039/3198/1584 2040/3199/1585 2021/3176/1566 2020/3175/1565
f 2033/3191/1578 2040/3199/1585 2039/3198/1584 2034/3192/1579
f 2040/3200/1585 2033/3191/1578 2028/3186/1573 2027/3185/1572
f 2040/3200/1585 2027/3185/1572 2022/3179/1567 2021/3178/1566
f 2032/3194/1577 2036/3195/1581 2038/3197/1583 2041/3201/1586
f 2038/3197/1583 2016/3171/1561 2019/3174/1564 2041/3201/1586
f 2024/3182/1569 2026/3184/1571 2041/3202/1586 2019/3181/1564
f 2030/3188/1575 2032/3190/1577 2041/3202/1586 2026/3184/1571

# Mesh
g Tornillo UV_3 Tornillo_4
usemtl aiStandardSurface3SG
f 2043/3204/1588 2044/3205/1563 2045/3206/1589 2042/3203/1587
f 2046/3207/1590 2047/3208/1566 2044/3205/1563 2043/3204/1588
f 2047/3210/1566 2048/3211/1591 2049/3212/1592 2044/3209/1563
f 2044/3209/1563 2049/3212/1592 2050/3214/1593 2045/3213/1589
f 2049/3212/1592 2051/3215/1570 2052/3216/1594 2050/3214/1593
f 2048/3211/1591 2053/3217/1595 2051/3215/1570 2049/3212/1592
f 2053/3217/1595 2054/3218/1596 2055/3219/1597 2051/3215/1570
f 2051/3215/1570 2055/3219/1597 2056/3220/1598 2052/3216/1594
f 2055/3219/1597 2057/3221/1599 2058/3222/1577 2056/3220/1598
f 2054/3218/1596 2059/3223/1578 2057/3221/1599 2055/3219/1597
f 2059/3223/1578 2060/3224/1600 2061/3225/1601 2057/3221/1599
f 2057/3221/1599 2061/3225/1601 2062/3227/1602 2058/3226/1577
f 2061/3225/1601 2063/3228/1582 2064/3229/1603 2062/3227/1602
f 2060/3224/1600 2065/3230/1604 2063/3228/1582 2061/3225/1601
f 2065/3230/1604 2046/3207/1590 2043/3204/1588 2063/3228/1582
f 2063/3228/1582 2043/3204/1588 2042/3203/1587 2064/3229/1603
f 2065/3230/1604 2066/3231/1585 2047/3208/1566 2046/3207/1590
f 2059/3223/1578 2066/3231/1585 2065/3230/1604 2060/3224/1600
f 2066/3232/1585 2059/3223/1578 2054/3218/1596 2053/3217/1595
f 2066/3232/1585 2053/3217/1595 2048/3211/1591 2047/3210/1566
f 2058/3226/1577 2062/3227/1602 2064/3229/1603 2067/3233/1586
f 2064/3229/1603 2042/3203/1587 2045/3206/1589 2067/3233/1586
f 2050/3214/1593 2052/3216/1594 2067/3234/1586 2045/3213/1589
f 2056/3220/1598 2058/3222/1577 2067/3234/1586 2052/3216/1594

# Mesh
g Tornillo UV_3 Tornillo_5
usemtl aiStandardSurface3SG
f 2069/3236/1588 2070/3237/1563 2071/3238/1589 2068/3235/1587
f 2072/3239/1590 2073/3240/1566 2070/3237/1563 2069/3236/1588
f 2073/3242/1566 2074/3243/1591 2075/3244/1592 2070/3241/1563
f 2070/3241/1563 2075/3244/1592 2076/3246/1593 2071/3245/1589
f 2075/3244/1592 2077/3247/1570 2078/3248/1594 2076/3246/1593
f 2074/3243/1591 2079/3249/1595 2077/3247/1570 2075/3244/1592
f 2079/3249/1595 2080/3250/1596 2081/3251/1597 2077/3247/1570
f 2077/3247/1570 2081/3251/1597 2082/3252/1598 2078/3248/1594
f 2081/3251/1597 2083/3253/1599 2084/3254/1577 2082/3252/1598
f 2080/3250/1596 2085/3255/1578 2083/3253/1599 2081/3251/1597
f 2085/3255/1578 2086/3256/1600 2087/3257/1601 2083/3253/1599
f 2083/3253/1599 2087/3257/1601 2088/3259/1602 2084/3258/1577
f 2087/3257/1601 2089/3260/1582 2090/3261/1603 2088/3259/1602
f 2086/3256/1600 2091/3262/1604 2089/3260/1582 2087/3257/1601
f 2091/3262/1604 2072/3239/1590 2069/3236/1588 2089/3260/1582
f 2089/3260/1582 2069/3236/1588 2068/3235/1587 2090/3261/1603
f 2091/3262/1604 2092/3263/1585 2073/3240/1566 2072/3239/1590
f 2085/3255/1578 2092/3263/1585 2091/3262/1604 2086/3256/1600
f 2092/3264/1585 2085/3255/1578 2080/3250/1596 2079/3249/1595
f 2092/3264/1585 2079/3249/1595 2074/3243/1591 2073/3242/1566
f 2084/3258/1577 2088/3259/1602 2090/3261/1603 2093/3265/1586
f 2090/3261/1603 2068/3235/1587 2071/3238/1589 2093/3265/1586
f 2076/3246/1593 2078/3248/1594 2093/3266/1586 2071/3245/1589
f 2082/3252/1598 2084/3254/1577 2093/3266/1586 2078/3248/1594

# Mesh
g Tornillo UV_3 Tornillo_6
usemtl aiStandardSurface3SG
f 2095/3268/1588 2096/3269/1563 2097/3270/1589 2094/3267/1587
f 2098/3271/1590 2099/3272/1566 2096/3269/1563 2095/3268/1588
f 2099/3274/1566 2100/3275/1591 2101/3276/1592 2096/3273/1563
f 2096/3273/1563 2101/3276/1592 2102/3278/1593 2097/3277/1589
f 2101/3276/1592 2103/3279/1570 2104/3280/1594 2102/3278/1593
f 2100/3275/1591 2105/3281/1595 2103/3279/1570 2101/3276/1592
f 2105/3281/1595 2106/3282/1596 2107/3283/1597 2103/3279/1570
f 2103/3279/1570 2107/3283/1597 2108/3284/1598 2104/3280/1594
f 2107/3283/1597 2109/3285/1599 2110/3286/1577 2108/3284/1598
f 2106/3282/1596 2111/3287/1578 2109/3285/1599 2107/3283/1597
f 2111/3287/1578 2112/3288/1600 2113/3289/1601 2109/3285/1599
f 2109/3285/1599 2113/3289/1601 2114/3291/1602 2110/3290/1577
f 2113/3289/1601 2115/3292/1582 2116/3293/1603 2114/3291/1602
f 2112/3288/1600 2117/3294/1604 2115/3292/1582 2113/3289/1601
f 2117/3294/1604 2098/3271/1590 2095/3268/1588 2115/3292/1582
f 2115/3292/1582 2095/3268/1588 2094/3267/1587 2116/3293/1603
f 2117/3294/1604 2118/3295/1585 2099/3272/1566 2098/3271/1590
f 2111/3287/1578 2118/3295/1585 2117/3294/1604 2112/3288/1600
f 2118/3296/1585 2111/3287/1578 2106/3282/1596 2105/3281/1595
f 2118/3296/1585 2105/3281/1595 2100/3275/1591 2099/3274/1566
f 2110/3290/1577 2114/3291/1602 2116/3293/1603 2119/3297/1586
f 2116/3293/1603 2094/3267/1587 2097/3270/1589 2119/3297/1586
f 2102/3278/1593 2104/3280/1594 2119/3298/1586 2097/3277/1589
f 2108/3284/1598 2110/3286/1577 2119/3298/1586 2104/3280/1594

# Mesh
g Tornillo UV_3 Tornillo_7
usemtl aiStandardSurface3SG
f 2121/3300/1588 2122/3301/1563 2123/3302/1589 2120/3299/1587
f 2124/3303/1590 2125/3304/1566 2122/3301/1563 2121/3300/1588
f 2125/3306/1566 2126/3307/1591 2127/3308/1592 2122/3305/1563
f 2122/3305/1563 2127/3308/1592 2128/3310/1593 2123/3309/1589
f 2127/3308/1592 2129/3311/1570 2130/3312/1594 2128/3310/1593
f 2126/3307/1591 2131/3313/1595 2129/3311/1570 2127/3308/1592
f 2131/3313/1595 2132/3314/1596 2133/3315/1597 2129/3311/1570
f 2129/3311/1570 2133/3315/1597 2134/3316/1598 2130/3312/1594
f 2133/3315/1597 2135/3317/1599 2136/3318/1577 2134/3316/1598
f 2132/3314/1596 2137/3319/1578 2135/3317/1599 2133/3315/1597
f 2137/3319/1578 2138/3320/1600 2139/3321/1601 2135/3317/1599
f 2135/3317/1599 2139/3321/1601 2140/3323/1602 2136/3322/1577
f 2139/3321/1601 2141/3324/1582 2142/3325/1603 2140/3323/1602
f 2138/3320/1600 2143/3326/1604 2141/3324/1582 2139/3321/1601
f 2143/3326/1604 2124/3303/1590 2121/3300/1588 2141/3324/1582
f 2141/3324/1582 2121/3300/1588 2120/3299/1587 2142/3325/1603
f 2143/3326/1604 2144/3327/1585 2125/3304/1566 2124/3303/1590
f 2137/3319/1578 2144/3327/1585 2143/3326/1604 2138/3320/1600
f 2144/3328/1585 2137/3319/1578 2132/3314/1596 2131/3313/1595
f 2144/3328/1585 2131/3313/1595 2126/3307/1591 2125/3306/1566
f 2136/3322/1577 2140/3323/1602 2142/3325/1603 2145/3329/1586
f 2142/3325/1603 2120/3299/1587 2123/3302/1589 2145/3329/1586
f 2128/3310/1593 2130/3312/1594 2145/3330/1586 2123/3309/1589
f 2134/3316/1598 2136/3318/1577 2145/3330/1586 2130/3312/1594
