# 3ds Max Wavefront OBJ Exporter v0.97b - (c)2007 guruware
# File Created: 20.01.2015 18:10:50

mtllib Infled Cuerno.mtl

#
# object Cylinder003
#

v  -23.0414 0.4011 -0.6469
v  -11.4885 0.4011 -3.1025
v  -11.2951 0.4011 -1.8815
v  -11.2304 0.4011 -0.6469
v  -12.2515 0.4011 -5.4509
v  -11.8084 0.4011 -4.2967
v  -13.4861 0.4011 -7.5892
v  -12.8127 0.4011 -6.5524
v  -15.1383 0.4011 -9.4242
v  -14.2641 0.4011 -8.5500
v  -17.1359 0.4011 -10.8755
v  -16.0990 0.4011 -10.2022
v  -19.3916 0.4011 -11.8798
v  -18.2374 0.4011 -11.4368
v  -21.8068 0.4011 -12.3932
v  -20.5857 0.4011 -12.1998
v  -24.2760 0.4011 -12.3932
v  -23.0414 0.4011 -12.4579
v  -26.6912 0.4011 -11.8798
v  -25.4970 0.4011 -12.1998
v  -28.9469 0.4011 -10.8755
v  -27.8454 0.4011 -11.4368
v  -30.9445 0.4011 -9.4242
v  -29.9837 0.4011 -10.2022
v  -32.5967 0.4011 -7.5892
v  -31.8187 0.4011 -8.5500
v  -33.8313 0.4011 -5.4509
v  -33.2700 0.4011 -6.5524
v  -34.5943 0.4011 -3.1025
v  -34.2743 0.4011 -4.2967
v  -34.8524 0.4011 -0.6469
v  -34.7877 0.4011 -1.8815
v  -34.5943 0.4011 1.8088
v  -34.7877 0.4011 0.5877
v  -33.8313 0.4011 4.1571
v  -34.2743 0.4011 3.0029
v  -32.5967 0.4011 6.2954
v  -33.2700 0.4011 5.2586
v  -30.9445 0.4011 8.1304
v  -31.8187 0.4011 7.2562
v  -28.9469 0.4011 9.5818
v  -29.9837 0.4011 8.9084
v  -26.6912 0.4011 10.5861
v  -27.8454 0.4011 10.1430
v  -24.2760 0.4011 11.0994
v  -25.4971 0.4011 10.9060
v  -21.8068 0.4011 11.0994
v  -23.0414 0.4011 11.1641
v  -19.3916 0.4011 10.5861
v  -20.5858 0.4011 10.9061
v  -17.1359 0.4011 9.5818
v  -18.2374 0.4011 10.1430
v  -15.1383 0.4011 8.1304
v  -16.0991 0.4011 8.9085
v  -13.4861 0.4011 6.2955
v  -14.2641 0.4011 7.2563
v  -12.2515 0.4011 4.1571
v  -12.8128 0.4011 5.2587
v  -11.4885 0.4011 1.8088
v  -11.8084 0.4011 3.0030
v  -11.2951 0.4011 0.5878
v  -11.2951 1.1885 -1.8815
v  -11.2304 1.1885 -0.6469
v  -11.4885 1.1885 -3.1025
v  -11.8084 1.1885 -4.2967
v  -12.2515 1.1885 -5.4509
v  -12.8127 1.1885 -6.5524
v  -13.4861 1.1885 -7.5892
v  -14.2641 1.1885 -8.5500
v  -15.1383 1.1885 -9.4242
v  -16.0990 1.1885 -10.2022
v  -17.1359 1.1885 -10.8755
v  -18.2374 1.1885 -11.4368
v  -19.3916 1.1885 -11.8798
v  -20.5857 1.1885 -12.1998
v  -21.8068 1.1885 -12.3932
v  -23.0414 1.1885 -12.4579
v  -24.2760 1.1885 -12.3932
v  -25.4970 1.1885 -12.1998
v  -26.6912 1.1885 -11.8798
v  -27.8454 1.1885 -11.4368
v  -28.9469 1.1885 -10.8755
v  -29.9837 1.1885 -10.2022
v  -30.9445 1.1885 -9.4242
v  -31.8187 1.1885 -8.5500
v  -32.5967 1.1885 -7.5892
v  -33.2700 1.1885 -6.5524
v  -33.8313 1.1885 -5.4509
v  -34.2743 1.1885 -4.2967
v  -34.5943 1.1885 -3.1025
v  -34.7877 1.1885 -1.8815
v  -34.8524 1.1885 -0.6469
v  -34.7877 1.1885 0.5877
v  -34.5943 1.1885 1.8088
v  -34.2743 1.1885 3.0029
v  -33.8313 1.1885 4.1571
v  -33.2700 1.1885 5.2586
v  -32.5967 1.1885 6.2954
v  -31.8187 1.1885 7.2562
v  -30.9445 1.1885 8.1304
v  -29.9837 1.1885 8.9084
v  -28.9469 1.1885 9.5818
v  -27.8454 1.1885 10.1430
v  -26.6912 1.1885 10.5861
v  -25.4971 1.1885 10.9060
v  -24.2760 1.1885 11.0994
v  -23.0414 1.1885 11.1641
v  -21.8068 1.1885 11.0994
v  -20.5858 1.1885 10.9061
v  -19.3916 1.1885 10.5861
v  -18.2374 1.1885 10.1430
v  -17.1359 1.1885 9.5818
v  -16.0991 1.1885 8.9085
v  -15.1383 1.1885 8.1304
v  -14.2641 1.1885 7.2563
v  -13.4861 1.1885 6.2955
v  -12.8128 1.1885 5.2587
v  -12.2515 1.1885 4.1571
v  -11.8084 1.1885 3.0030
v  -11.4885 1.1885 1.8088
v  -11.2951 1.1885 0.5878
v  -23.0414 1.1885 -0.6469
# 122 vertices

vn 0.0000 -1.0000 -0.0000
vn 1.0000 0.0000 0.0000
vn 0.9945 0.0000 -0.1045
vn 0.9781 0.0000 -0.2079
vn 0.9511 0.0000 -0.3090
vn 0.9135 0.0000 -0.4067
vn 0.8660 0.0000 -0.5000
vn 0.8090 0.0000 -0.5878
vn 0.7431 0.0000 -0.6691
vn 0.6691 0.0000 -0.7431
vn 0.5878 0.0000 -0.8090
vn 0.5000 0.0000 -0.8660
vn 0.4067 0.0000 -0.9135
vn 0.3090 0.0000 -0.9511
vn 0.2079 0.0000 -0.9781
vn 0.1045 0.0000 -0.9945
vn 0.0000 0.0000 -1.0000
vn -0.1045 0.0000 -0.9945
vn -0.2079 0.0000 -0.9781
vn -0.3090 0.0000 -0.9511
vn -0.4067 0.0000 -0.9135
vn -0.5000 0.0000 -0.8660
vn -0.5878 0.0000 -0.8090
vn -0.6691 0.0000 -0.7431
vn -0.7431 0.0000 -0.6691
vn -0.8090 0.0000 -0.5878
vn -0.8660 0.0000 -0.5000
vn -0.9135 0.0000 -0.4067
vn -0.9511 0.0000 -0.3090
vn -0.9781 0.0000 -0.2079
vn -0.9945 0.0000 -0.1045
vn -1.0000 0.0000 -0.0000
vn -0.9945 0.0000 0.1045
vn -0.9781 0.0000 0.2079
vn -0.9511 0.0000 0.3090
vn -0.9135 0.0000 0.4067
vn -0.8660 0.0000 0.5000
vn -0.8090 0.0000 0.5878
vn -0.7431 0.0000 0.6691
vn -0.6691 0.0000 0.7431
vn -0.5878 0.0000 0.8090
vn -0.5000 0.0000 0.8660
vn -0.4067 0.0000 0.9135
vn -0.3090 0.0000 0.9511
vn -0.2079 0.0000 0.9781
vn -0.1045 0.0000 0.9945
vn -0.0000 0.0000 1.0000
vn 0.1045 0.0000 0.9945
vn 0.2079 0.0000 0.9781
vn 0.3090 0.0000 0.9511
vn 0.4067 0.0000 0.9135
vn 0.5000 0.0000 0.8660
vn 0.5878 0.0000 0.8090
vn 0.6691 0.0000 0.7431
vn 0.7431 0.0000 0.6691
vn 0.8090 0.0000 0.5878
vn 0.8660 0.0000 0.5000
vn 0.9135 0.0000 0.4067
vn 0.9511 0.0000 0.3090
vn 0.9781 0.0000 0.2079
vn 0.9945 0.0000 0.1045
vn 0.0000 1.0000 -0.0000
# 62 vertex normals

vt 11.8110 11.8110 0.0000
vt 23.3639 9.3554 0.0000
vt 23.5573 10.5764 0.0000
vt 23.6220 11.8110 0.0000
vt 22.6009 7.0070 0.0000
vt 23.0440 8.1612 0.0000
vt 21.3663 4.8687 0.0000
vt 22.0397 5.9055 0.0000
vt 19.7141 3.0337 0.0000
vt 20.5883 3.9079 0.0000
vt 17.7165 1.5824 0.0000
vt 18.7534 2.2557 0.0000
vt 15.4608 0.5781 0.0000
vt 16.6150 1.0211 0.0000
vt 13.0456 0.0647 0.0000
vt 14.2667 0.2581 0.0000
vt 10.5764 0.0647 0.0000
vt 11.8110 0.0000 0.0000
vt 8.1612 0.5781 0.0000
vt 9.3554 0.2581 0.0000
vt 5.9055 1.5824 0.0000
vt 7.0070 1.0211 0.0000
vt 3.9079 3.0337 0.0000
vt 4.8687 2.2557 0.0000
vt 2.2557 4.8687 0.0000
vt 3.0337 3.9079 0.0000
vt 1.0211 7.0070 0.0000
vt 1.5824 5.9055 0.0000
vt 0.2581 9.3554 0.0000
vt 0.5781 8.1612 0.0000
vt 0.0000 11.8110 0.0000
vt 0.0647 10.5764 0.0000
vt 0.2581 14.2667 0.0000
vt 0.0647 13.0456 0.0000
vt 1.0211 16.6150 0.0000
vt 0.5781 15.4608 0.0000
vt 2.2557 18.7534 0.0000
vt 1.5824 17.7165 0.0000
vt 3.9079 20.5883 0.0000
vt 3.0337 19.7141 0.0000
vt 5.9055 22.0397 0.0000
vt 4.8687 21.3663 0.0000
vt 8.1612 23.0440 0.0000
vt 7.0070 22.6009 0.0000
vt 10.5764 23.5573 0.0000
vt 9.3553 23.3639 0.0000
vt 13.0456 23.5574 0.0000
vt 11.8110 23.6220 0.0000
vt 15.4608 23.0440 0.0000
vt 14.2666 23.3640 0.0000
vt 17.7165 22.0397 0.0000
vt 16.6150 22.6009 0.0000
vt 19.7141 20.5884 0.0000
vt 18.7533 21.3664 0.0000
vt 21.3663 18.7534 0.0000
vt 20.5883 19.7142 0.0000
vt 22.6009 16.6150 0.0000
vt 22.0396 17.7166 0.0000
vt 23.3639 14.2667 0.0000
vt 23.0440 15.4609 0.0000
vt 23.5573 13.0457 0.0000
vt 55.6581 0.0000 1.0000
vt 56.8950 0.0000 1.0000
vt 56.8950 0.7874 1.0000
vt 55.6581 0.7874 1.0000
vt 58.1318 0.0000 1.0000
vt 58.1318 0.7874 1.0000
vt 59.3687 0.0000 1.0000
vt 59.3687 0.7874 1.0000
vt 60.6055 0.0000 1.0000
vt 60.6055 0.7874 1.0000
vt 61.8424 0.0000 1.0000
vt 61.8424 0.7874 1.0000
vt 63.0792 0.0000 1.0000
vt 63.0792 0.7874 1.0000
vt 64.3161 0.0000 1.0000
vt 64.3161 0.7874 1.0000
vt 65.5529 0.0000 1.0000
vt 65.5529 0.7874 1.0000
vt 66.7898 0.0000 1.0000
vt 66.7898 0.7874 1.0000
vt 68.0266 0.0000 1.0000
vt 68.0266 0.7874 1.0000
vt 69.2635 0.0000 1.0000
vt 69.2635 0.7874 1.0000
vt 70.5003 0.0000 1.0000
vt 70.5003 0.7874 1.0000
vt 71.7372 0.0000 1.0000
vt 71.7372 0.7874 1.0000
vt 72.9740 0.0000 1.0000
vt 72.9740 0.7874 1.0000
vt -1.2368 0.0000 1.0000
vt 0.0000 0.0000 1.0000
vt 0.0000 0.7874 1.0000
vt -1.2368 0.7874 1.0000
vt 1.2368 0.0000 1.0000
vt 1.2368 0.7874 1.0000
vt 2.4737 0.0000 1.0000
vt 2.4737 0.7874 1.0000
vt 3.7105 0.0000 1.0000
vt 3.7105 0.7874 1.0000
vt 4.9474 0.0000 1.0000
vt 4.9474 0.7874 1.0000
vt 6.1842 0.0000 1.0000
vt 6.1842 0.7874 1.0000
vt 7.4211 0.0000 1.0000
vt 7.4211 0.7874 1.0000
vt 8.6579 0.0000 1.0000
vt 8.6579 0.7874 1.0000
vt 9.8948 0.0000 1.0000
vt 9.8948 0.7874 1.0000
vt 11.1316 0.0000 1.0000
vt 11.1316 0.7874 1.0000
vt 12.3685 0.0000 1.0000
vt 12.3685 0.7874 1.0000
vt 13.6053 0.0000 1.0000
vt 13.6053 0.7874 1.0000
vt 14.8422 0.0000 1.0000
vt 14.8422 0.7874 1.0000
vt 16.0790 0.0000 1.0000
vt 16.0790 0.7874 1.0000
vt 17.3159 0.0000 1.0000
vt 17.3159 0.7874 1.0000
vt 18.5527 0.0000 1.0000
vt 18.5527 0.7874 1.0000
vt 19.7895 0.0000 1.0000
vt 19.7895 0.7874 1.0000
vt 21.0264 0.0000 1.0000
vt 21.0264 0.7874 1.0000
vt 22.2632 0.0000 1.0000
vt 22.2632 0.7874 1.0000
vt 23.5001 0.0000 1.0000
vt 23.5001 0.7874 1.0000
vt 24.7369 0.0000 1.0000
vt 24.7369 0.7874 1.0000
vt 25.9738 0.0000 1.0000
vt 25.9738 0.7874 1.0000
vt 27.2106 0.0000 1.0000
vt 27.2106 0.7874 1.0000
vt 28.4475 0.0000 1.0000
vt 28.4475 0.7874 1.0000
vt 29.6843 0.0000 1.0000
vt 29.6843 0.7874 1.0000
vt 30.9212 0.0000 1.0000
vt 30.9212 0.7874 1.0000
vt 32.1580 0.0000 1.0000
vt 32.1580 0.7874 1.0000
vt 33.3949 0.0000 1.0000
vt 33.3949 0.7874 1.0000
vt 34.6317 0.0000 1.0000
vt 34.6317 0.7874 1.0000
vt 35.8685 0.0000 1.0000
vt 35.8685 0.7874 1.0000
vt 37.1054 0.0000 1.0000
vt 37.1054 0.7874 1.0000
vt 38.3422 0.0000 1.0000
vt 38.3422 0.7874 1.0000
vt 39.5791 0.0000 1.0000
vt 39.5791 0.7874 1.0000
vt 40.8159 0.0000 1.0000
vt 40.8159 0.7874 1.0000
vt 42.0528 0.0000 1.0000
vt 42.0528 0.7874 1.0000
vt 43.2896 0.0000 1.0000
vt 43.2896 0.7874 1.0000
vt 44.5265 0.0000 1.0000
vt 44.5265 0.7874 1.0000
vt 45.7633 0.0000 1.0000
vt 45.7633 0.7874 1.0000
vt 47.0002 0.0000 1.0000
vt 47.0002 0.7874 1.0000
vt 48.2370 0.0000 1.0000
vt 48.2370 0.7874 1.0000
vt 49.4739 0.0000 1.0000
vt 49.4739 0.7874 1.0000
vt 50.7107 0.0000 1.0000
vt 50.7107 0.7874 1.0000
vt 51.9475 0.0000 1.0000
vt 51.9475 0.7874 1.0000
vt 53.1844 0.0000 1.0000
vt 53.1844 0.7874 1.0000
vt 54.4212 0.0000 1.0000
vt 54.4212 0.7874 1.0000
vt 23.5573 13.0456 0.0000
vt 23.0440 15.4608 0.0000
vt 22.0397 17.7165 0.0000
vt 20.5883 19.7141 0.0000
vt 19.7141 20.5883 0.0000
vt 18.7534 21.3663 0.0000
vt 14.2667 23.3639 0.0000
vt 13.0456 23.5573 0.0000
vt 9.3554 23.3639 0.0000
vt 0.0647 10.5765 0.0000
vt 1.0211 7.0071 0.0000
vt 9.3553 0.2581 0.0000
vt 14.2666 0.2581 0.0000
vt 18.7533 2.2557 0.0000
vt 21.3663 4.8686 0.0000
vt 22.0396 5.9055 0.0000
vt 23.3639 9.3553 0.0000
# 200 texture coords

g Cylinder003
usemtl wire_000000000
s 1
f 1/1/1 2/2/1 3/3/1 4/4/1 
f 1/1/1 5/5/1 6/6/1 2/2/1 
f 1/1/1 7/7/1 8/8/1 5/5/1 
f 1/1/1 9/9/1 10/10/1 7/7/1 
f 1/1/1 11/11/1 12/12/1 9/9/1 
f 1/1/1 13/13/1 14/14/1 11/11/1 
f 1/1/1 15/15/1 16/16/1 13/13/1 
f 1/1/1 17/17/1 18/18/1 15/15/1 
f 1/1/1 19/19/1 20/20/1 17/17/1 
f 1/1/1 21/21/1 22/22/1 19/19/1 
f 1/1/1 23/23/1 24/24/1 21/21/1 
f 1/1/1 25/25/1 26/26/1 23/23/1 
f 1/1/1 27/27/1 28/28/1 25/25/1 
f 1/1/1 29/29/1 30/30/1 27/27/1 
f 1/1/1 31/31/1 32/32/1 29/29/1 
f 1/1/1 33/33/1 34/34/1 31/31/1 
f 1/1/1 35/35/1 36/36/1 33/33/1 
f 1/1/1 37/37/1 38/38/1 35/35/1 
f 1/1/1 39/39/1 40/40/1 37/37/1 
f 1/1/1 41/41/1 42/42/1 39/39/1 
f 1/1/1 43/43/1 44/44/1 41/41/1 
f 1/1/1 45/45/1 46/46/1 43/43/1 
f 1/1/1 47/47/1 48/48/1 45/45/1 
f 1/1/1 49/49/1 50/50/1 47/47/1 
f 1/1/1 51/51/1 52/52/1 49/49/1 
f 1/1/1 53/53/1 54/54/1 51/51/1 
f 1/1/1 55/55/1 56/56/1 53/53/1 
f 1/1/1 57/57/1 58/58/1 55/55/1 
f 1/1/1 59/59/1 60/60/1 57/57/1 
f 1/1/1 4/4/1 61/61/1 59/59/1 
s 8
f 4/62/2 3/63/3 62/64/3 63/65/2 
f 3/63/3 2/66/4 64/67/4 62/64/3 
f 2/66/4 6/68/5 65/69/5 64/67/4 
f 6/68/5 5/70/6 66/71/6 65/69/5 
f 5/70/6 8/72/7 67/73/7 66/71/6 
f 8/72/7 7/74/8 68/75/8 67/73/7 
f 7/74/8 10/76/9 69/77/9 68/75/8 
f 10/76/9 9/78/10 70/79/10 69/77/9 
f 9/78/10 12/80/11 71/81/11 70/79/10 
f 12/80/11 11/82/12 72/83/12 71/81/11 
f 11/82/12 14/84/13 73/85/13 72/83/12 
f 14/84/13 13/86/14 74/87/14 73/85/13 
f 13/86/14 16/88/15 75/89/15 74/87/14 
f 16/88/15 15/90/16 76/91/16 75/89/15 
f 15/92/16 18/93/17 77/94/17 76/95/16 
f 18/93/17 17/96/18 78/97/18 77/94/17 
f 17/96/18 20/98/19 79/99/19 78/97/18 
f 20/98/19 19/100/20 80/101/20 79/99/19 
f 19/100/20 22/102/21 81/103/21 80/101/20 
f 22/102/21 21/104/22 82/105/22 81/103/21 
f 21/104/22 24/106/23 83/107/23 82/105/22 
f 24/106/23 23/108/24 84/109/24 83/107/23 
f 23/108/24 26/110/25 85/111/25 84/109/24 
f 26/110/25 25/112/26 86/113/26 85/111/25 
f 25/112/26 28/114/27 87/115/27 86/113/26 
f 28/114/27 27/116/28 88/117/28 87/115/27 
f 27/116/28 30/118/29 89/119/29 88/117/28 
f 30/118/29 29/120/30 90/121/30 89/119/29 
f 29/120/30 32/122/31 91/123/31 90/121/30 
f 32/122/31 31/124/32 92/125/32 91/123/31 
f 31/124/32 34/126/33 93/127/33 92/125/32 
f 34/126/33 33/128/34 94/129/34 93/127/33 
f 33/128/34 36/130/35 95/131/35 94/129/34 
f 36/130/35 35/132/36 96/133/36 95/131/35 
f 35/132/36 38/134/37 97/135/37 96/133/36 
f 38/134/37 37/136/38 98/137/38 97/135/37 
f 37/136/38 40/138/39 99/139/39 98/137/38 
f 40/138/39 39/140/40 100/141/40 99/139/39 
f 39/140/40 42/142/41 101/143/41 100/141/40 
f 42/142/41 41/144/42 102/145/42 101/143/41 
f 41/144/42 44/146/43 103/147/43 102/145/42 
f 44/146/43 43/148/44 104/149/44 103/147/43 
f 43/148/44 46/150/45 105/151/45 104/149/44 
f 46/150/45 45/152/46 106/153/46 105/151/45 
f 45/152/46 48/154/47 107/155/47 106/153/46 
f 48/154/47 47/156/48 108/157/48 107/155/47 
f 47/156/48 50/158/49 109/159/49 108/157/48 
f 50/158/49 49/160/50 110/161/50 109/159/49 
f 49/160/50 52/162/51 111/163/51 110/161/50 
f 52/162/51 51/164/52 112/165/52 111/163/51 
f 51/164/52 54/166/53 113/167/53 112/165/52 
f 54/166/53 53/168/54 114/169/54 113/167/53 
f 53/168/54 56/170/55 115/171/55 114/169/54 
f 56/170/55 55/172/56 116/173/56 115/171/55 
f 55/172/56 58/174/57 117/175/57 116/173/56 
f 58/174/57 57/176/58 118/177/58 117/175/57 
f 57/176/58 60/178/59 119/179/59 118/177/58 
f 60/178/59 59/180/60 120/181/60 119/179/59 
f 59/180/60 61/182/61 121/183/61 120/181/60 
f 61/182/61 4/62/2 63/65/2 121/183/61 
s 1
f 122/1/62 121/3/62 63/4/62 62/184/62 
f 122/1/62 62/184/62 64/59/62 65/185/62 
f 122/1/62 65/185/62 66/57/62 67/186/62 
f 122/1/62 67/186/62 68/55/62 69/187/62 
f 122/1/62 69/187/62 70/188/62 71/189/62 
f 122/1/62 71/189/62 72/51/62 73/52/62 
f 122/1/62 73/52/62 74/49/62 75/190/62 
f 122/1/62 75/190/62 76/191/62 77/48/62 
f 122/1/62 77/48/62 78/45/62 79/192/62 
f 122/1/62 79/192/62 80/43/62 81/44/62 
f 122/1/62 81/44/62 82/41/62 83/42/62 
f 122/1/62 83/42/62 84/39/62 85/40/62 
f 122/1/62 85/40/62 86/37/62 87/38/62 
f 122/1/62 87/38/62 88/35/62 89/36/62 
f 122/1/62 89/36/62 90/33/62 91/34/62 
f 122/1/62 91/34/62 92/31/62 93/193/62 
f 122/1/62 93/193/62 94/29/62 95/30/62 
f 122/1/62 95/30/62 96/194/62 97/28/62 
f 122/1/62 97/28/62 98/25/62 99/26/62 
f 122/1/62 99/26/62 100/23/62 101/24/62 
f 122/1/62 101/24/62 102/21/62 103/22/62 
f 122/1/62 103/22/62 104/19/62 105/195/62 
f 122/1/62 105/195/62 106/17/62 107/18/62 
f 122/1/62 107/18/62 108/15/62 109/196/62 
f 122/1/62 109/196/62 110/13/62 111/14/62 
f 122/1/62 111/14/62 112/11/62 113/197/62 
f 122/1/62 113/197/62 114/9/62 115/10/62 
f 122/1/62 115/10/62 116/198/62 117/199/62 
f 122/1/62 117/199/62 118/5/62 119/6/62 
f 122/1/62 119/6/62 120/200/62 121/3/62 
# 120 polygons

#
# object Cone003
#

v  -23.0059 1.0903 -1.0592
v  -12.2160 1.0903 -5.8632
v  -11.4530 1.0903 -3.5149
v  -11.1949 1.0903 -1.0592
v  -15.1028 1.0903 -9.8365
v  -13.4506 1.0903 -8.0015
v  -19.3561 1.0903 -12.2922
v  -17.1004 1.0903 -11.2879
v  -24.2405 1.0903 -12.8055
v  -21.7713 1.0903 -12.8055
v  -28.9114 1.0903 -11.2878
v  -26.6557 1.0903 -12.2922
v  -32.5612 1.0903 -8.0015
v  -30.9090 1.0903 -9.8365
v  -34.5588 1.0903 -3.5149
v  -33.7958 1.0903 -5.8632
v  -34.5588 1.0903 1.3964
v  -34.8169 1.0903 -1.0592
v  -32.5612 1.0903 5.8831
v  -33.7958 1.0903 3.7448
v  -28.9114 1.0903 9.1694
v  -30.9090 1.0903 7.7181
v  -24.2405 1.0903 10.6871
v  -26.6557 1.0903 10.1737
v  -19.3561 1.0903 10.1737
v  -21.7713 1.0903 10.6871
v  -15.1028 1.0903 7.7181
v  -17.1004 1.0903 9.1694
v  -12.2160 1.0903 3.7448
v  -13.4506 1.0903 5.8832
v  -11.4530 1.0903 1.3965
v  -12.1275 5.7467 -3.3921
v  -11.8824 5.7461 -1.0592
v  -12.8521 5.7484 -5.6230
v  -14.0245 5.7512 -7.6544
v  -15.5934 5.7549 -9.3976
v  -17.4904 5.7594 -10.7764
v  -19.6324 5.7645 -11.7305
v  -21.9260 5.7699 -12.2182
v  -24.2708 5.7754 -12.2182
v  -26.5643 5.7809 -11.7305
v  -28.7063 5.7859 -10.7764
v  -30.6033 5.7904 -9.3976
v  -32.1723 5.7941 -7.6544
v  -33.3446 5.7969 -5.6230
v  -34.0692 5.7986 -3.3921
v  -34.3143 5.7992 -1.0592
v  -34.0692 5.7986 1.2737
v  -33.3446 5.7969 3.5046
v  -32.1723 5.7941 5.5360
v  -30.6033 5.7904 7.2792
v  -28.7063 5.7859 8.6580
v  -26.5643 5.7809 9.6121
v  -24.2708 5.7754 10.0998
v  -21.9260 5.7699 10.0998
v  -19.6325 5.7645 9.6121
v  -17.4904 5.7594 8.6580
v  -15.5934 5.7549 7.2792
v  -14.0245 5.7512 5.5360
v  -12.8521 5.7484 3.5046
v  -12.1275 5.7467 1.2737
v  -12.7792 10.2833 -3.2693
v  -12.5473 10.2812 -1.0592
v  -13.4648 10.2897 -5.3828
v  -14.5741 10.3000 -7.3073
v  -16.0587 10.3138 -8.9588
v  -17.8536 10.3305 -10.2650
v  -19.8805 10.3493 -11.1689
v  -22.0506 10.3695 -11.6309
v  -24.2693 10.3901 -11.6309
v  -26.4394 10.4102 -11.1689
v  -28.4663 10.4291 -10.2650
v  -30.2612 10.4457 -8.9588
v  -31.7457 10.4595 -7.3073
v  -32.8551 10.4698 -5.3828
v  -33.5407 10.4762 -3.2693
v  -33.7726 10.4784 -1.0592
v  -33.5407 10.4762 1.1509
v  -32.8551 10.4698 3.2644
v  -31.7457 10.4595 5.1889
v  -30.2612 10.4457 6.8404
v  -28.4663 10.4291 8.1466
v  -26.4394 10.4102 9.0505
v  -24.2693 10.3901 9.5125
v  -22.0506 10.3695 9.5125
v  -19.8805 10.3493 9.0505
v  -17.8536 10.3305 8.1466
v  -16.0587 10.3138 6.8404
v  -14.5742 10.3000 5.1889
v  -13.4648 10.2897 3.2644
v  -12.7792 10.2833 1.1509
v  -13.3903 14.7241 -3.1465
v  -13.1717 14.7196 -1.0592
v  -14.0365 14.7374 -5.1426
v  -15.0820 14.7588 -6.9602
v  -16.4812 14.7876 -8.5199
v  -18.1729 14.8223 -9.7536
v  -20.0831 14.8615 -10.6072
v  -22.1285 14.9034 -11.0436
v  -24.2195 14.9463 -11.0436
v  -26.2649 14.9883 -10.6072
v  -28.1751 15.0275 -9.7536
v  -29.8668 15.0622 -8.5199
v  -31.2660 15.0909 -6.9602
v  -32.3115 15.1124 -5.1426
v  -32.9577 15.1257 -3.1465
v  -33.1763 15.1301 -1.0592
v  -32.9577 15.1256 1.0281
v  -32.3115 15.1124 3.0242
v  -31.2660 15.0909 4.8418
v  -29.8668 15.0622 6.4015
v  -28.1751 15.0275 7.6351
v  -26.2649 14.9883 8.4888
v  -24.2195 14.9463 8.9252
v  -22.1285 14.9034 8.9252
v  -20.0831 14.8615 8.4888
v  -18.1729 14.8223 7.6351
v  -16.4812 14.7876 6.4015
v  -15.0820 14.7588 4.8418
v  -14.0365 14.7374 3.0242
v  -13.3903 14.7241 1.0281
v  -13.9429 19.0924 -3.0237
v  -13.7378 19.0850 -1.0592
v  -14.5492 19.1141 -4.9024
v  -15.5304 19.1492 -6.6131
v  -16.8434 19.1963 -8.0810
v  -18.4308 19.2532 -9.2421
v  -20.2234 19.3174 -10.0456
v  -22.1428 19.3862 -10.4563
v  -24.1050 19.4565 -10.4563
v  -26.0244 19.5252 -10.0456
v  -27.8170 19.5895 -9.2421
v  -29.4045 19.6463 -8.0810
v  -30.7175 19.6934 -6.6131
v  -31.6986 19.7285 -4.9024
v  -32.3049 19.7502 -3.0237
v  -32.5101 19.7576 -1.0592
v  -32.3049 19.7502 0.9053
v  -31.6986 19.7285 2.7840
v  -30.7175 19.6934 4.4947
v  -29.4045 19.6463 5.9626
v  -27.8170 19.5895 7.1237
v  -26.0244 19.5252 7.9272
v  -24.1050 19.4565 8.3379
v  -22.1428 19.3862 8.3379
v  -20.2234 19.3174 7.9272
v  -18.4309 19.2532 7.1237
v  -16.8434 19.1963 5.9626
v  -15.5304 19.1493 4.4947
v  -14.5492 19.1141 2.7840
v  -13.9429 19.0924 0.9053
v  -14.4190 23.4107 -2.9009
v  -14.2274 23.4002 -1.0592
v  -14.9852 23.4418 -4.6622
v  -15.9015 23.4922 -6.2660
v  -17.1277 23.5597 -7.6422
v  -18.6102 23.6412 -8.7307
v  -20.2843 23.7333 -9.4839
v  -22.0768 23.8319 -9.8689
v  -23.9093 23.9327 -9.8689
v  -25.7017 24.0313 -9.4839
v  -27.3758 24.1234 -8.7307
v  -28.8583 24.2049 -7.6422
v  -30.0845 24.2724 -6.2660
v  -31.0008 24.3228 -4.6622
v  -31.5670 24.3539 -2.9009
v  -31.7586 24.3645 -1.0592
v  -31.5670 24.3540 0.7825
v  -31.0008 24.3228 2.5438
v  -30.0845 24.2724 4.1476
v  -28.8583 24.2050 5.5238
v  -27.3758 24.1234 6.6123
v  -25.7017 24.0313 7.3655
v  -23.9093 23.9327 7.7505
v  -22.0768 23.8319 7.7505
v  -20.2843 23.7333 7.3655
v  -18.6102 23.6412 6.6123
v  -17.1277 23.5597 5.5238
v  -15.9015 23.4922 4.1476
v  -14.9852 23.4418 2.5438
v  -14.4190 23.4107 0.7826
v  -14.8006 27.7011 -2.7782
v  -14.6227 27.6872 -1.0592
v  -15.3266 27.7420 -4.4220
v  -16.1776 27.8083 -5.9188
v  -17.3166 27.8970 -7.2033
v  -18.6937 28.0042 -8.2193
v  -20.2486 28.1253 -8.9223
v  -21.9136 28.2549 -9.2816
v  -23.6157 28.3875 -9.2816
v  -25.2807 28.5171 -8.9223
v  -26.8356 28.6382 -8.2193
v  -28.2127 28.7454 -7.2033
v  -29.3516 28.8341 -5.9188
v  -30.2027 28.9004 -4.4220
v  -30.7287 28.9413 -2.7782
v  -30.9066 28.9552 -1.0592
v  -30.7287 28.9413 0.6598
v  -30.2027 28.9004 2.3036
v  -29.3516 28.8341 3.8004
v  -28.2127 28.7454 5.0849
v  -26.8356 28.6382 6.1008
v  -25.2807 28.5171 6.8039
v  -23.6157 28.3875 7.1632
v  -21.9136 28.2549 7.1632
v  -20.2486 28.1253 6.8039
v  -18.6937 28.0042 6.1009
v  -17.3166 27.8970 5.0849
v  -16.1777 27.8083 3.8004
v  -15.3266 27.7420 2.3036
v  -14.8006 27.7011 0.6598
v  -15.0697 31.9848 -2.6554
v  -14.9054 31.9677 -1.0592
v  -15.5553 32.0354 -4.1818
v  -16.3410 32.1173 -5.5717
v  -17.3925 32.2269 -6.7644
v  -18.6638 32.3594 -7.7078
v  -20.0994 32.5091 -8.3606
v  -21.6365 32.6693 -8.6943
v  -23.2079 32.8331 -8.6943
v  -24.7450 32.9934 -8.3606
v  -26.1806 33.1430 -7.7078
v  -27.4519 33.2755 -6.7644
v  -28.5034 33.3851 -5.5717
v  -29.2891 33.4670 -4.1818
v  -29.7747 33.5176 -2.6554
v  -29.9389 33.5348 -1.0592
v  -29.7747 33.5176 0.5370
v  -29.2891 33.4670 2.0634
v  -28.5034 33.3851 3.4533
v  -27.4519 33.2755 4.6460
v  -26.1806 33.1430 5.5894
v  -24.7450 32.9934 6.2422
v  -23.2079 32.8331 6.5759
v  -21.6365 32.6693 6.5759
v  -20.0994 32.5091 6.2422
v  -18.6638 32.3594 5.5894
v  -17.3925 32.2269 4.6460
v  -16.3410 32.1173 3.4533
v  -15.5553 32.0354 2.0634
v  -15.0697 31.9848 0.5370
v  -15.2081 36.2825 -2.5326
v  -15.0575 36.2624 -1.0592
v  -15.6533 36.3422 -3.9416
v  -16.3737 36.4387 -5.2246
v  -17.3377 36.5679 -6.3256
v  -18.5032 36.7240 -7.1964
v  -19.8194 36.9004 -7.7990
v  -21.2286 37.0892 -8.1070
v  -22.6693 37.2822 -8.1070
v  -24.0785 37.4710 -7.7990
v  -25.3947 37.6473 -7.1964
v  -26.5602 37.8035 -6.3256
v  -27.5242 37.9326 -5.2246
v  -28.2446 38.0292 -3.9416
v  -28.6898 38.0888 -2.5326
v  -28.8404 38.1090 -1.0592
v  -28.6898 38.0888 0.4142
v  -28.2446 38.0292 1.8232
v  -27.5242 37.9326 3.1062
v  -26.5602 37.8035 4.2072
v  -25.3947 37.6473 5.0780
v  -24.0785 37.4710 5.6806
v  -22.6693 37.2822 5.9886
v  -21.2286 37.0892 5.9886
v  -19.8194 36.9004 5.6806
v  -18.5032 36.7240 5.0780
v  -17.3377 36.5679 4.2072
v  -16.3737 36.4387 3.1062
v  -15.6533 36.3422 1.8232
v  -15.2081 36.2825 0.4142
v  -15.1977 40.6143 -2.4098
v  -15.0608 40.5915 -1.0592
v  -15.6026 40.6819 -3.7014
v  -16.2578 40.7913 -4.8775
v  -17.1345 40.9377 -5.8867
v  -18.1946 41.1146 -6.6850
v  -19.3916 41.3145 -7.2373
v  -20.6732 41.5285 -7.5197
v  -21.9835 41.7472 -7.5197
v  -23.2651 41.9612 -7.2373
v  -24.4621 42.1610 -6.6850
v  -25.5221 42.3380 -5.8867
v  -26.3989 42.4844 -4.8775
v  -27.0540 42.5937 -3.7014
v  -27.4589 42.6613 -2.4098
v  -27.5959 42.6842 -1.0592
v  -27.4589 42.6613 0.2914
v  -27.0540 42.5937 1.5830
v  -26.3989 42.4844 2.7591
v  -25.5221 42.3380 3.7683
v  -24.4621 42.1610 4.5666
v  -23.2651 41.9612 5.1189
v  -21.9835 41.7472 5.4013
v  -20.6732 41.5285 5.4013
v  -19.3916 41.3145 5.1189
v  -18.1946 41.1146 4.5666
v  -17.1345 40.9377 3.7683
v  -16.2578 40.7913 2.7591
v  -15.6026 40.6819 1.5830
v  -15.1977 40.6143 0.2914
v  -15.0203 44.9995 -2.2870
v  -14.8970 44.9745 -1.0592
v  -15.3851 45.0736 -3.4612
v  -15.9754 45.1934 -4.5304
v  -16.7653 45.3538 -5.4479
v  -17.7203 45.5477 -6.1735
v  -18.7987 45.7667 -6.6757
v  -19.9534 46.0011 -6.9324
v  -21.1339 46.2408 -6.9324
v  -22.2886 46.4753 -6.6757
v  -23.3670 46.6942 -6.1735
v  -24.3220 46.8881 -5.4479
v  -25.1119 47.0485 -4.5304
v  -25.7022 47.1684 -3.4612
v  -26.0670 47.2424 -2.2870
v  -26.1904 47.2675 -1.0592
v  -26.0670 47.2424 0.1686
v  -25.7022 47.1684 1.3428
v  -25.1119 47.0485 2.4120
v  -24.3220 46.8881 3.3294
v  -23.3670 46.6942 4.0551
v  -22.2886 46.4753 4.5573
v  -21.1339 46.2408 4.8140
v  -19.9534 46.0011 4.8140
v  -18.7987 45.7667 4.5573
v  -17.7203 45.5477 4.0551
v  -16.7653 45.3538 3.3295
v  -15.9754 45.1934 2.4120
v  -15.3851 45.0736 1.3428
v  -15.0203 44.9995 0.1686
v  -14.6576 49.4568 -2.1642
v  -14.5477 49.4302 -1.0592
v  -14.9826 49.5355 -3.2210
v  -15.5085 49.6628 -4.1833
v  -16.2122 49.8332 -5.0090
v  -17.0630 50.0393 -5.6621
v  -18.0238 50.2719 -6.1140
v  -19.0524 50.5210 -6.3450
v  -20.1041 50.7757 -6.3450
v  -21.1328 51.0248 -6.1140
v  -22.0936 51.2575 -5.6621
v  -22.9444 51.4635 -5.0090
v  -23.6481 51.6339 -4.1833
v  -24.1740 51.7613 -3.2210
v  -24.4989 51.8400 -2.1642
v  -24.6089 51.8666 -1.0592
v  -24.4989 51.8400 0.0458
v  -24.1740 51.7613 1.1026
v  -23.6481 51.6339 2.0649
v  -22.9444 51.4635 2.8906
v  -22.0936 51.2575 3.5437
v  -21.1328 51.0248 3.9956
v  -20.1041 50.7757 4.2266
v  -19.0525 50.5211 4.2266
v  -18.0238 50.2719 3.9956
v  -17.0630 50.0393 3.5437
v  -16.2122 49.8333 2.8906
v  -15.5085 49.6628 2.0649
v  -14.9826 49.5355 1.1026
v  -14.6576 49.4568 0.0458
v  -14.0913 54.0042 -2.0415
v  -13.9947 53.9767 -1.0592
v  -14.3769 54.0854 -2.9808
v  -14.8390 54.2167 -3.8361
v  -15.4574 54.3925 -4.5701
v  -16.2051 54.6051 -5.1507
v  -17.0494 54.8450 -5.5524
v  -17.9535 55.1020 -5.7577
v  -18.8777 55.3647 -5.7577
v  -19.7817 55.6217 -5.5524
v  -20.6260 55.8616 -5.1507
v  -21.3737 56.0742 -4.5701
v  -21.9922 56.2500 -3.8361
v  -22.4543 56.3813 -2.9808
v  -22.7399 56.4625 -2.0415
v  -22.8365 56.4900 -1.0592
v  -22.7399 56.4625 -0.0769
v  -22.4543 56.3813 0.8624
v  -21.9922 56.2500 1.7177
v  -21.3737 56.0742 2.4517
v  -20.6260 55.8617 3.0323
v  -19.7817 55.6217 3.4340
v  -18.8777 55.3647 3.6393
v  -17.9535 55.1020 3.6393
v  -17.0494 54.8450 3.4340
v  -16.2051 54.6050 3.0323
v  -15.4574 54.3925 2.4517
v  -14.8390 54.2168 1.7177
v  -14.3769 54.0854 0.8624
v  -14.0913 54.0042 -0.0769
v  -13.3029 58.6591 -1.9187
v  -13.2195 58.6317 -1.0592
v  -13.5497 58.7404 -2.7406
v  -13.9489 58.8718 -3.4890
v  -14.4832 59.0477 -4.1313
v  -15.1292 59.2604 -4.6392
v  -15.8586 59.5006 -4.9907
v  -16.6396 59.7577 -5.1704
v  -17.4381 60.0206 -5.1704
v  -18.2191 60.2777 -4.9907
v  -18.9486 60.5179 -4.6392
v  -19.5946 60.7305 -4.1313
v  -20.1288 60.9065 -3.4890
v  -20.5281 61.0379 -2.7406
v  -20.7748 61.1191 -1.9187
v  -20.8583 61.1466 -1.0592
v  -20.7748 61.1191 -0.1997
v  -20.5281 61.0379 0.6222
v  -20.1288 60.9065 1.3706
v  -19.5946 60.7306 2.0129
v  -18.9486 60.5179 2.5208
v  -18.2191 60.2777 2.8723
v  -17.4381 60.0206 3.0520
v  -16.6396 59.7577 3.0520
v  -15.8586 59.5006 2.8723
v  -15.1292 59.2604 2.5208
v  -14.4832 59.0477 2.0129
v  -13.9489 58.8718 1.3706
v  -13.5497 58.7404 0.6222
v  -13.3029 58.6591 -0.1997
v  -12.2741 63.4384 -1.7959
v  -12.2035 63.4118 -1.0592
v  -12.4826 63.5170 -2.5004
v  -12.8200 63.6442 -3.1419
v  -13.2716 63.8145 -3.6924
v  -13.8175 64.0204 -4.1278
v  -14.4340 64.2529 -4.4291
v  -15.0941 64.5018 -4.5831
v  -15.7689 64.7563 -4.5831
v  -16.4290 65.0052 -4.4291
v  -17.0455 65.2377 -4.1278
v  -17.5915 65.4436 -3.6924
v  -18.0430 65.6138 -3.1419
v  -18.3804 65.7411 -2.5004
v  -18.5890 65.8197 -1.7959
v  -18.6595 65.8463 -1.0592
v  -18.5890 65.8197 -0.3225
v  -18.3804 65.7411 0.3820
v  -18.0430 65.6138 1.0235
v  -17.5915 65.4436 1.5740
v  -17.0455 65.2377 2.0094
v  -16.4290 65.0052 2.3107
v  -15.7689 64.7563 2.4647
v  -15.0941 64.5018 2.4647
v  -14.4340 64.2529 2.3107
v  -13.8175 64.0204 2.0094
v  -13.2716 63.8145 1.5740
v  -12.8200 63.6443 1.0235
v  -12.4826 63.5170 0.3820
v  -12.2741 63.4384 -0.3225
v  -10.9863 68.3579 -1.6731
v  -10.9284 68.3332 -1.0592
v  -11.1574 68.4312 -2.2602
v  -11.4342 68.5496 -2.7948
v  -11.8047 68.7081 -3.2535
v  -12.2527 68.8997 -3.6164
v  -12.7585 69.1162 -3.8674
v  -13.3001 69.3479 -3.9958
v  -13.8537 69.5848 -3.9958
v  -14.3953 69.8165 -3.8674
v  -14.9011 70.0329 -3.6164
v  -15.3491 70.2246 -3.2535
v  -15.7196 70.3831 -2.7948
v  -15.9964 70.5015 -2.2602
v  -16.1675 70.5747 -1.6731
v  -16.2254 70.5995 -1.0592
v  -16.1675 70.5747 -0.4453
v  -15.9964 70.5016 0.1418
v  -15.7196 70.3831 0.6764
v  -15.3491 70.2246 1.1351
v  -14.9011 70.0329 1.4980
v  -14.3953 69.8165 1.7490
v  -13.8537 69.5848 1.8774
v  -13.3001 69.3479 1.8774
v  -12.7585 69.1162 1.7490
v  -12.2527 68.8997 1.4980
v  -11.8047 68.7081 1.1351
v  -11.4342 68.5496 0.6764
v  -11.1574 68.4312 0.1418
v  -10.9863 68.3579 -0.4453
v  -9.4210 73.4333 -1.5503
v  -9.3755 73.4114 -1.0592
v  -9.5555 73.4981 -2.0200
v  -9.7732 73.6029 -2.4477
v  -10.0646 73.7433 -2.8147
v  -10.4169 73.9129 -3.1049
v  -10.8147 74.1044 -3.3058
v  -11.2406 74.3095 -3.4085
v  -11.6760 74.5192 -3.4085
v  -12.1020 74.7242 -3.3058
v  -12.4998 74.9158 -3.1049
v  -12.8520 75.0854 -2.8147
v  -13.1434 75.2257 -2.4477
v  -13.3611 75.3305 -2.0200
v  -13.4957 75.3953 -1.5503
v  -13.5412 75.4172 -1.0592
v  -13.4957 75.3953 -0.5681
v  -13.3611 75.3305 -0.0984
v  -13.1434 75.2257 0.3293
v  -12.8520 75.0854 0.6963
v  -12.4998 74.9158 0.9865
v  -12.1020 74.7242 1.1874
v  -11.6760 74.5191 1.2901
v  -11.2406 74.3095 1.2901
v  -10.8147 74.1044 1.1874
v  -10.4169 73.9129 0.9865
v  -10.0646 73.7433 0.6963
v  -9.7733 73.6029 0.3293
v  -9.5555 73.4981 -0.0984
v  -9.4210 73.4333 -0.5681
v  -7.5595 78.6793 -1.4275
v  -7.5261 78.6612 -1.0592
v  -7.6586 78.7326 -1.7798
v  -7.8189 78.8188 -2.1006
v  -8.0333 78.9342 -2.3758
v  -8.2926 79.0737 -2.5935
v  -8.5854 79.2313 -2.7441
v  -8.8989 79.4000 -2.8211
v  -9.2194 79.5725 -2.8212
v  -9.5329 79.7412 -2.7441
v  -9.8257 79.8987 -2.5935
v  -10.0850 80.0382 -2.3758
v  -10.2995 80.1537 -2.1006
v  -10.4598 80.2399 -1.7798
v  -10.5588 80.2932 -1.4275
v  -10.5923 80.3112 -1.0592
v  -10.5588 80.2932 -0.6909
v  -10.4598 80.2399 -0.3386
v  -10.2995 80.1537 -0.0179
v  -10.0850 80.0383 0.2574
v  -9.8257 79.8987 0.4751
v  -9.5329 79.7412 0.6257
v  -9.2194 79.5725 0.7027
v  -8.8989 79.4000 0.7027
v  -8.5854 79.2313 0.6257
v  -8.2926 79.0737 0.4751
v  -8.0333 78.9342 0.2574
v  -7.8189 78.8188 -0.0178
v  -7.6586 78.7326 -0.3386
v  -7.5596 78.6793 -0.6909
v  -5.3834 84.1099 -1.3048
v  -5.3615 84.0968 -1.0592
v  -5.4481 84.1486 -1.5396
v  -5.5527 84.2111 -1.7534
v  -5.6928 84.2949 -1.9369
v  -5.8621 84.3961 -2.0821
v  -6.0534 84.5104 -2.1825
v  -6.2581 84.6328 -2.2338
v  -6.4675 84.7579 -2.2338
v  -6.6722 84.8803 -2.1825
v  -6.8635 84.9946 -2.0821
v  -7.0328 85.0959 -1.9369
v  -7.1729 85.1796 -1.7534
v  -7.2775 85.2422 -1.5396
v  -7.3422 85.2808 -1.3048
v  -7.3641 85.2939 -1.0592
v  -7.3422 85.2808 -0.8136
v  -7.2775 85.2422 -0.5788
v  -7.1729 85.1796 -0.3650
v  -7.0328 85.0959 -0.1815
v  -6.8635 84.9946 -0.0363
v  -6.6722 84.8803 0.0641
v  -6.4675 84.7579 0.1154
v  -6.2581 84.6328 0.1154
v  -6.0534 84.5104 0.0641
v  -5.8621 84.3961 -0.0363
v  -5.6928 84.2949 -0.1815
v  -5.5527 84.2112 -0.3650
v  -5.4481 84.1486 -0.5788
v  -5.3834 84.1099 -0.8136
v  -2.8737 89.7387 -1.1820
v  -2.8630 89.7317 -1.0592
v  -2.9053 89.7596 -1.2994
v  -2.9565 89.7934 -1.4063
v  -3.0250 89.8386 -1.4981
v  -3.1078 89.8933 -1.5706
v  -3.2013 89.9551 -1.6208
v  -3.3014 90.0212 -1.6465
v  -3.4037 90.0889 -1.6465
v  -3.5038 90.1550 -1.6209
v  -3.5973 90.2168 -1.5706
v  -3.6801 90.2715 -1.4981
v  -3.7486 90.3167 -1.4063
v  -3.7998 90.3505 -1.2994
v  -3.8314 90.3714 -1.1820
v  -3.8421 90.3784 -1.0592
v  -3.8314 90.3714 -0.9364
v  -3.7998 90.3505 -0.8190
v  -3.7486 90.3167 -0.7121
v  -3.6801 90.2714 -0.6203
v  -3.5973 90.2168 -0.5478
v  -3.5038 90.1550 -0.4976
v  -3.4037 90.0889 -0.4719
v  -3.3014 90.0212 -0.4719
v  -3.2013 89.9551 -0.4976
v  -3.1078 89.8933 -0.5478
v  -3.0250 89.8387 -0.6203
v  -2.9565 89.7934 -0.7121
v  -2.9053 89.7596 -0.8190
v  -2.8737 89.7387 -0.9364
v  -0.0118 95.5785 -1.0592
# 602 vertices

vn 0.0000 -1.0000 -0.0000
vn 0.9893 0.1461 0.0000
vn 0.9678 0.1456 -0.2054
vn 0.9678 0.1451 -0.2056
vn 0.9894 0.1456 0.0000
vn 0.9042 0.1441 -0.4019
vn 0.9042 0.1437 -0.4023
vn 0.8013 0.1419 -0.5812
vn 0.8011 0.1415 -0.5816
vn 0.6634 0.1389 -0.7352
vn 0.6629 0.1386 -0.7357
vn 0.4964 0.1353 -0.8575
vn 0.4957 0.1353 -0.8579
vn 0.3076 0.1314 -0.9424
vn 0.3066 0.1317 -0.9427
vn 0.1050 0.1272 -0.9863
vn 0.1038 0.1279 -0.9863
vn -0.1024 0.1230 -0.9871
vn -0.1037 0.1243 -0.9868
vn -0.3057 0.1191 -0.9447
vn -0.3068 0.1209 -0.9441
vn -0.4957 0.1154 -0.8608
vn -0.4967 0.1179 -0.8599
vn -0.6642 0.1122 -0.7391
vn -0.6648 0.1153 -0.7381
vn -0.8037 0.1096 -0.5848
vn -0.8039 0.1132 -0.5838
vn -0.9080 0.1077 -0.4048
vn -0.9079 0.1117 -0.4040
vn -0.9725 0.1065 -0.2070
vn -0.9721 0.1108 -0.2065
vn -0.9944 0.1061 -0.0000
vn -0.9939 0.1105 -0.0000
vn -0.9725 0.1065 0.2070
vn -0.9721 0.1108 0.2065
vn -0.9080 0.1077 0.4048
vn -0.9079 0.1117 0.4040
vn -0.8037 0.1096 0.5848
vn -0.8039 0.1132 0.5838
vn -0.6642 0.1122 0.7391
vn -0.6648 0.1153 0.7381
vn -0.4957 0.1154 0.8608
vn -0.4966 0.1179 0.8599
vn -0.3057 0.1191 0.9447
vn -0.3068 0.1209 0.9441
vn -0.1024 0.1231 0.9871
vn -0.1037 0.1244 0.9868
vn 0.1050 0.1273 0.9863
vn 0.1038 0.1280 0.9863
vn 0.3076 0.1315 0.9424
vn 0.3066 0.1318 0.9427
vn 0.4964 0.1355 0.8574
vn 0.4957 0.1354 0.8579
vn 0.6634 0.1390 0.7352
vn 0.6629 0.1388 0.7357
vn 0.8013 0.1420 0.5812
vn 0.8010 0.1416 0.5816
vn 0.9042 0.1442 0.4020
vn 0.9041 0.1438 0.4023
vn 0.9678 0.1456 0.2054
vn 0.9678 0.1451 0.2056
vn 0.9684 0.1418 -0.2052
vn 0.9898 0.1422 0.0000
vn 0.9049 0.1406 -0.4017
vn 0.8020 0.1389 -0.5810
vn 0.6640 0.1366 -0.7352
vn 0.4968 0.1341 -0.8574
vn 0.3076 0.1316 -0.9424
vn 0.1047 0.1291 -0.9861
vn -0.1030 0.1269 -0.9865
vn -0.3063 0.1251 -0.9437
vn -0.4962 0.1236 -0.8594
vn -0.6643 0.1226 -0.7374
vn -0.8032 0.1218 -0.5831
vn -0.9069 0.1214 -0.4035
vn -0.9710 0.1211 -0.2062
vn -0.9926 0.1210 -0.0000
vn -0.9710 0.1211 0.2062
vn -0.9069 0.1214 0.4035
vn -0.8032 0.1218 0.5832
vn -0.6642 0.1226 0.7374
vn -0.4962 0.1237 0.8594
vn -0.3063 0.1251 0.9437
vn -0.1030 0.1270 0.9865
vn 0.1047 0.1292 0.9861
vn 0.3076 0.1317 0.9424
vn 0.4968 0.1342 0.8574
vn 0.6640 0.1367 0.7352
vn 0.8020 0.1390 0.5810
vn 0.9049 0.1407 0.4018
vn 0.9684 0.1418 0.2053
vn 0.9696 0.1337 -0.2048
vn 0.9910 0.1339 0.0001
vn 0.9064 0.1331 -0.4010
vn 0.8037 0.1323 -0.5801
vn 0.6659 0.1313 -0.7344
vn 0.4987 0.1305 -0.8569
vn 0.3094 0.1298 -0.9420
vn 0.1062 0.1295 -0.9859
vn -0.1019 0.1296 -0.9863
vn -0.3055 0.1302 -0.9433
vn -0.4954 0.1310 -0.8587
vn -0.6634 0.1320 -0.7365
vn -0.8021 0.1331 -0.5822
vn -0.9055 0.1340 -0.4027
vn -0.9693 0.1345 -0.2058
vn -0.9909 0.1348 -0.0000
vn -0.9693 0.1345 0.2058
vn -0.9055 0.1340 0.4027
vn -0.8021 0.1331 0.5822
vn -0.6634 0.1320 0.7366
vn -0.4954 0.1310 0.8587
vn -0.3054 0.1302 0.9433
vn -0.1018 0.1297 0.9863
vn 0.1062 0.1296 0.9859
vn 0.3094 0.1299 0.9420
vn 0.4987 0.1305 0.8569
vn 0.6659 0.1314 0.7344
vn 0.8037 0.1324 0.5802
vn 0.9063 0.1332 0.4011
vn 0.9696 0.1337 0.2049
vn 0.9714 0.1207 -0.2043
vn 0.9927 0.1207 0.0001
vn 0.9084 0.1210 -0.4001
vn 0.8061 0.1216 -0.5791
vn 0.6686 0.1226 -0.7335
vn 0.5014 0.1242 -0.8562
vn 0.3119 0.1263 -0.9417
vn 0.1083 0.1291 -0.9857
vn -0.1002 0.1324 -0.9861
vn -0.3041 0.1361 -0.9429
vn -0.4942 0.1399 -0.8580
vn -0.6621 0.1436 -0.7355
vn -0.8004 0.1469 -0.5811
vn -0.9035 0.1495 -0.4017
vn -0.9670 0.1511 -0.2052
vn -0.9884 0.1517 -0.0000
vn -0.9670 0.1511 0.2052
vn -0.9035 0.1495 0.4017
vn -0.8004 0.1469 0.5811
vn -0.6621 0.1436 0.7356
vn -0.4942 0.1399 0.8580
vn -0.3041 0.1361 0.9429
vn -0.1001 0.1324 0.9861
vn 0.1083 0.1291 0.9857
vn 0.3119 0.1264 0.9417
vn 0.5014 0.1242 0.8562
vn 0.6685 0.1227 0.7335
vn 0.8061 0.1217 0.5792
vn 0.9084 0.1211 0.4002
vn 0.9714 0.1208 0.2044
vn 0.9736 0.1028 -0.2037
vn 0.9948 0.1023 0.0001
vn 0.9109 0.1043 -0.3991
vn 0.8090 0.1068 -0.5780
vn 0.6717 0.1104 -0.7325
vn 0.5047 0.1152 -0.8556
vn 0.3149 0.1210 -0.9414
vn 0.1109 0.1277 -0.9856
vn -0.0981 0.1351 -0.9860
vn -0.3023 0.1427 -0.9425
vn -0.4926 0.1503 -0.8572
vn -0.6602 0.1573 -0.7344
vn -0.7982 0.1632 -0.5799
vn -0.9007 0.1678 -0.4007
vn -0.9639 0.1707 -0.2046
vn -0.9852 0.1716 -0.0000
vn -0.9639 0.1707 0.2046
vn -0.9007 0.1678 0.4007
vn -0.7982 0.1633 0.5799
vn -0.6602 0.1573 0.7344
vn -0.4925 0.1503 0.8572
vn -0.3022 0.1428 0.9425
vn -0.0980 0.1351 0.9860
vn 0.1110 0.1277 0.9856
vn 0.3150 0.1210 0.9414
vn 0.5047 0.1152 0.8556
vn 0.6717 0.1104 0.7325
vn 0.8090 0.1068 0.5781
vn 0.9109 0.1043 0.3993
vn 0.9736 0.1028 0.2039
vn 0.9759 0.0799 -0.2031
vn 0.9969 0.0789 0.0001
vn 0.9136 0.0829 -0.3982
vn 0.8121 0.0878 -0.5769
vn 0.6752 0.0948 -0.7315
vn 0.5083 0.1035 -0.8550
vn 0.3184 0.1138 -0.9411
vn 0.1140 0.1254 -0.9855
vn -0.0954 0.1377 -0.9859
vn -0.3000 0.1501 -0.9421
vn -0.4902 0.1621 -0.8564
vn -0.6576 0.1729 -0.7332
vn -0.7951 0.1819 -0.5786
vn -0.8971 0.1888 -0.3995
vn -0.9598 0.1931 -0.2039
vn -0.9809 0.1945 -0.0000
vn -0.9598 0.1931 0.2039
vn -0.8971 0.1888 0.3995
vn -0.7951 0.1820 0.5786
vn -0.6576 0.1729 0.7333
vn -0.4901 0.1621 0.8564
vn -0.2999 0.1501 0.9421
vn -0.0953 0.1377 0.9859
vn 0.1141 0.1254 0.9855
vn 0.3184 0.1138 0.9411
vn 0.5083 0.1035 0.8550
vn 0.6751 0.0947 0.7316
vn 0.8120 0.0878 0.5770
vn 0.9135 0.0829 0.3983
vn 0.9759 0.0799 0.2033
vn 0.9779 0.0523 -0.2026
vn 0.9987 0.0507 0.0001
vn 0.9159 0.0571 -0.3972
vn 0.8150 0.0649 -0.5758
vn 0.6786 0.0757 -0.7306
vn 0.5119 0.0891 -0.8544
vn 0.3220 0.1048 -0.9409
vn 0.1174 0.1220 -0.9856
vn -0.0922 0.1400 -0.9858
vn -0.2970 0.1580 -0.9417
vn -0.4871 0.1750 -0.8556
vn -0.6541 0.1902 -0.7321
vn -0.7910 0.2028 -0.5772
vn -0.8923 0.2122 -0.3984
vn -0.9545 0.2181 -0.2033
vn -0.9755 0.2200 -0.0000
vn -0.9545 0.2181 0.2033
vn -0.8923 0.2123 0.3984
vn -0.7910 0.2028 0.5773
vn -0.6541 0.1902 0.7321
vn -0.4871 0.1750 0.8557
vn -0.2969 0.1580 0.9418
vn -0.0921 0.1400 0.9859
vn 0.1175 0.1220 0.9856
vn 0.3220 0.1047 0.9409
vn 0.5119 0.0891 0.8544
vn 0.6785 0.0757 0.7307
vn 0.8149 0.0649 0.5759
vn 0.9159 0.0570 0.3973
vn 0.9778 0.0523 0.2027
vn 0.9792 0.0204 -0.2021
vn 0.9998 0.0181 0.0001
vn 0.9177 0.0272 -0.3964
vn 0.8173 0.0383 -0.5749
vn 0.6815 0.0535 -0.7298
vn 0.5153 0.0723 -0.8540
vn 0.3256 0.0940 -0.9408
vn 0.1211 0.1176 -0.9857
vn -0.0886 0.1421 -0.9859
vn -0.2933 0.1663 -0.9415
vn -0.4831 0.1890 -0.8549
vn -0.6496 0.2090 -0.7310
vn -0.7857 0.2255 -0.5760
vn -0.8864 0.2378 -0.3973
vn -0.9480 0.2454 -0.2026
vn -0.9688 0.2479 0.0000
vn -0.9480 0.2454 0.2026
vn -0.8863 0.2378 0.3973
vn -0.7857 0.2256 0.5760
vn -0.6496 0.2090 0.7310
vn -0.4831 0.1890 0.8549
vn -0.2932 0.1663 0.9415
vn -0.0885 0.1421 0.9859
vn 0.1211 0.1175 0.9857
vn 0.3257 0.0939 0.9408
vn 0.5153 0.0722 0.8540
vn 0.6815 0.0534 0.7299
vn 0.8173 0.0383 0.5750
vn 0.9176 0.0271 0.3965
vn 0.9791 0.0204 0.2022
vn 0.9793 -0.0152 -0.2016
vn 0.9998 -0.0182 0.0001
vn 0.9184 -0.0062 -0.3956
vn 0.8188 0.0085 -0.5741
vn 0.6837 0.0285 -0.7292
vn 0.5182 0.0532 -0.8536
vn 0.3290 0.0815 -0.9408
vn 0.1248 0.1122 -0.9858
vn -0.0846 0.1438 -0.9860
vn -0.2889 0.1748 -0.9413
vn -0.4782 0.2037 -0.8543
vn -0.6439 0.2290 -0.7300
vn -0.7792 0.2498 -0.5749
vn -0.8790 0.2652 -0.3963
vn -0.9401 0.2746 -0.2021
vn -0.9607 0.2778 0.0000
vn -0.9401 0.2746 0.2021
vn -0.8790 0.2652 0.3963
vn -0.7791 0.2498 0.5749
vn -0.6438 0.2290 0.7301
vn -0.4781 0.2037 0.8544
vn -0.2888 0.1748 0.9413
vn -0.0845 0.1438 0.9860
vn 0.1248 0.1121 0.9858
vn 0.3290 0.0814 0.9408
vn 0.5182 0.0531 0.8536
vn 0.6837 0.0284 0.7292
vn 0.8187 0.0084 0.5741
vn 0.9183 -0.0063 0.3957
vn 0.9793 -0.0152 0.2018
vn 0.9780 -0.0538 -0.2013
vn 0.9983 -0.0577 0.0001
vn 0.9177 -0.0425 -0.3951
vn 0.8189 -0.0240 -0.5735
vn 0.6848 0.0012 -0.7287
vn 0.5202 0.0321 -0.8534
vn 0.3319 0.0675 -0.9409
vn 0.1285 0.1058 -0.9861
vn -0.0802 0.1450 -0.9862
vn -0.2837 0.1834 -0.9412
vn -0.4722 0.2189 -0.8539
vn -0.6369 0.2499 -0.7293
vn -0.7712 0.2752 -0.5740
vn -0.8702 0.2939 -0.3955
vn -0.9307 0.3053 -0.2016
vn -0.9510 0.3091 0.0000
vn -0.9307 0.3053 0.2016
vn -0.8701 0.2939 0.3956
vn -0.7712 0.2752 0.5741
vn -0.6369 0.2499 0.7293
vn -0.4721 0.2188 0.8539
vn -0.2837 0.1833 0.9412
vn -0.0802 0.1450 0.9862
vn 0.1285 0.1057 0.9861
vn 0.3319 0.0674 0.9409
vn 0.5202 0.0320 0.8535
vn 0.6847 0.0011 0.7288
vn 0.8188 -0.0241 0.5735
vn 0.9176 -0.0426 0.3952
vn 0.9780 -0.0539 0.2014
vn 0.9750 -0.0947 -0.2011
vn 0.9951 -0.0993 0.0001
vn 0.9152 -0.0810 -0.3947
vn 0.8174 -0.0585 -0.5731
vn 0.6845 -0.0280 -0.7285
vn 0.5212 0.0095 -0.8534
vn 0.3341 0.0523 -0.9411
vn 0.1319 0.0984 -0.9864
vn -0.0756 0.1457 -0.9864
vn -0.2779 0.1917 -0.9413
vn -0.4651 0.2342 -0.8537
vn -0.6286 0.2712 -0.7289
vn -0.7618 0.3013 -0.5735
vn -0.8598 0.3235 -0.3950
vn -0.9197 0.3370 -0.2013
vn -0.9399 0.3415 0.0000
vn -0.9197 0.3370 0.2013
vn -0.8598 0.3235 0.3951
vn -0.7618 0.3013 0.5735
vn -0.6286 0.2712 0.7289
vn -0.4651 0.2342 0.8538
vn -0.2779 0.1917 0.9413
vn -0.0756 0.1456 0.9864
vn 0.1319 0.0983 0.9864
vn 0.3341 0.0521 0.9411
vn 0.5211 0.0093 0.8534
vn 0.6844 -0.0281 0.7285
vn 0.8173 -0.0586 0.5732
vn 0.9152 -0.0810 0.3948
vn 0.9750 -0.0948 0.2012
vn 0.9700 -0.1369 -0.2010
vn 0.9898 -0.1424 0.0000
vn 0.9109 -0.1207 -0.3946
vn 0.8141 -0.0942 -0.5730
vn 0.6826 -0.0583 -0.7285
vn 0.5208 -0.0142 -0.8535
vn 0.3355 0.0361 -0.9414
vn 0.1350 0.0903 -0.9867
vn -0.0708 0.1458 -0.9868
vn -0.2714 0.1997 -0.9415
vn -0.4570 0.2494 -0.8538
vn -0.6191 0.2926 -0.7288
vn -0.7510 0.3277 -0.5733
vn -0.8480 0.3535 -0.3948
vn -0.9073 0.3692 -0.2012
vn -0.9272 0.3744 0.0000
vn -0.9073 0.3692 0.2012
vn -0.8480 0.3535 0.3949
vn -0.7509 0.3277 0.5733
vn -0.6190 0.2926 0.7288
vn -0.4570 0.2493 0.8538
vn -0.2714 0.1996 0.9415
vn -0.0708 0.1457 0.9868
vn 0.1350 0.0902 0.9867
vn 0.3354 0.0360 0.9414
vn 0.5208 -0.0144 0.8536
vn 0.6825 -0.0584 0.7285
vn 0.8141 -0.0943 0.5730
vn 0.9108 -0.1208 0.3947
vn 0.9699 -0.1370 0.2011
vn 0.9629 -0.1797 -0.2011
vn 0.9826 -0.1860 0.0000
vn 0.9046 -0.1610 -0.3947
vn 0.8090 -0.1305 -0.5732
vn 0.6790 -0.0892 -0.7287
vn 0.5191 -0.0385 -0.8538
vn 0.3359 0.0193 -0.9417
vn 0.1376 0.0816 -0.9871
vn -0.0659 0.1453 -0.9872
vn -0.2643 0.2071 -0.9419
vn -0.4479 0.2641 -0.8542
vn -0.6083 0.3136 -0.7291
vn -0.7388 0.3538 -0.5735
vn -0.8349 0.3833 -0.3950
vn -0.8935 0.4013 -0.2013
vn -0.9133 0.4074 0.0000
vn -0.8935 0.4013 0.2013
vn -0.8349 0.3833 0.3951
vn -0.7388 0.3538 0.5736
vn -0.6083 0.3136 0.7291
vn -0.4479 0.2640 0.8542
vn -0.2643 0.2070 0.9420
vn -0.0659 0.1452 0.9872
vn 0.1376 0.0815 0.9871
vn 0.3358 0.0192 0.9417
vn 0.5190 -0.0386 0.8539
vn 0.6789 -0.0893 0.7288
vn 0.8089 -0.1306 0.5732
vn 0.9045 -0.1611 0.3948
vn 0.9629 -0.1797 0.2012
vn 0.9540 -0.2222 -0.2013
vn 0.9734 -0.2293 0.0000
vn 0.8964 -0.2011 -0.3951
vn 0.8019 -0.1667 -0.5737
vn 0.6736 -0.1201 -0.7292
vn 0.5159 -0.0629 -0.8543
vn 0.3352 0.0022 -0.9421
vn 0.1397 0.0724 -0.9875
vn -0.0610 0.1442 -0.9877
vn -0.2568 0.2138 -0.9425
vn -0.4381 0.2781 -0.8549
vn -0.5965 0.3340 -0.7299
vn -0.7255 0.3793 -0.5743
vn -0.8205 0.4127 -0.3956
vn -0.8786 0.4330 -0.2016
vn -0.8981 0.4398 0.0000
vn -0.8786 0.4330 0.2016
vn -0.8205 0.4126 0.3956
vn -0.7255 0.3793 0.5743
vn -0.5965 0.3339 0.7299
vn -0.4381 0.2780 0.8549
vn -0.2568 0.2138 0.9425
vn -0.0610 0.1441 0.9877
vn 0.1397 0.0723 0.9876
vn 0.3351 0.0021 0.9422
vn 0.5159 -0.0630 0.8543
vn 0.6736 -0.1201 0.7293
vn 0.8019 -0.1668 0.5737
vn 0.8963 -0.2012 0.3952
vn 0.9540 -0.2222 0.2014
vn 0.9433 -0.2637 -0.2017
vn 0.9624 -0.2715 0.0000
vn 0.8864 -0.2403 -0.3958
vn 0.7932 -0.2021 -0.5745
vn 0.6667 -0.1503 -0.7300
vn 0.5114 -0.0870 -0.8550
vn 0.3335 -0.0148 -0.9426
vn 0.1412 0.0630 -0.9880
vn -0.0562 0.1425 -0.9882
vn -0.2490 0.2198 -0.9433
vn -0.4275 0.2911 -0.8559
vn -0.5838 0.3533 -0.7310
vn -0.7112 0.4038 -0.5754
vn -0.8052 0.4410 -0.3965
vn -0.8627 0.4637 -0.2021
vn -0.8820 0.4713 0.0000
vn -0.8627 0.4636 0.2021
vn -0.8052 0.4409 0.3965
vn -0.7112 0.4037 0.5755
vn -0.5838 0.3532 0.7311
vn -0.4276 0.2910 0.8559
vn -0.2490 0.2197 0.9433
vn -0.0563 0.1424 0.9882
vn 0.1411 0.0629 0.9880
vn 0.3334 -0.0149 0.9427
vn 0.5113 -0.0871 0.8550
vn 0.6666 -0.1504 0.7300
vn 0.7932 -0.2021 0.5745
vn 0.8863 -0.2403 0.3958
vn 0.9433 -0.2637 0.2017
vn 0.9311 -0.3036 -0.2022
vn 0.9500 -0.3123 0.0000
vn 0.8748 -0.2780 -0.3967
vn 0.7829 -0.2361 -0.5756
vn 0.6583 -0.1795 -0.7310
vn 0.5055 -0.1103 -0.8557
vn 0.3308 -0.0315 -0.9432
vn 0.1420 0.0534 -0.9884
vn -0.0517 0.1403 -0.9888
vn -0.2410 0.2248 -0.9441
vn -0.4166 0.3030 -0.8571
vn -0.5705 0.3713 -0.7326
vn -0.6962 0.4269 -0.5771
vn -0.7891 0.4679 -0.3979
vn -0.8460 0.4930 -0.2029
vn -0.8652 0.5014 0.0000
vn -0.8461 0.4930 0.2029
vn -0.7892 0.4679 0.3979
vn -0.6963 0.4268 0.5771
vn -0.5705 0.3712 0.7326
vn -0.4166 0.3029 0.8571
vn -0.2410 0.2247 0.9441
vn -0.0518 0.1402 0.9888
vn 0.1420 0.0534 0.9884
vn 0.3307 -0.0315 0.9432
vn 0.5055 -0.1104 0.8558
vn 0.6583 -0.1796 0.7311
vn 0.7829 -0.2362 0.5756
vn 0.8748 -0.2780 0.3967
vn 0.9311 -0.3036 0.2023
vn 0.9177 -0.3417 -0.2029
vn 0.9364 -0.3510 0.0000
vn 0.8621 -0.3139 -0.3979
vn 0.7714 -0.2685 -0.5769
vn 0.6487 -0.2073 -0.7323
vn 0.4986 -0.1326 -0.8566
vn 0.3272 -0.0476 -0.9438
vn 0.1423 0.0440 -0.9888
vn -0.0475 0.1377 -0.9893
vn -0.2330 0.2290 -0.9451
vn -0.4054 0.3136 -0.8587
vn -0.5568 0.3878 -0.7346
vn -0.6808 0.4484 -0.5791
vn -0.7727 0.4933 -0.3995
vn -0.8290 0.5207 -0.2038
vn -0.8480 0.5300 0.0000
vn -0.8290 0.5207 0.2039
vn -0.7727 0.4932 0.3995
vn -0.6809 0.4484 0.5791
vn -0.5568 0.3877 0.7346
vn -0.4054 0.3135 0.8587
vn -0.2330 0.2289 0.9451
vn -0.0475 0.1376 0.9893
vn 0.1422 0.0439 0.9889
vn 0.3271 -0.0476 0.9438
vn 0.4985 -0.1327 0.8567
vn 0.6487 -0.2074 0.7323
vn 0.7714 -0.2686 0.5769
vn 0.8621 -0.3139 0.3979
vn 0.9176 -0.3417 0.2029
vn 0.9033 -0.3775 -0.2037
vn 0.9218 -0.3876 -0.0000
vn 0.8484 -0.3476 -0.3993
vn 0.7589 -0.2990 -0.5785
vn 0.6381 -0.2335 -0.7337
vn 0.4907 -0.1537 -0.8577
vn 0.3228 -0.0629 -0.9444
vn 0.1420 0.0347 -0.9893
vn -0.0436 0.1347 -0.9899
vn -0.2251 0.2323 -0.9462
vn -0.3941 0.3230 -0.8604
vn -0.5430 0.4028 -0.7368
vn -0.6653 0.4682 -0.5815
vn -0.7561 0.5168 -0.4015
vn -0.8119 0.5466 -0.2050
vn -0.8308 0.5566 0.0000
vn -0.8120 0.5466 0.2050
vn -0.7561 0.5167 0.4016
vn -0.6653 0.4682 0.5815
vn -0.5430 0.4027 0.7368
vn -0.3942 0.3229 0.8604
vn -0.2252 0.2322 0.9462
vn -0.0437 0.1346 0.9899
vn 0.1419 0.0346 0.9893
vn 0.3228 -0.0630 0.9444
vn 0.4907 -0.1537 0.8577
vn 0.6381 -0.2335 0.7337
vn 0.7589 -0.2991 0.5785
vn 0.8484 -0.3476 0.3993
vn 0.9033 -0.3775 0.2037
vn 0.8884 -0.4110 -0.2047
vn 0.9067 -0.4217 -0.0000
vn 0.8340 -0.3792 -0.4008
vn 0.7457 -0.3275 -0.5803
vn 0.6268 -0.2579 -0.7352
vn 0.4822 -0.1733 -0.8588
vn 0.3179 -0.0774 -0.9450
vn 0.1411 0.0258 -0.9897
vn -0.0401 0.1315 -0.9905
vn -0.2175 0.2348 -0.9474
vn -0.3831 0.3312 -0.8623
vn -0.5294 0.4162 -0.7393
vn -0.6499 0.4862 -0.5841
vn -0.7397 0.5384 -0.4038
vn -0.7950 0.5705 -0.2063
vn -0.8137 0.5813 -0.0000
vn -0.7950 0.5704 0.2063
vn -0.7397 0.5383 0.4038
vn -0.6500 0.4862 0.5841
vn -0.5294 0.4161 0.7393
vn -0.3832 0.3311 0.8623
vn -0.2176 0.2347 0.9474
vn -0.0402 0.1314 0.9905
vn 0.1411 0.0257 0.9897
vn 0.3178 -0.0774 0.9450
vn 0.4821 -0.1734 0.8588
vn 0.6268 -0.2579 0.7353
vn 0.7457 -0.3275 0.5803
vn 0.8340 -0.3792 0.4008
vn 0.8884 -0.4110 0.2046
vn 0.8940 -0.4360 -0.1031
vn 0.8940 -0.4360 0.1030
vn 0.8578 -0.4140 -0.3047
vn 0.7866 -0.3708 -0.4937
vn 0.6833 -0.3081 -0.6619
vn 0.5520 -0.2285 -0.8019
vn 0.3980 -0.1351 -0.9074
vn 0.2282 -0.0323 -0.9731
vn 0.0500 0.0757 -0.9959
vn -0.1285 0.1837 -0.9745
vn -0.2992 0.2869 -0.9101
vn -0.4544 0.3807 -0.8053
vn -0.5871 0.4609 -0.6655
vn -0.6918 0.5241 -0.4967
vn -0.7640 0.5676 -0.3068
vn -0.8008 0.5899 -0.1037
vn -0.8008 0.5899 0.1037
vn -0.7640 0.5676 0.3068
vn -0.6918 0.5241 0.4967
vn -0.5871 0.4609 0.6655
vn -0.4544 0.3807 0.8053
vn -0.2992 0.2869 0.9100
vn -0.1286 0.1837 0.9745
vn 0.0500 0.0757 0.9959
vn 0.2282 -0.0322 0.9731
vn 0.3980 -0.1351 0.9074
vn 0.5520 -0.2285 0.8020
vn 0.6833 -0.3081 0.6620
vn 0.7866 -0.3708 0.4937
vn 0.8578 -0.4140 0.3047
vn 1.0000 0.0000 -0.0000
# 632 vertex normals

vt 11.8110 11.7463 0.0000
vt 22.6009 6.9423 0.0000
vt 23.3639 9.2907 0.0000
vt 23.6220 11.7463 0.0000
vt 19.7141 2.9690 0.0000
vt 21.3663 4.8040 0.0000
vt 15.4608 0.5134 0.0000
vt 17.7165 1.5177 0.0000
vt 10.5764 0.0000 0.0000
vt 13.0456 0.0000 0.0000
vt 5.9055 1.5177 0.0000
vt 8.1612 0.5134 0.0000
vt 2.2557 4.8040 0.0000
vt 3.9079 2.9690 0.0000
vt 0.2581 9.2907 0.0000
vt 1.0211 6.9423 0.0000
vt 0.2581 14.2020 0.0000
vt 0.0000 11.7463 0.0000
vt 2.2557 18.6887 0.0000
vt 1.0211 16.5503 0.0000
vt 5.9055 21.9750 0.0000
vt 3.9079 20.5236 0.0000
vt 10.5764 23.4926 0.0000
vt 8.1612 22.9793 0.0000
vt 15.4608 22.9793 0.0000
vt 13.0456 23.4926 0.0000
vt 19.7141 20.5236 0.0000
vt 17.7165 21.9750 0.0000
vt 22.6009 16.5503 0.0000
vt 21.3663 18.6887 0.0000
vt 23.3639 14.2020 0.0000
vt 55.6581 0.0000 1.0000
vt 58.1318 0.0000 1.0000
vt 58.1318 4.7244 0.9500
vt 55.6581 4.7244 0.9500
vt 60.6055 0.0000 1.0000
vt 60.6055 4.7244 0.9500
vt 63.0792 0.0000 1.0000
vt 63.0792 4.7244 0.9500
vt 65.5529 0.0000 1.0000
vt 65.5529 4.7244 0.9500
vt 68.0266 0.0000 1.0000
vt 68.0266 4.7244 0.9500
vt 70.5003 0.0000 1.0000
vt 70.5003 4.7244 0.9500
vt 72.9740 0.0000 1.0000
vt 72.9740 4.7244 0.9500
vt -1.2368 0.0000 1.0000
vt 1.2368 0.0000 1.0000
vt 1.2368 4.7244 0.9500
vt -1.2368 4.7244 0.9500
vt 3.7105 0.0000 1.0000
vt 3.7105 4.7244 0.9500
vt 6.1842 0.0000 1.0000
vt 6.1842 4.7244 0.9500
vt 8.6579 0.0000 1.0000
vt 8.6579 4.7244 0.9500
vt 11.1316 0.0000 1.0000
vt 11.1316 4.7244 0.9500
vt 13.6053 0.0000 1.0000
vt 13.6053 4.7244 0.9500
vt 16.0790 0.0000 1.0000
vt 16.0790 4.7244 0.9500
vt 18.5527 0.0000 1.0000
vt 18.5527 4.7244 0.9500
vt 21.0264 0.0000 1.0000
vt 21.0264 4.7244 0.9500
vt 23.5001 0.0000 1.0000
vt 23.5001 4.7244 0.9500
vt 25.9738 0.0000 1.0000
vt 25.9738 4.7244 0.9500
vt 28.4475 0.0000 1.0000
vt 28.4475 4.7244 0.9500
vt 30.9212 0.0000 1.0000
vt 30.9212 4.7244 0.9500
vt 33.3949 0.0000 1.0000
vt 33.3949 4.7244 0.9500
vt 35.8686 0.0000 1.0000
vt 35.8686 4.7244 0.9500
vt 38.3423 0.0000 1.0000
vt 38.3423 4.7244 0.9500
vt 40.8160 0.0000 1.0000
vt 40.8160 4.7244 0.9500
vt 43.2896 0.0000 1.0000
vt 43.2896 4.7244 0.9500
vt 45.7633 0.0000 1.0000
vt 45.7633 4.7244 0.9500
vt 48.2370 0.0000 1.0000
vt 48.2370 4.7244 0.9500
vt 50.7107 0.0000 1.0000
vt 50.7107 4.7244 0.9500
vt 53.1844 0.0000 1.0000
vt 53.1844 4.7244 0.9500
vt 58.1318 9.4488 0.9000
vt 55.6581 9.4488 0.9000
vt 60.6055 9.4488 0.9000
vt 63.0792 9.4488 0.9000
vt 65.5529 9.4488 0.9000
vt 68.0266 9.4488 0.9000
vt 70.5003 9.4488 0.9000
vt 72.9740 9.4488 0.9000
vt 1.2368 9.4488 0.9000
vt -1.2368 9.4488 0.9000
vt 3.7105 9.4488 0.9000
vt 6.1842 9.4488 0.9000
vt 8.6579 9.4488 0.9000
vt 11.1316 9.4488 0.9000
vt 13.6053 9.4488 0.9000
vt 16.0790 9.4488 0.9000
vt 18.5527 9.4488 0.9000
vt 21.0264 9.4488 0.9000
vt 23.5001 9.4488 0.9000
vt 25.9738 9.4488 0.9000
vt 28.4475 9.4488 0.9000
vt 30.9212 9.4488 0.9000
vt 33.3949 9.4488 0.9000
vt 35.8686 9.4488 0.9000
vt 38.3423 9.4488 0.9000
vt 40.8160 9.4488 0.9000
vt 43.2896 9.4488 0.9000
vt 45.7633 9.4488 0.9000
vt 48.2370 9.4488 0.9000
vt 50.7107 9.4488 0.9000
vt 53.1844 9.4488 0.9000
vt 58.1318 14.1732 0.8500
vt 55.6581 14.1732 0.8500
vt 60.6055 14.1732 0.8500
vt 63.0792 14.1732 0.8500
vt 65.5529 14.1732 0.8500
vt 68.0266 14.1732 0.8500
vt 70.5003 14.1732 0.8500
vt 72.9740 14.1732 0.8500
vt 1.2368 14.1732 0.8500
vt -1.2368 14.1732 0.8500
vt 3.7105 14.1732 0.8500
vt 6.1842 14.1732 0.8500
vt 8.6579 14.1732 0.8500
vt 11.1316 14.1732 0.8500
vt 13.6053 14.1732 0.8500
vt 16.0790 14.1732 0.8500
vt 18.5527 14.1732 0.8500
vt 21.0264 14.1732 0.8500
vt 23.5001 14.1732 0.8500
vt 25.9738 14.1732 0.8500
vt 28.4475 14.1732 0.8500
vt 30.9212 14.1732 0.8500
vt 33.3949 14.1732 0.8500
vt 35.8686 14.1732 0.8500
vt 38.3423 14.1732 0.8500
vt 40.8160 14.1732 0.8500
vt 43.2896 14.1732 0.8500
vt 45.7633 14.1732 0.8500
vt 48.2370 14.1732 0.8500
vt 50.7107 14.1732 0.8500
vt 53.1844 14.1732 0.8500
vt 58.1318 18.8976 0.8000
vt 55.6581 18.8976 0.8000
vt 60.6055 18.8976 0.8000
vt 63.0792 18.8976 0.8000
vt 65.5529 18.8976 0.8000
vt 68.0266 18.8976 0.8000
vt 70.5003 18.8976 0.8000
vt 72.9740 18.8976 0.8000
vt 1.2368 18.8976 0.8000
vt -1.2368 18.8976 0.8000
vt 3.7105 18.8976 0.8000
vt 6.1842 18.8976 0.8000
vt 8.6579 18.8976 0.8000
vt 11.1316 18.8976 0.8000
vt 13.6053 18.8976 0.8000
vt 16.0790 18.8976 0.8000
vt 18.5527 18.8976 0.8000
vt 21.0264 18.8976 0.8000
vt 23.5001 18.8976 0.8000
vt 25.9738 18.8976 0.8000
vt 28.4475 18.8976 0.8000
vt 30.9212 18.8976 0.8000
vt 33.3949 18.8976 0.8000
vt 35.8686 18.8976 0.8000
vt 38.3423 18.8976 0.8000
vt 40.8160 18.8976 0.8000
vt 43.2896 18.8976 0.8000
vt 45.7633 18.8976 0.8000
vt 48.2370 18.8976 0.8000
vt 50.7107 18.8976 0.8000
vt 53.1844 18.8976 0.8000
vt 58.1318 23.6220 0.7500
vt 55.6581 23.6220 0.7500
vt 60.6055 23.6220 0.7500
vt 63.0792 23.6220 0.7500
vt 65.5529 23.6220 0.7500
vt 68.0266 23.6220 0.7500
vt 70.5003 23.6220 0.7500
vt 72.9740 23.6220 0.7500
vt 1.2368 23.6220 0.7500
vt -1.2368 23.6220 0.7500
vt 3.7105 23.6220 0.7500
vt 6.1842 23.6220 0.7500
vt 8.6579 23.6220 0.7500
vt 11.1316 23.6220 0.7500
vt 13.6053 23.6220 0.7500
vt 16.0790 23.6220 0.7500
vt 18.5527 23.6220 0.7500
vt 21.0264 23.6220 0.7500
vt 23.5001 23.6220 0.7500
vt 25.9738 23.6220 0.7500
vt 28.4475 23.6220 0.7500
vt 30.9212 23.6220 0.7500
vt 33.3949 23.6220 0.7500
vt 35.8686 23.6220 0.7500
vt 38.3423 23.6220 0.7500
vt 40.8160 23.6220 0.7500
vt 43.2896 23.6220 0.7500
vt 45.7633 23.6220 0.7500
vt 48.2370 23.6220 0.7500
vt 50.7107 23.6220 0.7500
vt 53.1844 23.6220 0.7500
vt 58.1318 28.3465 0.7000
vt 55.6581 28.3465 0.7000
vt 60.6055 28.3465 0.7000
vt 63.0792 28.3465 0.7000
vt 65.5529 28.3465 0.7000
vt 68.0266 28.3465 0.7000
vt 70.5003 28.3465 0.7000
vt 72.9740 28.3465 0.7000
vt 1.2368 28.3465 0.7000
vt -1.2368 28.3465 0.7000
vt 3.7105 28.3465 0.7000
vt 6.1842 28.3465 0.7000
vt 8.6579 28.3465 0.7000
vt 11.1316 28.3465 0.7000
vt 13.6053 28.3465 0.7000
vt 16.0790 28.3465 0.7000
vt 18.5527 28.3465 0.7000
vt 21.0264 28.3465 0.7000
vt 23.5001 28.3465 0.7000
vt 25.9738 28.3465 0.7000
vt 28.4475 28.3465 0.7000
vt 30.9212 28.3465 0.7000
vt 33.3949 28.3465 0.7000
vt 35.8686 28.3465 0.7000
vt 38.3423 28.3465 0.7000
vt 40.8160 28.3465 0.7000
vt 43.2896 28.3465 0.7000
vt 45.7633 28.3465 0.7000
vt 48.2370 28.3465 0.7000
vt 50.7107 28.3465 0.7000
vt 53.1844 28.3465 0.7000
vt 58.1318 33.0709 0.6500
vt 55.6581 33.0709 0.6500
vt 60.6055 33.0709 0.6500
vt 63.0792 33.0709 0.6500
vt 65.5529 33.0709 0.6500
vt 68.0266 33.0709 0.6500
vt 70.5003 33.0709 0.6500
vt 72.9740 33.0709 0.6500
vt 1.2368 33.0709 0.6500
vt -1.2368 33.0709 0.6500
vt 3.7105 33.0709 0.6500
vt 6.1842 33.0709 0.6500
vt 8.6579 33.0709 0.6500
vt 11.1316 33.0709 0.6500
vt 13.6053 33.0709 0.6500
vt 16.0790 33.0709 0.6500
vt 18.5527 33.0709 0.6500
vt 21.0264 33.0709 0.6500
vt 23.5001 33.0709 0.6500
vt 25.9738 33.0709 0.6500
vt 28.4475 33.0709 0.6500
vt 30.9212 33.0709 0.6500
vt 33.3949 33.0709 0.6500
vt 35.8686 33.0709 0.6500
vt 38.3423 33.0709 0.6500
vt 40.8160 33.0709 0.6500
vt 43.2896 33.0709 0.6500
vt 45.7633 33.0709 0.6500
vt 48.2370 33.0709 0.6500
vt 50.7107 33.0709 0.6500
vt 53.1844 33.0709 0.6500
vt 58.1318 37.7953 0.6000
vt 55.6581 37.7953 0.6000
vt 60.6055 37.7953 0.6000
vt 63.0792 37.7953 0.6000
vt 65.5529 37.7953 0.6000
vt 68.0266 37.7953 0.6000
vt 70.5003 37.7953 0.6000
vt 72.9740 37.7953 0.6000
vt 1.2368 37.7953 0.6000
vt -1.2368 37.7953 0.6000
vt 3.7105 37.7953 0.6000
vt 6.1842 37.7953 0.6000
vt 8.6579 37.7953 0.6000
vt 11.1316 37.7953 0.6000
vt 13.6053 37.7953 0.6000
vt 16.0790 37.7953 0.6000
vt 18.5527 37.7953 0.6000
vt 21.0264 37.7953 0.6000
vt 23.5001 37.7953 0.6000
vt 25.9738 37.7953 0.6000
vt 28.4475 37.7953 0.6000
vt 30.9212 37.7953 0.6000
vt 33.3949 37.7953 0.6000
vt 35.8686 37.7953 0.6000
vt 38.3423 37.7953 0.6000
vt 40.8160 37.7953 0.6000
vt 43.2896 37.7953 0.6000
vt 45.7633 37.7953 0.6000
vt 48.2370 37.7953 0.6000
vt 50.7107 37.7953 0.6000
vt 53.1844 37.7953 0.6000
vt 58.1318 42.5197 0.5500
vt 55.6581 42.5197 0.5500
vt 60.6055 42.5197 0.5500
vt 63.0792 42.5197 0.5500
vt 65.5529 42.5197 0.5500
vt 68.0266 42.5197 0.5500
vt 70.5003 42.5197 0.5500
vt 72.9740 42.5197 0.5500
vt 1.2368 42.5197 0.5500
vt -1.2368 42.5197 0.5500
vt 3.7105 42.5197 0.5500
vt 6.1842 42.5197 0.5500
vt 8.6579 42.5197 0.5500
vt 11.1316 42.5197 0.5500
vt 13.6053 42.5197 0.5500
vt 16.0790 42.5197 0.5500
vt 18.5527 42.5197 0.5500
vt 21.0264 42.5197 0.5500
vt 23.5001 42.5197 0.5500
vt 25.9738 42.5197 0.5500
vt 28.4475 42.5197 0.5500
vt 30.9212 42.5197 0.5500
vt 33.3949 42.5197 0.5500
vt 35.8686 42.5197 0.5500
vt 38.3423 42.5197 0.5500
vt 40.8160 42.5197 0.5500
vt 43.2896 42.5197 0.5500
vt 45.7633 42.5197 0.5500
vt 48.2370 42.5197 0.5500
vt 50.7107 42.5197 0.5500
vt 53.1844 42.5197 0.5500
vt 58.1318 47.2441 0.5000
vt 55.6581 47.2441 0.5000
vt 60.6055 47.2441 0.5000
vt 63.0792 47.2441 0.5000
vt 65.5529 47.2441 0.5000
vt 68.0266 47.2441 0.5000
vt 70.5003 47.2441 0.5000
vt 72.9740 47.2441 0.5000
vt 1.2368 47.2441 0.5000
vt -1.2368 47.2441 0.5000
vt 3.7105 47.2441 0.5000
vt 6.1842 47.2441 0.5000
vt 8.6579 47.2441 0.5000
vt 11.1316 47.2441 0.5000
vt 13.6053 47.2441 0.5000
vt 16.0790 47.2441 0.5000
vt 18.5527 47.2441 0.5000
vt 21.0264 47.2441 0.5000
vt 23.5001 47.2441 0.5000
vt 25.9738 47.2441 0.5000
vt 28.4475 47.2441 0.5000
vt 30.9212 47.2441 0.5000
vt 33.3949 47.2441 0.5000
vt 35.8686 47.2441 0.5000
vt 38.3423 47.2441 0.5000
vt 40.8160 47.2441 0.5000
vt 43.2896 47.2441 0.5000
vt 45.7633 47.2441 0.5000
vt 48.2370 47.2441 0.5000
vt 50.7107 47.2441 0.5000
vt 53.1844 47.2441 0.5000
vt 58.1318 51.9685 0.4500
vt 55.6581 51.9685 0.4500
vt 60.6055 51.9685 0.4500
vt 63.0792 51.9685 0.4500
vt 65.5529 51.9685 0.4500
vt 68.0266 51.9685 0.4500
vt 70.5003 51.9685 0.4500
vt 72.9740 51.9685 0.4500
vt 1.2368 51.9685 0.4500
vt -1.2368 51.9685 0.4500
vt 3.7105 51.9685 0.4500
vt 6.1842 51.9685 0.4500
vt 8.6579 51.9685 0.4500
vt 11.1316 51.9685 0.4500
vt 13.6053 51.9685 0.4500
vt 16.0790 51.9685 0.4500
vt 18.5527 51.9685 0.4500
vt 21.0264 51.9685 0.4500
vt 23.5001 51.9685 0.4500
vt 25.9738 51.9685 0.4500
vt 28.4475 51.9685 0.4500
vt 30.9212 51.9685 0.4500
vt 33.3949 51.9685 0.4500
vt 35.8686 51.9685 0.4500
vt 38.3423 51.9685 0.4500
vt 40.8160 51.9685 0.4500
vt 43.2896 51.9685 0.4500
vt 45.7633 51.9685 0.4500
vt 48.2370 51.9685 0.4500
vt 50.7107 51.9685 0.4500
vt 53.1844 51.9685 0.4500
vt 58.1318 56.6929 0.4000
vt 55.6581 56.6929 0.4000
vt 60.6055 56.6929 0.4000
vt 63.0792 56.6929 0.4000
vt 65.5529 56.6929 0.4000
vt 68.0266 56.6929 0.4000
vt 70.5003 56.6929 0.4000
vt 72.9740 56.6929 0.4000
vt 1.2368 56.6929 0.4000
vt -1.2368 56.6929 0.4000
vt 3.7105 56.6929 0.4000
vt 6.1842 56.6929 0.4000
vt 8.6579 56.6929 0.4000
vt 11.1316 56.6929 0.4000
vt 13.6053 56.6929 0.4000
vt 16.0790 56.6929 0.4000
vt 18.5527 56.6929 0.4000
vt 21.0264 56.6929 0.4000
vt 23.5001 56.6929 0.4000
vt 25.9738 56.6929 0.4000
vt 28.4475 56.6929 0.4000
vt 30.9212 56.6929 0.4000
vt 33.3949 56.6929 0.4000
vt 35.8686 56.6929 0.4000
vt 38.3423 56.6929 0.4000
vt 40.8160 56.6929 0.4000
vt 43.2896 56.6929 0.4000
vt 45.7633 56.6929 0.4000
vt 48.2370 56.6929 0.4000
vt 50.7107 56.6929 0.4000
vt 53.1844 56.6929 0.4000
vt 58.1318 61.4173 0.3500
vt 55.6581 61.4173 0.3500
vt 60.6055 61.4173 0.3500
vt 63.0792 61.4173 0.3500
vt 65.5529 61.4173 0.3500
vt 68.0266 61.4173 0.3500
vt 70.5003 61.4173 0.3500
vt 72.9740 61.4173 0.3500
vt 1.2368 61.4173 0.3500
vt -1.2368 61.4173 0.3500
vt 3.7105 61.4173 0.3500
vt 6.1842 61.4173 0.3500
vt 8.6579 61.4173 0.3500
vt 11.1316 61.4173 0.3500
vt 13.6053 61.4173 0.3500
vt 16.0790 61.4173 0.3500
vt 18.5527 61.4173 0.3500
vt 21.0264 61.4173 0.3500
vt 23.5001 61.4173 0.3500
vt 25.9738 61.4173 0.3500
vt 28.4475 61.4173 0.3500
vt 30.9212 61.4173 0.3500
vt 33.3949 61.4173 0.3500
vt 35.8686 61.4173 0.3500
vt 38.3423 61.4173 0.3500
vt 40.8160 61.4173 0.3500
vt 43.2896 61.4173 0.3500
vt 45.7633 61.4173 0.3500
vt 48.2370 61.4173 0.3500
vt 50.7107 61.4173 0.3500
vt 53.1844 61.4173 0.3500
vt 58.1318 66.1417 0.3000
vt 55.6581 66.1417 0.3000
vt 60.6055 66.1417 0.3000
vt 63.0792 66.1417 0.3000
vt 65.5529 66.1417 0.3000
vt 68.0266 66.1417 0.3000
vt 70.5003 66.1417 0.3000
vt 72.9740 66.1417 0.3000
vt 1.2368 66.1417 0.3000
vt -1.2368 66.1417 0.3000
vt 3.7105 66.1417 0.3000
vt 6.1842 66.1417 0.3000
vt 8.6579 66.1417 0.3000
vt 11.1316 66.1417 0.3000
vt 13.6053 66.1417 0.3000
vt 16.0790 66.1417 0.3000
vt 18.5527 66.1417 0.3000
vt 21.0264 66.1417 0.3000
vt 23.5001 66.1417 0.3000
vt 25.9738 66.1417 0.3000
vt 28.4475 66.1417 0.3000
vt 30.9212 66.1417 0.3000
vt 33.3949 66.1417 0.3000
vt 35.8686 66.1417 0.3000
vt 38.3423 66.1417 0.3000
vt 40.8160 66.1417 0.3000
vt 43.2896 66.1417 0.3000
vt 45.7633 66.1417 0.3000
vt 48.2370 66.1417 0.3000
vt 50.7107 66.1417 0.3000
vt 53.1844 66.1417 0.3000
vt 58.1318 70.8661 0.2500
vt 55.6581 70.8661 0.2500
vt 60.6055 70.8661 0.2500
vt 63.0792 70.8661 0.2500
vt 65.5529 70.8661 0.2500
vt 68.0266 70.8661 0.2500
vt 70.5003 70.8661 0.2500
vt 72.9740 70.8661 0.2500
vt 1.2368 70.8661 0.2500
vt -1.2368 70.8661 0.2500
vt 3.7105 70.8661 0.2500
vt 6.1842 70.8661 0.2500
vt 8.6579 70.8661 0.2500
vt 11.1316 70.8661 0.2500
vt 13.6053 70.8661 0.2500
vt 16.0790 70.8661 0.2500
vt 18.5527 70.8661 0.2500
vt 21.0264 70.8661 0.2500
vt 23.5001 70.8661 0.2500
vt 25.9738 70.8661 0.2500
vt 28.4475 70.8661 0.2500
vt 30.9212 70.8661 0.2500
vt 33.3949 70.8661 0.2500
vt 35.8686 70.8661 0.2500
vt 38.3423 70.8661 0.2500
vt 40.8160 70.8661 0.2500
vt 43.2896 70.8661 0.2500
vt 45.7633 70.8661 0.2500
vt 48.2370 70.8661 0.2500
vt 50.7107 70.8661 0.2500
vt 53.1844 70.8661 0.2500
vt 58.1318 75.5906 0.2000
vt 55.6581 75.5906 0.2000
vt 60.6055 75.5906 0.2000
vt 63.0792 75.5906 0.2000
vt 65.5529 75.5906 0.2000
vt 68.0266 75.5906 0.2000
vt 70.5003 75.5906 0.2000
vt 72.9740 75.5906 0.2000
vt 1.2368 75.5906 0.2000
vt -1.2368 75.5906 0.2000
vt 3.7105 75.5906 0.2000
vt 6.1842 75.5906 0.2000
vt 8.6579 75.5906 0.2000
vt 11.1316 75.5906 0.2000
vt 13.6053 75.5906 0.2000
vt 16.0790 75.5906 0.2000
vt 18.5527 75.5906 0.2000
vt 21.0264 75.5906 0.2000
vt 23.5001 75.5906 0.2000
vt 25.9738 75.5906 0.2000
vt 28.4475 75.5906 0.2000
vt 30.9212 75.5906 0.2000
vt 33.3949 75.5906 0.2000
vt 35.8686 75.5906 0.2000
vt 38.3423 75.5906 0.2000
vt 40.8160 75.5906 0.2000
vt 43.2896 75.5906 0.2000
vt 45.7633 75.5906 0.2000
vt 48.2370 75.5906 0.2000
vt 50.7107 75.5906 0.2000
vt 53.1844 75.5906 0.2000
vt 58.1318 80.3150 0.1500
vt 55.6581 80.3150 0.1500
vt 60.6055 80.3150 0.1500
vt 63.0792 80.3150 0.1500
vt 65.5529 80.3150 0.1500
vt 68.0266 80.3150 0.1500
vt 70.5003 80.3150 0.1500
vt 72.9740 80.3150 0.1500
vt 1.2368 80.3150 0.1500
vt -1.2368 80.3150 0.1500
vt 3.7105 80.3150 0.1500
vt 6.1842 80.3150 0.1500
vt 8.6579 80.3150 0.1500
vt 11.1316 80.3150 0.1500
vt 13.6053 80.3150 0.1500
vt 16.0790 80.3150 0.1500
vt 18.5527 80.3150 0.1500
vt 21.0264 80.3150 0.1500
vt 23.5001 80.3150 0.1500
vt 25.9738 80.3150 0.1500
vt 28.4475 80.3150 0.1500
vt 30.9212 80.3150 0.1500
vt 33.3949 80.3150 0.1500
vt 35.8686 80.3150 0.1500
vt 38.3423 80.3150 0.1500
vt 40.8160 80.3150 0.1500
vt 43.2896 80.3150 0.1500
vt 45.7633 80.3150 0.1500
vt 48.2370 80.3150 0.1500
vt 50.7107 80.3150 0.1500
vt 53.1844 80.3150 0.1500
vt 58.1318 85.0394 0.1000
vt 55.6581 85.0394 0.1000
vt 60.6055 85.0394 0.1000
vt 63.0792 85.0394 0.1000
vt 65.5529 85.0394 0.1000
vt 68.0266 85.0394 0.1000
vt 70.5003 85.0394 0.1000
vt 72.9740 85.0394 0.1000
vt 1.2368 85.0394 0.1000
vt -1.2368 85.0394 0.1000
vt 3.7105 85.0394 0.1000
vt 6.1842 85.0394 0.1000
vt 8.6579 85.0394 0.1000
vt 11.1316 85.0394 0.1000
vt 13.6053 85.0394 0.1000
vt 16.0790 85.0394 0.1000
vt 18.5527 85.0394 0.1000
vt 21.0264 85.0394 0.1000
vt 23.5001 85.0394 0.1000
vt 25.9738 85.0394 0.1000
vt 28.4475 85.0394 0.1000
vt 30.9212 85.0394 0.1000
vt 33.3949 85.0394 0.1000
vt 35.8686 85.0394 0.1000
vt 38.3423 85.0394 0.1000
vt 40.8160 85.0394 0.1000
vt 43.2896 85.0394 0.1000
vt 45.7633 85.0394 0.1000
vt 48.2370 85.0394 0.1000
vt 50.7107 85.0394 0.1000
vt 53.1844 85.0394 0.1000
vt 58.1318 89.7638 0.0500
vt 55.6581 89.7638 0.0500
vt 60.6055 89.7638 0.0500
vt 63.0792 89.7638 0.0500
vt 65.5529 89.7638 0.0500
vt 68.0266 89.7638 0.0500
vt 70.5003 89.7638 0.0500
vt 72.9740 89.7638 0.0500
vt 1.2368 89.7638 0.0500
vt -1.2368 89.7638 0.0500
vt 3.7105 89.7638 0.0500
vt 6.1842 89.7638 0.0500
vt 8.6579 89.7638 0.0500
vt 11.1316 89.7638 0.0500
vt 13.6053 89.7638 0.0500
vt 16.0790 89.7638 0.0500
vt 18.5527 89.7638 0.0500
vt 21.0264 89.7638 0.0500
vt 23.5001 89.7638 0.0500
vt 25.9738 89.7638 0.0500
vt 28.4475 89.7638 0.0500
vt 30.9212 89.7638 0.0500
vt 33.3949 89.7638 0.0500
vt 35.8686 89.7638 0.0500
vt 38.3423 89.7638 0.0500
vt 40.8160 89.7638 0.0500
vt 43.2896 89.7638 0.0500
vt 45.7633 89.7638 0.0500
vt 48.2370 89.7638 0.0500
vt 50.7107 89.7638 0.0500
vt 53.1844 89.7638 0.0500
vt 37.1054 94.4882 0.0000
vt 0.0000 0.0000 0.0000
# 653 texture coords

g Cone003
usemtl wire_255255255
s 1
f 123/201/63 124/202/63 125/203/63 126/204/63 
f 123/201/63 127/205/63 128/206/63 124/202/63 
f 123/201/63 129/207/63 130/208/63 127/205/63 
f 123/201/63 131/209/63 132/210/63 129/207/63 
f 123/201/63 133/211/63 134/212/63 131/209/63 
f 123/201/63 135/213/63 136/214/63 133/211/63 
f 123/201/63 137/215/63 138/216/63 135/213/63 
f 123/201/63 139/217/63 140/218/63 137/215/63 
f 123/201/63 141/219/63 142/220/63 139/217/63 
f 123/201/63 143/221/63 144/222/63 141/219/63 
f 123/201/63 145/223/63 146/224/63 143/221/63 
f 123/201/63 147/225/63 148/226/63 145/223/63 
f 123/201/63 149/227/63 150/228/63 147/225/63 
f 123/201/63 151/229/63 152/230/63 149/227/63 
f 123/201/63 126/204/63 153/231/63 151/229/63 
s 8
f 126/232/64 125/233/65 154/234/66 155/235/67 
f 125/233/65 124/236/68 156/237/69 154/234/66 
f 124/236/68 128/238/70 157/239/71 156/237/69 
f 128/238/70 127/240/72 158/241/73 157/239/71 
f 127/240/72 130/242/74 159/243/75 158/241/73 
f 130/242/74 129/244/76 160/245/77 159/243/75 
f 129/244/76 132/246/78 161/247/79 160/245/77 
f 132/248/78 131/249/80 162/250/81 161/251/79 
f 131/249/80 134/252/82 163/253/83 162/250/81 
f 134/252/82 133/254/84 164/255/85 163/253/83 
f 133/254/84 136/256/86 165/257/87 164/255/85 
f 136/256/86 135/258/88 166/259/89 165/257/87 
f 135/258/88 138/260/90 167/261/91 166/259/89 
f 138/260/90 137/262/92 168/263/93 167/261/91 
f 137/262/92 140/264/94 169/265/95 168/263/93 
f 140/264/94 139/266/96 170/267/97 169/265/95 
f 139/266/96 142/268/98 171/269/99 170/267/97 
f 142/268/98 141/270/100 172/271/101 171/269/99 
f 141/270/100 144/272/102 173/273/103 172/271/101 
f 144/272/102 143/274/104 174/275/105 173/273/103 
f 143/274/104 146/276/106 175/277/107 174/275/105 
f 146/276/106 145/278/108 176/279/109 175/277/107 
f 145/278/108 148/280/110 177/281/111 176/279/109 
f 148/280/110 147/282/112 178/283/113 177/281/111 
f 147/282/112 150/284/114 179/285/115 178/283/113 
f 150/284/114 149/286/116 180/287/117 179/285/115 
f 149/286/116 152/288/118 181/289/119 180/287/117 
f 152/288/118 151/290/120 182/291/121 181/289/119 
f 151/290/120 153/292/122 183/293/123 182/291/121 
f 153/292/122 126/232/64 155/235/67 183/293/123 
f 155/235/67 154/234/66 184/294/124 185/295/125 
f 154/234/66 156/237/69 186/296/126 184/294/124 
f 156/237/69 157/239/71 187/297/127 186/296/126 
f 157/239/71 158/241/73 188/298/128 187/297/127 
f 158/241/73 159/243/75 189/299/129 188/298/128 
f 159/243/75 160/245/77 190/300/130 189/299/129 
f 160/245/77 161/247/79 191/301/131 190/300/130 
f 161/251/79 162/250/81 192/302/132 191/303/131 
f 162/250/81 163/253/83 193/304/133 192/302/132 
f 163/253/83 164/255/85 194/305/134 193/304/133 
f 164/255/85 165/257/87 195/306/135 194/305/134 
f 165/257/87 166/259/89 196/307/136 195/306/135 
f 166/259/89 167/261/91 197/308/137 196/307/136 
f 167/261/91 168/263/93 198/309/138 197/308/137 
f 168/263/93 169/265/95 199/310/139 198/309/138 
f 169/265/95 170/267/97 200/311/140 199/310/139 
f 170/267/97 171/269/99 201/312/141 200/311/140 
f 171/269/99 172/271/101 202/313/142 201/312/141 
f 172/271/101 173/273/103 203/314/143 202/313/142 
f 173/273/103 174/275/105 204/315/144 203/314/143 
f 174/275/105 175/277/107 205/316/145 204/315/144 
f 175/277/107 176/279/109 206/317/146 205/316/145 
f 176/279/109 177/281/111 207/318/147 206/317/146 
f 177/281/111 178/283/113 208/319/148 207/318/147 
f 178/283/113 179/285/115 209/320/149 208/319/148 
f 179/285/115 180/287/117 210/321/150 209/320/149 
f 180/287/117 181/289/119 211/322/151 210/321/150 
f 181/289/119 182/291/121 212/323/152 211/322/151 
f 182/291/121 183/293/123 213/324/153 212/323/152 
f 183/293/123 155/235/67 185/295/125 213/324/153 
f 185/295/125 184/294/124 214/325/154 215/326/155 
f 184/294/124 186/296/126 216/327/156 214/325/154 
f 186/296/126 187/297/127 217/328/157 216/327/156 
f 187/297/127 188/298/128 218/329/158 217/328/157 
f 188/298/128 189/299/129 219/330/159 218/329/158 
f 189/299/129 190/300/130 220/331/160 219/330/159 
f 190/300/130 191/301/131 221/332/161 220/331/160 
f 191/303/131 192/302/132 222/333/162 221/334/161 
f 192/302/132 193/304/133 223/335/163 222/333/162 
f 193/304/133 194/305/134 224/336/164 223/335/163 
f 194/305/134 195/306/135 225/337/165 224/336/164 
f 195/306/135 196/307/136 226/338/166 225/337/165 
f 196/307/136 197/308/137 227/339/167 226/338/166 
f 197/308/137 198/309/138 228/340/168 227/339/167 
f 198/309/138 199/310/139 229/341/169 228/340/168 
f 199/310/139 200/311/140 230/342/170 229/341/169 
f 200/311/140 201/312/141 231/343/171 230/342/170 
f 201/312/141 202/313/142 232/344/172 231/343/171 
f 202/313/142 203/314/143 233/345/173 232/344/172 
f 203/314/143 204/315/144 234/346/174 233/345/173 
f 204/315/144 205/316/145 235/347/175 234/346/174 
f 205/316/145 206/317/146 236/348/176 235/347/175 
f 206/317/146 207/318/147 237/349/177 236/348/176 
f 207/318/147 208/319/148 238/350/178 237/349/177 
f 208/319/148 209/320/149 239/351/179 238/350/178 
f 209/320/149 210/321/150 240/352/180 239/351/179 
f 210/321/150 211/322/151 241/353/181 240/352/180 
f 211/322/151 212/323/152 242/354/182 241/353/181 
f 212/323/152 213/324/153 243/355/183 242/354/182 
f 213/324/153 185/295/125 215/326/155 243/355/183 
f 215/326/155 214/325/154 244/356/184 245/357/185 
f 214/325/154 216/327/156 246/358/186 244/356/184 
f 216/327/156 217/328/157 247/359/187 246/358/186 
f 217/328/157 218/329/158 248/360/188 247/359/187 
f 218/329/158 219/330/159 249/361/189 248/360/188 
f 219/330/159 220/331/160 250/362/190 249/361/189 
f 220/331/160 221/332/161 251/363/191 250/362/190 
f 221/334/161 222/333/162 252/364/192 251/365/191 
f 222/333/162 223/335/163 253/366/193 252/364/192 
f 223/335/163 224/336/164 254/367/194 253/366/193 
f 224/336/164 225/337/165 255/368/195 254/367/194 
f 225/337/165 226/338/166 256/369/196 255/368/195 
f 226/338/166 227/339/167 257/370/197 256/369/196 
f 227/339/167 228/340/168 258/371/198 257/370/197 
f 228/340/168 229/341/169 259/372/199 258/371/198 
f 229/341/169 230/342/170 260/373/200 259/372/199 
f 230/342/170 231/343/171 261/374/201 260/373/200 
f 231/343/171 232/344/172 262/375/202 261/374/201 
f 232/344/172 233/345/173 263/376/203 262/375/202 
f 233/345/173 234/346/174 264/377/204 263/376/203 
f 234/346/174 235/347/175 265/378/205 264/377/204 
f 235/347/175 236/348/176 266/379/206 265/378/205 
f 236/348/176 237/349/177 267/380/207 266/379/206 
f 237/349/177 238/350/178 268/381/208 267/380/207 
f 238/350/178 239/351/179 269/382/209 268/381/208 
f 239/351/179 240/352/180 270/383/210 269/382/209 
f 240/352/180 241/353/181 271/384/211 270/383/210 
f 241/353/181 242/354/182 272/385/212 271/384/211 
f 242/354/182 243/355/183 273/386/213 272/385/212 
f 243/355/183 215/326/155 245/357/185 273/386/213 
f 245/357/185 244/356/184 274/387/214 275/388/215 
f 244/356/184 246/358/186 276/389/216 274/387/214 
f 246/358/186 247/359/187 277/390/217 276/389/216 
f 247/359/187 248/360/188 278/391/218 277/390/217 
f 248/360/188 249/361/189 279/392/219 278/391/218 
f 249/361/189 250/362/190 280/393/220 279/392/219 
f 250/362/190 251/363/191 281/394/221 280/393/220 
f 251/365/191 252/364/192 282/395/222 281/396/221 
f 252/364/192 253/366/193 283/397/223 282/395/222 
f 253/366/193 254/367/194 284/398/224 283/397/223 
f 254/367/194 255/368/195 285/399/225 284/398/224 
f 255/368/195 256/369/196 286/400/226 285/399/225 
f 256/369/196 257/370/197 287/401/227 286/400/226 
f 257/370/197 258/371/198 288/402/228 287/401/227 
f 258/371/198 259/372/199 289/403/229 288/402/228 
f 259/372/199 260/373/200 290/404/230 289/403/229 
f 260/373/200 261/374/201 291/405/231 290/404/230 
f 261/374/201 262/375/202 292/406/232 291/405/231 
f 262/375/202 263/376/203 293/407/233 292/406/232 
f 263/376/203 264/377/204 294/408/234 293/407/233 
f 264/377/204 265/378/205 295/409/235 294/408/234 
f 265/378/205 266/379/206 296/410/236 295/409/235 
f 266/379/206 267/380/207 297/411/237 296/410/236 
f 267/380/207 268/381/208 298/412/238 297/411/237 
f 268/381/208 269/382/209 299/413/239 298/412/238 
f 269/382/209 270/383/210 300/414/240 299/413/239 
f 270/383/210 271/384/211 301/415/241 300/414/240 
f 271/384/211 272/385/212 302/416/242 301/415/241 
f 272/385/212 273/386/213 303/417/243 302/416/242 
f 273/386/213 245/357/185 275/388/215 303/417/243 
f 275/388/215 274/387/214 304/418/244 305/419/245 
f 274/387/214 276/389/216 306/420/246 304/418/244 
f 276/389/216 277/390/217 307/421/247 306/420/246 
f 277/390/217 278/391/218 308/422/248 307/421/247 
f 278/391/218 279/392/219 309/423/249 308/422/248 
f 279/392/219 280/393/220 310/424/250 309/423/249 
f 280/393/220 281/394/221 311/425/251 310/424/250 
f 281/396/221 282/395/222 312/426/252 311/427/251 
f 282/395/222 283/397/223 313/428/253 312/426/252 
f 283/397/223 284/398/224 314/429/254 313/428/253 
f 284/398/224 285/399/225 315/430/255 314/429/254 
f 285/399/225 286/400/226 316/431/256 315/430/255 
f 286/400/226 287/401/227 317/432/257 316/431/256 
f 287/401/227 288/402/228 318/433/258 317/432/257 
f 288/402/228 289/403/229 319/434/259 318/433/258 
f 289/403/229 290/404/230 320/435/260 319/434/259 
f 290/404/230 291/405/231 321/436/261 320/435/260 
f 291/405/231 292/406/232 322/437/262 321/436/261 
f 292/406/232 293/407/233 323/438/263 322/437/262 
f 293/407/233 294/408/234 324/439/264 323/438/263 
f 294/408/234 295/409/235 325/440/265 324/439/264 
f 295/409/235 296/410/236 326/441/266 325/440/265 
f 296/410/236 297/411/237 327/442/267 326/441/266 
f 297/411/237 298/412/238 328/443/268 327/442/267 
f 298/412/238 299/413/239 329/444/269 328/443/268 
f 299/413/239 300/414/240 330/445/270 329/444/269 
f 300/414/240 301/415/241 331/446/271 330/445/270 
f 301/415/241 302/416/242 332/447/272 331/446/271 
f 302/416/242 303/417/243 333/448/273 332/447/272 
f 303/417/243 275/388/215 305/419/245 333/448/273 
f 305/419/245 304/418/244 334/449/274 335/450/275 
f 304/418/244 306/420/246 336/451/276 334/449/274 
f 306/420/246 307/421/247 337/452/277 336/451/276 
f 307/421/247 308/422/248 338/453/278 337/452/277 
f 308/422/248 309/423/249 339/454/279 338/453/278 
f 309/423/249 310/424/250 340/455/280 339/454/279 
f 310/424/250 311/425/251 341/456/281 340/455/280 
f 311/427/251 312/426/252 342/457/282 341/458/281 
f 312/426/252 313/428/253 343/459/283 342/457/282 
f 313/428/253 314/429/254 344/460/284 343/459/283 
f 314/429/254 315/430/255 345/461/285 344/460/284 
f 315/430/255 316/431/256 346/462/286 345/461/285 
f 316/431/256 317/432/257 347/463/287 346/462/286 
f 317/432/257 318/433/258 348/464/288 347/463/287 
f 318/433/258 319/434/259 349/465/289 348/464/288 
f 319/434/259 320/435/260 350/466/290 349/465/289 
f 320/435/260 321/436/261 351/467/291 350/466/290 
f 321/436/261 322/437/262 352/468/292 351/467/291 
f 322/437/262 323/438/263 353/469/293 352/468/292 
f 323/438/263 324/439/264 354/470/294 353/469/293 
f 324/439/264 325/440/265 355/471/295 354/470/294 
f 325/440/265 326/441/266 356/472/296 355/471/295 
f 326/441/266 327/442/267 357/473/297 356/472/296 
f 327/442/267 328/443/268 358/474/298 357/473/297 
f 328/443/268 329/444/269 359/475/299 358/474/298 
f 329/444/269 330/445/270 360/476/300 359/475/299 
f 330/445/270 331/446/271 361/477/301 360/476/300 
f 331/446/271 332/447/272 362/478/302 361/477/301 
f 332/447/272 333/448/273 363/479/303 362/478/302 
f 333/448/273 305/419/245 335/450/275 363/479/303 
f 335/450/275 334/449/274 364/480/304 365/481/305 
f 334/449/274 336/451/276 366/482/306 364/480/304 
f 336/451/276 337/452/277 367/483/307 366/482/306 
f 337/452/277 338/453/278 368/484/308 367/483/307 
f 338/453/278 339/454/279 369/485/309 368/484/308 
f 339/454/279 340/455/280 370/486/310 369/485/309 
f 340/455/280 341/456/281 371/487/311 370/486/310 
f 341/458/281 342/457/282 372/488/312 371/489/311 
f 342/457/282 343/459/283 373/490/313 372/488/312 
f 343/459/283 344/460/284 374/491/314 373/490/313 
f 344/460/284 345/461/285 375/492/315 374/491/314 
f 345/461/285 346/462/286 376/493/316 375/492/315 
f 346/462/286 347/463/287 377/494/317 376/493/316 
f 347/463/287 348/464/288 378/495/318 377/494/317 
f 348/464/288 349/465/289 379/496/319 378/495/318 
f 349/465/289 350/466/290 380/497/320 379/496/319 
f 350/466/290 351/467/291 381/498/321 380/497/320 
f 351/467/291 352/468/292 382/499/322 381/498/321 
f 352/468/292 353/469/293 383/500/323 382/499/322 
f 353/469/293 354/470/294 384/501/324 383/500/323 
f 354/470/294 355/471/295 385/502/325 384/501/324 
f 355/471/295 356/472/296 386/503/326 385/502/325 
f 356/472/296 357/473/297 387/504/327 386/503/326 
f 357/473/297 358/474/298 388/505/328 387/504/327 
f 358/474/298 359/475/299 389/506/329 388/505/328 
f 359/475/299 360/476/300 390/507/330 389/506/329 
f 360/476/300 361/477/301 391/508/331 390/507/330 
f 361/477/301 362/478/302 392/509/332 391/508/331 
f 362/478/302 363/479/303 393/510/333 392/509/332 
f 363/479/303 335/450/275 365/481/305 393/510/333 
f 365/481/305 364/480/304 394/511/334 395/512/335 
f 364/480/304 366/482/306 396/513/336 394/511/334 
f 366/482/306 367/483/307 397/514/337 396/513/336 
f 367/483/307 368/484/308 398/515/338 397/514/337 
f 368/484/308 369/485/309 399/516/339 398/515/338 
f 369/485/309 370/486/310 400/517/340 399/516/339 
f 370/486/310 371/487/311 401/518/341 400/517/340 
f 371/489/311 372/488/312 402/519/342 401/520/341 
f 372/488/312 373/490/313 403/521/343 402/519/342 
f 373/490/313 374/491/314 404/522/344 403/521/343 
f 374/491/314 375/492/315 405/523/345 404/522/344 
f 375/492/315 376/493/316 406/524/346 405/523/345 
f 376/493/316 377/494/317 407/525/347 406/524/346 
f 377/494/317 378/495/318 408/526/348 407/525/347 
f 378/495/318 379/496/319 409/527/349 408/526/348 
f 379/496/319 380/497/320 410/528/350 409/527/349 
f 380/497/320 381/498/321 411/529/351 410/528/350 
f 381/498/321 382/499/322 412/530/352 411/529/351 
f 382/499/322 383/500/323 413/531/353 412/530/352 
f 383/500/323 384/501/324 414/532/354 413/531/353 
f 384/501/324 385/502/325 415/533/355 414/532/354 
f 385/502/325 386/503/326 416/534/356 415/533/355 
f 386/503/326 387/504/327 417/535/357 416/534/356 
f 387/504/327 388/505/328 418/536/358 417/535/357 
f 388/505/328 389/506/329 419/537/359 418/536/358 
f 389/506/329 390/507/330 420/538/360 419/537/359 
f 390/507/330 391/508/331 421/539/361 420/538/360 
f 391/508/331 392/509/332 422/540/362 421/539/361 
f 392/509/332 393/510/333 423/541/363 422/540/362 
f 393/510/333 365/481/305 395/512/335 423/541/363 
f 395/512/335 394/511/334 424/542/364 425/543/365 
f 394/511/334 396/513/336 426/544/366 424/542/364 
f 396/513/336 397/514/337 427/545/367 426/544/366 
f 397/514/337 398/515/338 428/546/368 427/545/367 
f 398/515/338 399/516/339 429/547/369 428/546/368 
f 399/516/339 400/517/340 430/548/370 429/547/369 
f 400/517/340 401/518/341 431/549/371 430/548/370 
f 401/520/341 402/519/342 432/550/372 431/551/371 
f 402/519/342 403/521/343 433/552/373 432/550/372 
f 403/521/343 404/522/344 434/553/374 433/552/373 
f 404/522/344 405/523/345 435/554/375 434/553/374 
f 405/523/345 406/524/346 436/555/376 435/554/375 
f 406/524/346 407/525/347 437/556/377 436/555/376 
f 407/525/347 408/526/348 438/557/378 437/556/377 
f 408/526/348 409/527/349 439/558/379 438/557/378 
f 409/527/349 410/528/350 440/559/380 439/558/379 
f 410/528/350 411/529/351 441/560/381 440/559/380 
f 411/529/351 412/530/352 442/561/382 441/560/381 
f 412/530/352 413/531/353 443/562/383 442/561/382 
f 413/531/353 414/532/354 444/563/384 443/562/383 
f 414/532/354 415/533/355 445/564/385 444/563/384 
f 415/533/355 416/534/356 446/565/386 445/564/385 
f 416/534/356 417/535/357 447/566/387 446/565/386 
f 417/535/357 418/536/358 448/567/388 447/566/387 
f 418/536/358 419/537/359 449/568/389 448/567/388 
f 419/537/359 420/538/360 450/569/390 449/568/389 
f 420/538/360 421/539/361 451/570/391 450/569/390 
f 421/539/361 422/540/362 452/571/392 451/570/391 
f 422/540/362 423/541/363 453/572/393 452/571/392 
f 423/541/363 395/512/335 425/543/365 453/572/393 
f 425/543/365 424/542/364 454/573/394 455/574/395 
f 424/542/364 426/544/366 456/575/396 454/573/394 
f 426/544/366 427/545/367 457/576/397 456/575/396 
f 427/545/367 428/546/368 458/577/398 457/576/397 
f 428/546/368 429/547/369 459/578/399 458/577/398 
f 429/547/369 430/548/370 460/579/400 459/578/399 
f 430/548/370 431/549/371 461/580/401 460/579/400 
f 431/551/371 432/550/372 462/581/402 461/582/401 
f 432/550/372 433/552/373 463/583/403 462/581/402 
f 433/552/373 434/553/374 464/584/404 463/583/403 
f 434/553/374 435/554/375 465/585/405 464/584/404 
f 435/554/375 436/555/376 466/586/406 465/585/405 
f 436/555/376 437/556/377 467/587/407 466/586/406 
f 437/556/377 438/557/378 468/588/408 467/587/407 
f 438/557/378 439/558/379 469/589/409 468/588/408 
f 439/558/379 440/559/380 470/590/410 469/589/409 
f 440/559/380 441/560/381 471/591/411 470/590/410 
f 441/560/381 442/561/382 472/592/412 471/591/411 
f 442/561/382 443/562/383 473/593/413 472/592/412 
f 443/562/383 444/563/384 474/594/414 473/593/413 
f 444/563/384 445/564/385 475/595/415 474/594/414 
f 445/564/385 446/565/386 476/596/416 475/595/415 
f 446/565/386 447/566/387 477/597/417 476/596/416 
f 447/566/387 448/567/388 478/598/418 477/597/417 
f 448/567/388 449/568/389 479/599/419 478/598/418 
f 449/568/389 450/569/390 480/600/420 479/599/419 
f 450/569/390 451/570/391 481/601/421 480/600/420 
f 451/570/391 452/571/392 482/602/422 481/601/421 
f 452/571/392 453/572/393 483/603/423 482/602/422 
f 453/572/393 425/543/365 455/574/395 483/603/423 
f 455/574/395 454/573/394 484/604/424 485/605/425 
f 454/573/394 456/575/396 486/606/426 484/604/424 
f 456/575/396 457/576/397 487/607/427 486/606/426 
f 457/576/397 458/577/398 488/608/428 487/607/427 
f 458/577/398 459/578/399 489/609/429 488/608/428 
f 459/578/399 460/579/400 490/610/430 489/609/429 
f 460/579/400 461/580/401 491/611/431 490/610/430 
f 461/582/401 462/581/402 492/612/432 491/613/431 
f 462/581/402 463/583/403 493/614/433 492/612/432 
f 463/583/403 464/584/404 494/615/434 493/614/433 
f 464/584/404 465/585/405 495/616/435 494/615/434 
f 465/585/405 466/586/406 496/617/436 495/616/435 
f 466/586/406 467/587/407 497/618/437 496/617/436 
f 467/587/407 468/588/408 498/619/438 497/618/437 
f 468/588/408 469/589/409 499/620/439 498/619/438 
f 469/589/409 470/590/410 500/621/440 499/620/439 
f 470/590/410 471/591/411 501/622/441 500/621/440 
f 471/591/411 472/592/412 502/623/442 501/622/441 
f 472/592/412 473/593/413 503/624/443 502/623/442 
f 473/593/413 474/594/414 504/625/444 503/624/443 
f 474/594/414 475/595/415 505/626/445 504/625/444 
f 475/595/415 476/596/416 506/627/446 505/626/445 
f 476/596/416 477/597/417 507/628/447 506/627/446 
f 477/597/417 478/598/418 508/629/448 507/628/447 
f 478/598/418 479/599/419 509/630/449 508/629/448 
f 479/599/419 480/600/420 510/631/450 509/630/449 
f 480/600/420 481/601/421 511/632/451 510/631/450 
f 481/601/421 482/602/422 512/633/452 511/632/451 
f 482/602/422 483/603/423 513/634/453 512/633/452 
f 483/603/423 455/574/395 485/605/425 513/634/453 
f 485/605/425 484/604/424 514/635/454 515/636/455 
f 484/604/424 486/606/426 516/637/456 514/635/454 
f 486/606/426 487/607/427 517/638/457 516/637/456 
f 487/607/427 488/608/428 518/639/458 517/638/457 
f 488/608/428 489/609/429 519/640/459 518/639/458 
f 489/609/429 490/610/430 520/641/460 519/640/459 
f 490/610/430 491/611/431 521/642/461 520/641/460 
f 491/613/431 492/612/432 522/643/462 521/644/461 
f 492/612/432 493/614/433 523/645/463 522/643/462 
f 493/614/433 494/615/434 524/646/464 523/645/463 
f 494/615/434 495/616/435 525/647/465 524/646/464 
f 495/616/435 496/617/436 526/648/466 525/647/465 
f 496/617/436 497/618/437 527/649/467 526/648/466 
f 497/618/437 498/619/438 528/650/468 527/649/467 
f 498/619/438 499/620/439 529/651/469 528/650/468 
f 499/620/439 500/621/440 530/652/470 529/651/469 
f 500/621/440 501/622/441 531/653/471 530/652/470 
f 501/622/441 502/623/442 532/654/472 531/653/471 
f 502/623/442 503/624/443 533/655/473 532/654/472 
f 503/624/443 504/625/444 534/656/474 533/655/473 
f 504/625/444 505/626/445 535/657/475 534/656/474 
f 505/626/445 506/627/446 536/658/476 535/657/475 
f 506/627/446 507/628/447 537/659/477 536/658/476 
f 507/628/447 508/629/448 538/660/478 537/659/477 
f 508/629/448 509/630/449 539/661/479 538/660/478 
f 509/630/449 510/631/450 540/662/480 539/661/479 
f 510/631/450 511/632/451 541/663/481 540/662/480 
f 511/632/451 512/633/452 542/664/482 541/663/481 
f 512/633/452 513/634/453 543/665/483 542/664/482 
f 513/634/453 485/605/425 515/636/455 543/665/483 
f 515/636/455 514/635/454 544/666/484 545/667/485 
f 514/635/454 516/637/456 546/668/486 544/666/484 
f 516/637/456 517/638/457 547/669/487 546/668/486 
f 517/638/457 518/639/458 548/670/488 547/669/487 
f 518/639/458 519/640/459 549/671/489 548/670/488 
f 519/640/459 520/641/460 550/672/490 549/671/489 
f 520/641/460 521/642/461 551/673/491 550/672/490 
f 521/644/461 522/643/462 552/674/492 551/675/491 
f 522/643/462 523/645/463 553/676/493 552/674/492 
f 523/645/463 524/646/464 554/677/494 553/676/493 
f 524/646/464 525/647/465 555/678/495 554/677/494 
f 525/647/465 526/648/466 556/679/496 555/678/495 
f 526/648/466 527/649/467 557/680/497 556/679/496 
f 527/649/467 528/650/468 558/681/498 557/680/497 
f 528/650/468 529/651/469 559/682/499 558/681/498 
f 529/651/469 530/652/470 560/683/500 559/682/499 
f 530/652/470 531/653/471 561/684/501 560/683/500 
f 531/653/471 532/654/472 562/685/502 561/684/501 
f 532/654/472 533/655/473 563/686/503 562/685/502 
f 533/655/473 534/656/474 564/687/504 563/686/503 
f 534/656/474 535/657/475 565/688/505 564/687/504 
f 535/657/475 536/658/476 566/689/506 565/688/505 
f 536/658/476 537/659/477 567/690/507 566/689/506 
f 537/659/477 538/660/478 568/691/508 567/690/507 
f 538/660/478 539/661/479 569/692/509 568/691/508 
f 539/661/479 540/662/480 570/693/510 569/692/509 
f 540/662/480 541/663/481 571/694/511 570/693/510 
f 541/663/481 542/664/482 572/695/512 571/694/511 
f 542/664/482 543/665/483 573/696/513 572/695/512 
f 543/665/483 515/636/455 545/667/485 573/696/513 
f 545/667/485 544/666/484 574/697/514 575/698/515 
f 544/666/484 546/668/486 576/699/516 574/697/514 
f 546/668/486 547/669/487 577/700/517 576/699/516 
f 547/669/487 548/670/488 578/701/518 577/700/517 
f 548/670/488 549/671/489 579/702/519 578/701/518 
f 549/671/489 550/672/490 580/703/520 579/702/519 
f 550/672/490 551/673/491 581/704/521 580/703/520 
f 551/675/491 552/674/492 582/705/522 581/706/521 
f 552/674/492 553/676/493 583/707/523 582/705/522 
f 553/676/493 554/677/494 584/708/524 583/707/523 
f 554/677/494 555/678/495 585/709/525 584/708/524 
f 555/678/495 556/679/496 586/710/526 585/709/525 
f 556/679/496 557/680/497 587/711/527 586/710/526 
f 557/680/497 558/681/498 588/712/528 587/711/527 
f 558/681/498 559/682/499 589/713/529 588/712/528 
f 559/682/499 560/683/500 590/714/530 589/713/529 
f 560/683/500 561/684/501 591/715/531 590/714/530 
f 561/684/501 562/685/502 592/716/532 591/715/531 
f 562/685/502 563/686/503 593/717/533 592/716/532 
f 563/686/503 564/687/504 594/718/534 593/717/533 
f 564/687/504 565/688/505 595/719/535 594/718/534 
f 565/688/505 566/689/506 596/720/536 595/719/535 
f 566/689/506 567/690/507 597/721/537 596/720/536 
f 567/690/507 568/691/508 598/722/538 597/721/537 
f 568/691/508 569/692/509 599/723/539 598/722/538 
f 569/692/509 570/693/510 600/724/540 599/723/539 
f 570/693/510 571/694/511 601/725/541 600/724/540 
f 571/694/511 572/695/512 602/726/542 601/725/541 
f 572/695/512 573/696/513 603/727/543 602/726/542 
f 573/696/513 545/667/485 575/698/515 603/727/543 
f 575/698/515 574/697/514 604/728/544 605/729/545 
f 574/697/514 576/699/516 606/730/546 604/728/544 
f 576/699/516 577/700/517 607/731/547 606/730/546 
f 577/700/517 578/701/518 608/732/548 607/731/547 
f 578/701/518 579/702/519 609/733/549 608/732/548 
f 579/702/519 580/703/520 610/734/550 609/733/549 
f 580/703/520 581/704/521 611/735/551 610/734/550 
f 581/706/521 582/705/522 612/736/552 611/737/551 
f 582/705/522 583/707/523 613/738/553 612/736/552 
f 583/707/523 584/708/524 614/739/554 613/738/553 
f 584/708/524 585/709/525 615/740/555 614/739/554 
f 585/709/525 586/710/526 616/741/556 615/740/555 
f 586/710/526 587/711/527 617/742/557 616/741/556 
f 587/711/527 588/712/528 618/743/558 617/742/557 
f 588/712/528 589/713/529 619/744/559 618/743/558 
f 589/713/529 590/714/530 620/745/560 619/744/559 
f 590/714/530 591/715/531 621/746/561 620/745/560 
f 591/715/531 592/716/532 622/747/562 621/746/561 
f 592/716/532 593/717/533 623/748/563 622/747/562 
f 593/717/533 594/718/534 624/749/564 623/748/563 
f 594/718/534 595/719/535 625/750/565 624/749/564 
f 595/719/535 596/720/536 626/751/566 625/750/565 
f 596/720/536 597/721/537 627/752/567 626/751/566 
f 597/721/537 598/722/538 628/753/568 627/752/567 
f 598/722/538 599/723/539 629/754/569 628/753/568 
f 599/723/539 600/724/540 630/755/570 629/754/569 
f 600/724/540 601/725/541 631/756/571 630/755/570 
f 601/725/541 602/726/542 632/757/572 631/756/571 
f 602/726/542 603/727/543 633/758/573 632/757/572 
f 603/727/543 575/698/515 605/729/545 633/758/573 
f 605/729/545 604/728/544 634/759/574 635/760/575 
f 604/728/544 606/730/546 636/761/576 634/759/574 
f 606/730/546 607/731/547 637/762/577 636/761/576 
f 607/731/547 608/732/548 638/763/578 637/762/577 
f 608/732/548 609/733/549 639/764/579 638/763/578 
f 609/733/549 610/734/550 640/765/580 639/764/579 
f 610/734/550 611/735/551 641/766/581 640/765/580 
f 611/737/551 612/736/552 642/767/582 641/768/581 
f 612/736/552 613/738/553 643/769/583 642/767/582 
f 613/738/553 614/739/554 644/770/584 643/769/583 
f 614/739/554 615/740/555 645/771/585 644/770/584 
f 615/740/555 616/741/556 646/772/586 645/771/585 
f 616/741/556 617/742/557 647/773/587 646/772/586 
f 617/742/557 618/743/558 648/774/588 647/773/587 
f 618/743/558 619/744/559 649/775/589 648/774/588 
f 619/744/559 620/745/560 650/776/590 649/775/589 
f 620/745/560 621/746/561 651/777/591 650/776/590 
f 621/746/561 622/747/562 652/778/592 651/777/591 
f 622/747/562 623/748/563 653/779/593 652/778/592 
f 623/748/563 624/749/564 654/780/594 653/779/593 
f 624/749/564 625/750/565 655/781/595 654/780/594 
f 625/750/565 626/751/566 656/782/596 655/781/595 
f 626/751/566 627/752/567 657/783/597 656/782/596 
f 627/752/567 628/753/568 658/784/598 657/783/597 
f 628/753/568 629/754/569 659/785/599 658/784/598 
f 629/754/569 630/755/570 660/786/600 659/785/599 
f 630/755/570 631/756/571 661/787/601 660/786/600 
f 631/756/571 632/757/572 662/788/602 661/787/601 
f 632/757/572 633/758/573 663/789/603 662/788/602 
f 633/758/573 605/729/545 635/760/575 663/789/603 
f 635/760/575 634/759/574 664/790/604 665/791/605 
f 634/759/574 636/761/576 666/792/606 664/790/604 
f 636/761/576 637/762/577 667/793/607 666/792/606 
f 637/762/577 638/763/578 668/794/608 667/793/607 
f 638/763/578 639/764/579 669/795/609 668/794/608 
f 639/764/579 640/765/580 670/796/610 669/795/609 
f 640/765/580 641/766/581 671/797/611 670/796/610 
f 641/768/581 642/767/582 672/798/612 671/799/611 
f 642/767/582 643/769/583 673/800/613 672/798/612 
f 643/769/583 644/770/584 674/801/614 673/800/613 
f 644/770/584 645/771/585 675/802/615 674/801/614 
f 645/771/585 646/772/586 676/803/616 675/802/615 
f 646/772/586 647/773/587 677/804/617 676/803/616 
f 647/773/587 648/774/588 678/805/618 677/804/617 
f 648/774/588 649/775/589 679/806/619 678/805/618 
f 649/775/589 650/776/590 680/807/620 679/806/619 
f 650/776/590 651/777/591 681/808/621 680/807/620 
f 651/777/591 652/778/592 682/809/622 681/808/621 
f 652/778/592 653/779/593 683/810/623 682/809/622 
f 653/779/593 654/780/594 684/811/624 683/810/623 
f 654/780/594 655/781/595 685/812/625 684/811/624 
f 655/781/595 656/782/596 686/813/626 685/812/625 
f 656/782/596 657/783/597 687/814/627 686/813/626 
f 657/783/597 658/784/598 688/815/628 687/814/627 
f 658/784/598 659/785/599 689/816/629 688/815/628 
f 659/785/599 660/786/600 690/817/630 689/816/629 
f 660/786/600 661/787/601 691/818/631 690/817/630 
f 661/787/601 662/788/602 692/819/632 691/818/631 
f 662/788/602 663/789/603 693/820/633 692/819/632 
f 663/789/603 635/760/575 665/791/605 693/820/633 
f 665/791/605 664/790/604 694/821/634 695/822/635 
f 664/790/604 666/792/606 696/823/636 694/821/634 
f 666/792/606 667/793/607 697/824/637 696/823/636 
f 667/793/607 668/794/608 698/825/638 697/824/637 
f 668/794/608 669/795/609 699/826/639 698/825/638 
f 669/795/609 670/796/610 700/827/640 699/826/639 
f 670/796/610 671/797/611 701/828/641 700/827/640 
f 671/799/611 672/798/612 702/829/642 701/830/641 
f 672/798/612 673/800/613 703/831/643 702/829/642 
f 673/800/613 674/801/614 704/832/644 703/831/643 
f 674/801/614 675/802/615 705/833/645 704/832/644 
f 675/802/615 676/803/616 706/834/646 705/833/645 
f 676/803/616 677/804/617 707/835/647 706/834/646 
f 677/804/617 678/805/618 708/836/648 707/835/647 
f 678/805/618 679/806/619 709/837/649 708/836/648 
f 679/806/619 680/807/620 710/838/650 709/837/649 
f 680/807/620 681/808/621 711/839/651 710/838/650 
f 681/808/621 682/809/622 712/840/652 711/839/651 
f 682/809/622 683/810/623 713/841/653 712/840/652 
f 683/810/623 684/811/624 714/842/654 713/841/653 
f 684/811/624 685/812/625 715/843/655 714/842/654 
f 685/812/625 686/813/626 716/844/656 715/843/655 
f 686/813/626 687/814/627 717/845/657 716/844/656 
f 687/814/627 688/815/628 718/846/658 717/845/657 
f 688/815/628 689/816/629 719/847/659 718/846/658 
f 689/816/629 690/817/630 720/848/660 719/847/659 
f 690/817/630 691/818/631 721/849/661 720/848/660 
f 691/818/631 692/819/632 722/850/662 721/849/661 
f 692/819/632 693/820/633 723/851/663 722/850/662 
f 693/820/633 665/791/605 695/822/635 723/851/663 
f 695/822/635 694/821/634 724/852/664 724/852/665 
f 694/821/634 696/823/636 724/852/666 724/852/664 
f 696/823/636 697/824/637 724/852/667 724/852/666 
f 697/824/637 698/825/638 724/852/668 724/852/667 
f 698/825/638 699/826/639 724/852/669 724/852/668 
f 699/826/639 700/827/640 724/852/670 724/852/669 
f 700/827/640 701/828/641 724/852/671 724/852/670 
f 701/830/641 702/829/642 724/852/672 724/852/671 
f 702/829/642 703/831/643 724/852/673 724/852/672 
f 703/831/643 704/832/644 724/852/674 724/852/673 
f 704/832/644 705/833/645 724/852/675 724/852/674 
f 705/833/645 706/834/646 724/852/676 724/852/675 
f 706/834/646 707/835/647 724/852/677 724/852/676 
f 707/835/647 708/836/648 724/852/678 724/852/677 
f 708/836/648 709/837/649 724/852/679 724/852/678 
f 709/837/649 710/838/650 724/852/680 724/852/679 
f 710/838/650 711/839/651 724/852/681 724/852/680 
f 711/839/651 712/840/652 724/852/682 724/852/681 
f 712/840/652 713/841/653 724/852/683 724/852/682 
f 713/841/653 714/842/654 724/852/684 724/852/683 
f 714/842/654 715/843/655 724/852/685 724/852/684 
f 715/843/655 716/844/656 724/852/686 724/852/685 
f 716/844/656 717/845/657 724/852/687 724/852/686 
f 717/845/657 718/846/658 724/852/688 724/852/687 
f 718/846/658 719/847/659 724/852/689 724/852/688 
f 719/847/659 720/848/660 724/852/690 724/852/689 
f 720/848/660 721/849/661 724/852/691 724/852/690 
f 721/849/661 722/850/662 724/852/692 724/852/691 
f 722/850/662 723/851/663 724/852/693 724/852/692 
f 723/851/663 695/822/635 724/852/665 724/852/693 
s 1
f 724/853/694 724/853/694 724/853/694 724/853/694 
f 724/853/694 724/853/694 724/853/694 724/853/694 
f 724/853/694 724/853/694 724/853/694 724/853/694 
f 724/853/694 724/853/694 724/853/694 724/853/694 
f 724/853/694 724/853/694 724/853/694 724/853/694 
f 724/853/694 724/853/694 724/853/694 724/853/694 
f 724/853/694 724/853/694 724/853/694 724/853/694 
f 724/853/694 724/853/694 724/853/694 724/853/694 
f 724/853/694 724/853/694 724/853/694 724/853/694 
f 724/853/694 724/853/694 724/853/694 724/853/694 
f 724/853/694 724/853/694 724/853/694 724/853/694 
f 724/853/694 724/853/694 724/853/694 724/853/694 
f 724/853/694 724/853/694 724/853/694 724/853/694 
f 724/853/694 724/853/694 724/853/694 724/853/694 
f 724/853/694 724/853/694 724/853/694 724/853/694 
# 630 polygons

#
# object Cylinder524
#

v  28.6758 0.4011 -3.4172
v  21.3882 0.4011 5.8774
v  20.4565 0.4011 5.0647
v  19.6149 0.4011 4.1591
v  23.4799 0.4011 7.1895
v  22.3996 0.4011 6.5883
v  25.7987 0.4011 8.0380
v  24.6170 0.4011 7.6745
v  28.2432 0.4011 8.3859
v  27.0118 0.4011 8.2760
v  30.7067 0.4011 8.2179
v  29.4793 0.4011 8.3665
v  33.0814 0.4011 7.5415
v  31.9117 0.4011 7.9419
v  35.2635 0.4011 6.3860
v  34.2027 0.4011 7.0209
v  37.1578 0.4011 4.8021
v  36.2522 0.4011 5.6437
v  38.6813 0.4011 2.8590
v  37.9705 0.4011 3.8705
v  39.7676 0.4011 0.6416
v  39.2825 0.4011 1.7788
v  40.3691 0.4011 -1.7532
v  40.1311 0.4011 -0.5400
v  40.4595 0.4011 -4.2207
v  40.4789 0.4011 -2.9845
v  40.0350 0.4011 -6.6531
v  40.3110 0.4011 -5.4480
v  39.1139 0.4011 -8.9440
v  39.6345 0.4011 -7.8227
v  37.7368 0.4011 -10.9935
v  38.4791 0.4011 -10.0048
v  35.9636 0.4011 -12.7118
v  36.8952 0.4011 -11.8991
v  33.8718 0.4011 -14.0239
v  34.9521 0.4011 -13.4226
v  31.5530 0.4011 -14.8724
v  32.7347 0.4011 -14.5089
v  29.1085 0.4011 -15.2203
v  30.3399 0.4011 -15.1104
v  26.6450 0.4011 -15.0523
v  27.8724 0.4011 -15.2008
v  24.2704 0.4011 -14.3758
v  25.4400 0.4011 -14.7763
v  22.0882 0.4011 -13.2204
v  23.1490 0.4011 -13.8553
v  20.1939 0.4011 -11.6365
v  21.0996 0.4011 -12.4781
v  18.6704 0.4011 -9.6934
v  19.3813 0.4011 -10.7049
v  17.5841 0.4011 -7.4760
v  18.0692 0.4011 -8.6132
v  16.9826 0.4011 -5.0812
v  17.2206 0.4011 -6.2944
v  16.8922 0.4011 -2.6137
v  16.8727 0.4011 -3.8499
v  17.3167 0.4011 -0.1813
v  17.0407 0.4011 -1.3864
v  18.2377 0.4011 2.1097
v  17.7172 0.4011 0.9883
v  18.8726 0.4011 3.1705
v  20.4565 1.1885 5.0647
v  19.6149 1.1885 4.1591
v  21.3882 1.1885 5.8774
v  22.3996 1.1885 6.5883
v  23.4799 1.1885 7.1895
v  24.6170 1.1885 7.6745
v  25.7987 1.1885 8.0380
v  27.0118 1.1885 8.2760
v  28.2432 1.1885 8.3859
v  29.4793 1.1885 8.3665
v  30.7067 1.1885 8.2179
v  31.9117 1.1885 7.9419
v  33.0814 1.1885 7.5415
v  34.2027 1.1885 7.0209
v  35.2635 1.1885 6.3860
v  36.2522 1.1885 5.6437
v  37.1578 1.1885 4.8021
v  37.9705 1.1885 3.8705
v  38.6813 1.1885 2.8590
v  39.2825 1.1885 1.7788
v  39.7676 1.1885 0.6416
v  40.1311 1.1885 -0.5400
v  40.3691 1.1885 -1.7532
v  40.4789 1.1885 -2.9845
v  40.4595 1.1885 -4.2207
v  40.3110 1.1885 -5.4480
v  40.0350 1.1885 -6.6531
v  39.6345 1.1885 -7.8227
v  39.1139 1.1885 -8.9440
v  38.4791 1.1885 -10.0048
v  37.7368 1.1885 -10.9935
v  36.8952 1.1885 -11.8991
v  35.9636 1.1885 -12.7118
v  34.9521 1.1885 -13.4226
v  33.8718 1.1885 -14.0239
v  32.7347 1.1885 -14.5089
v  31.5530 1.1885 -14.8724
v  30.3399 1.1885 -15.1104
v  29.1085 1.1885 -15.2203
v  27.8724 1.1885 -15.2008
v  26.6450 1.1885 -15.0523
v  25.4400 1.1885 -14.7763
v  24.2704 1.1885 -14.3758
v  23.1490 1.1885 -13.8553
v  22.0882 1.1885 -13.2204
v  21.0996 1.1885 -12.4781
v  20.1939 1.1885 -11.6365
v  19.3813 1.1885 -10.7049
v  18.6704 1.1885 -9.6934
v  18.0692 1.1885 -8.6132
v  17.5841 1.1885 -7.4760
v  17.2206 1.1885 -6.2944
v  16.9826 1.1885 -5.0812
v  16.8727 1.1885 -3.8499
v  16.8922 1.1885 -2.6137
v  17.0407 1.1885 -1.3864
v  17.3167 1.1885 -0.1813
v  17.7172 1.1885 0.9883
v  18.2377 1.1885 2.1097
v  18.8726 1.1885 3.1705
v  28.6758 1.1885 -3.4172
# 122 vertices

vn 0.0000 -1.0000 -0.0000
vn -0.7672 0.0000 0.6415
vn -0.6959 0.0000 0.7181
vn -0.6170 0.0000 0.7869
vn -0.5314 0.0000 0.8471
vn -0.4399 0.0000 0.8980
vn -0.3436 0.0000 0.9391
vn -0.2436 0.0000 0.9699
vn -0.1409 0.0000 0.9900
vn -0.0366 0.0000 0.9993
vn 0.0680 0.0000 0.9977
vn 0.1719 0.0000 0.9851
vn 0.2740 0.0000 0.9617
vn 0.3730 0.0000 0.9278
vn 0.4679 0.0000 0.8838
vn 0.5578 0.0000 0.8300
vn 0.6415 0.0000 0.7672
vn 0.7181 0.0000 0.6959
vn 0.7869 0.0000 0.6170
vn 0.8471 0.0000 0.5314
vn 0.8980 0.0000 0.4399
vn 0.9391 0.0000 0.3436
vn 0.9699 0.0000 0.2436
vn 0.9900 0.0000 0.1409
vn 0.9993 0.0000 0.0366
vn 0.9977 0.0000 -0.0680
vn 0.9851 0.0000 -0.1719
vn 0.9617 0.0000 -0.2740
vn 0.9278 0.0000 -0.3730
vn 0.8838 0.0000 -0.4679
vn 0.8300 0.0000 -0.5578
vn 0.7672 0.0000 -0.6415
vn 0.6959 0.0000 -0.7181
vn 0.6170 0.0000 -0.7869
vn 0.5314 0.0000 -0.8471
vn 0.4399 0.0000 -0.8980
vn 0.3436 0.0000 -0.9391
vn 0.2436 0.0000 -0.9699
vn 0.1409 0.0000 -0.9900
vn 0.0366 0.0000 -0.9993
vn -0.0680 0.0000 -0.9977
vn -0.1719 0.0000 -0.9851
vn -0.2740 0.0000 -0.9617
vn -0.3730 0.0000 -0.9278
vn -0.4679 0.0000 -0.8838
vn -0.5578 0.0000 -0.8300
vn -0.6415 0.0000 -0.7672
vn -0.7181 0.0000 -0.6959
vn -0.7869 0.0000 -0.6170
vn -0.8471 0.0000 -0.5314
vn -0.8980 0.0000 -0.4399
vn -0.9391 0.0000 -0.3436
vn -0.9699 0.0000 -0.2436
vn -0.9900 0.0000 -0.1409
vn -0.9993 0.0000 -0.0366
vn -0.9977 0.0000 0.0680
vn -0.9851 0.0000 0.1719
vn -0.9617 0.0000 0.2740
vn -0.9278 0.0000 0.3730
vn -0.8838 0.0000 0.4679
vn -0.8300 0.0000 0.5578
vn 0.0000 1.0000 -0.0000
# 62 vertex normals

vt 11.8110 11.8110 0.0000
vt 23.3639 9.3554 0.0000
vt 23.5573 10.5764 0.0000
vt 23.6220 11.8110 0.0000
vt 22.6009 7.0070 0.0000
vt 23.0440 8.1612 0.0000
vt 21.3663 4.8687 0.0000
vt 22.0397 5.9055 0.0000
vt 19.7141 3.0337 0.0000
vt 20.5883 3.9079 0.0000
vt 17.7165 1.5824 0.0000
vt 18.7534 2.2557 0.0000
vt 15.4608 0.5781 0.0000
vt 16.6150 1.0211 0.0000
vt 13.0456 0.0647 0.0000
vt 14.2667 0.2581 0.0000
vt 10.5764 0.0647 0.0000
vt 11.8110 0.0000 0.0000
vt 8.1612 0.5781 0.0000
vt 9.3554 0.2581 0.0000
vt 5.9055 1.5824 0.0000
vt 7.0070 1.0211 0.0000
vt 3.9079 3.0337 0.0000
vt 4.8687 2.2557 0.0000
vt 2.2557 4.8687 0.0000
vt 3.0337 3.9079 0.0000
vt 1.0211 7.0070 0.0000
vt 1.5824 5.9055 0.0000
vt 0.2581 9.3554 0.0000
vt 0.5781 8.1612 0.0000
vt 0.0000 11.8110 0.0000
vt 0.0647 10.5764 0.0000
vt 0.2581 14.2667 0.0000
vt 0.0647 13.0456 0.0000
vt 1.0211 16.6150 0.0000
vt 0.5781 15.4608 0.0000
vt 2.2557 18.7534 0.0000
vt 1.5824 17.7165 0.0000
vt 3.9079 20.5883 0.0000
vt 3.0337 19.7141 0.0000
vt 5.9055 22.0397 0.0000
vt 4.8687 21.3663 0.0000
vt 8.1612 23.0440 0.0000
vt 7.0070 22.6009 0.0000
vt 10.5764 23.5573 0.0000
vt 9.3553 23.3639 0.0000
vt 13.0456 23.5574 0.0000
vt 11.8110 23.6220 0.0000
vt 15.4608 23.0440 0.0000
vt 14.2666 23.3640 0.0000
vt 17.7165 22.0397 0.0000
vt 16.6150 22.6009 0.0000
vt 19.7141 20.5884 0.0000
vt 18.7533 21.3664 0.0000
vt 21.3663 18.7534 0.0000
vt 20.5883 19.7142 0.0000
vt 22.6009 16.6150 0.0000
vt 22.0396 17.7166 0.0000
vt 23.3639 14.2667 0.0000
vt 23.0440 15.4609 0.0000
vt 23.5573 13.0457 0.0000
vt 55.6581 0.0000 1.0000
vt 56.8950 0.0000 1.0000
vt 56.8950 0.7874 1.0000
vt 55.6581 0.7874 1.0000
vt 58.1318 0.0000 1.0000
vt 58.1318 0.7874 1.0000
vt 59.3687 0.0000 1.0000
vt 59.3687 0.7874 1.0000
vt 60.6055 0.0000 1.0000
vt 60.6055 0.7874 1.0000
vt 61.8424 0.0000 1.0000
vt 61.8424 0.7874 1.0000
vt 63.0792 0.0000 1.0000
vt 63.0792 0.7874 1.0000
vt 64.3161 0.0000 1.0000
vt 64.3161 0.7874 1.0000
vt 65.5529 0.0000 1.0000
vt 65.5529 0.7874 1.0000
vt 66.7898 0.0000 1.0000
vt 66.7898 0.7874 1.0000
vt 68.0266 0.0000 1.0000
vt 68.0266 0.7874 1.0000
vt 69.2635 0.0000 1.0000
vt 69.2635 0.7874 1.0000
vt 70.5003 0.0000 1.0000
vt 70.5003 0.7874 1.0000
vt 71.7372 0.0000 1.0000
vt 71.7372 0.7874 1.0000
vt 72.9740 0.0000 1.0000
vt 72.9740 0.7874 1.0000
vt -1.2368 0.0000 1.0000
vt 0.0000 0.0000 1.0000
vt 0.0000 0.7874 1.0000
vt -1.2368 0.7874 1.0000
vt 1.2368 0.0000 1.0000
vt 1.2368 0.7874 1.0000
vt 2.4737 0.0000 1.0000
vt 2.4737 0.7874 1.0000
vt 3.7105 0.0000 1.0000
vt 3.7105 0.7874 1.0000
vt 4.9474 0.0000 1.0000
vt 4.9474 0.7874 1.0000
vt 6.1842 0.0000 1.0000
vt 6.1842 0.7874 1.0000
vt 7.4211 0.0000 1.0000
vt 7.4211 0.7874 1.0000
vt 8.6579 0.0000 1.0000
vt 8.6579 0.7874 1.0000
vt 9.8948 0.0000 1.0000
vt 9.8948 0.7874 1.0000
vt 11.1316 0.0000 1.0000
vt 11.1316 0.7874 1.0000
vt 12.3685 0.0000 1.0000
vt 12.3685 0.7874 1.0000
vt 13.6053 0.0000 1.0000
vt 13.6053 0.7874 1.0000
vt 14.8422 0.0000 1.0000
vt 14.8422 0.7874 1.0000
vt 16.0790 0.0000 1.0000
vt 16.0790 0.7874 1.0000
vt 17.3159 0.0000 1.0000
vt 17.3159 0.7874 1.0000
vt 18.5527 0.0000 1.0000
vt 18.5527 0.7874 1.0000
vt 19.7895 0.0000 1.0000
vt 19.7895 0.7874 1.0000
vt 21.0264 0.0000 1.0000
vt 21.0264 0.7874 1.0000
vt 22.2632 0.0000 1.0000
vt 22.2632 0.7874 1.0000
vt 23.5001 0.0000 1.0000
vt 23.5001 0.7874 1.0000
vt 24.7369 0.0000 1.0000
vt 24.7369 0.7874 1.0000
vt 25.9738 0.0000 1.0000
vt 25.9738 0.7874 1.0000
vt 27.2106 0.0000 1.0000
vt 27.2106 0.7874 1.0000
vt 28.4475 0.0000 1.0000
vt 28.4475 0.7874 1.0000
vt 29.6843 0.0000 1.0000
vt 29.6843 0.7874 1.0000
vt 30.9212 0.0000 1.0000
vt 30.9212 0.7874 1.0000
vt 32.1580 0.0000 1.0000
vt 32.1580 0.7874 1.0000
vt 33.3949 0.0000 1.0000
vt 33.3949 0.7874 1.0000
vt 34.6317 0.0000 1.0000
vt 34.6317 0.7874 1.0000
vt 35.8685 0.0000 1.0000
vt 35.8685 0.7874 1.0000
vt 37.1054 0.0000 1.0000
vt 37.1054 0.7874 1.0000
vt 38.3422 0.0000 1.0000
vt 38.3422 0.7874 1.0000
vt 39.5791 0.0000 1.0000
vt 39.5791 0.7874 1.0000
vt 40.8159 0.0000 1.0000
vt 40.8159 0.7874 1.0000
vt 42.0528 0.0000 1.0000
vt 42.0528 0.7874 1.0000
vt 43.2896 0.0000 1.0000
vt 43.2896 0.7874 1.0000
vt 44.5265 0.0000 1.0000
vt 44.5265 0.7874 1.0000
vt 45.7633 0.0000 1.0000
vt 45.7633 0.7874 1.0000
vt 47.0002 0.0000 1.0000
vt 47.0002 0.7874 1.0000
vt 48.2370 0.0000 1.0000
vt 48.2370 0.7874 1.0000
vt 49.4739 0.0000 1.0000
vt 49.4739 0.7874 1.0000
vt 50.7107 0.0000 1.0000
vt 50.7107 0.7874 1.0000
vt 51.9475 0.0000 1.0000
vt 51.9475 0.7874 1.0000
vt 53.1844 0.0000 1.0000
vt 53.1844 0.7874 1.0000
vt 54.4212 0.0000 1.0000
vt 54.4212 0.7874 1.0000
vt 23.5573 13.0456 0.0000
vt 23.0440 15.4608 0.0000
vt 22.0397 17.7165 0.0000
vt 20.5883 19.7141 0.0000
vt 19.7141 20.5883 0.0000
vt 18.7534 21.3663 0.0000
vt 14.2667 23.3639 0.0000
vt 13.0456 23.5573 0.0000
vt 9.3554 23.3639 0.0000
vt 0.0647 10.5765 0.0000
vt 1.0211 7.0071 0.0000
vt 9.3553 0.2581 0.0000
vt 14.2666 0.2581 0.0000
vt 18.7533 2.2557 0.0000
vt 21.3663 4.8686 0.0000
vt 22.0396 5.9055 0.0000
vt 23.3639 9.3553 0.0000
# 200 texture coords

g Cylinder524
usemtl wire_000000000
s 1
f 725/854/695 726/855/695 727/856/695 728/857/695 
f 725/854/695 729/858/695 730/859/695 726/855/695 
f 725/854/695 731/860/695 732/861/695 729/858/695 
f 725/854/695 733/862/695 734/863/695 731/860/695 
f 725/854/695 735/864/695 736/865/695 733/862/695 
f 725/854/695 737/866/695 738/867/695 735/864/695 
f 725/854/695 739/868/695 740/869/695 737/866/695 
f 725/854/695 741/870/695 742/871/695 739/868/695 
f 725/854/695 743/872/695 744/873/695 741/870/695 
f 725/854/695 745/874/695 746/875/695 743/872/695 
f 725/854/695 747/876/695 748/877/695 745/874/695 
f 725/854/695 749/878/695 750/879/695 747/876/695 
f 725/854/695 751/880/695 752/881/695 749/878/695 
f 725/854/695 753/882/695 754/883/695 751/880/695 
f 725/854/695 755/884/695 756/885/695 753/882/695 
f 725/854/695 757/886/695 758/887/695 755/884/695 
f 725/854/695 759/888/695 760/889/695 757/886/695 
f 725/854/695 761/890/695 762/891/695 759/888/695 
f 725/854/695 763/892/695 764/893/695 761/890/695 
f 725/854/695 765/894/695 766/895/695 763/892/695 
f 725/854/695 767/896/695 768/897/695 765/894/695 
f 725/854/695 769/898/695 770/899/695 767/896/695 
f 725/854/695 771/900/695 772/901/695 769/898/695 
f 725/854/695 773/902/695 774/903/695 771/900/695 
f 725/854/695 775/904/695 776/905/695 773/902/695 
f 725/854/695 777/906/695 778/907/695 775/904/695 
f 725/854/695 779/908/695 780/909/695 777/906/695 
f 725/854/695 781/910/695 782/911/695 779/908/695 
f 725/854/695 783/912/695 784/913/695 781/910/695 
f 725/854/695 728/857/695 785/914/695 783/912/695 
s 8
f 728/915/696 727/916/697 786/917/697 787/918/696 
f 727/916/697 726/919/698 788/920/698 786/917/697 
f 726/919/698 730/921/699 789/922/699 788/920/698 
f 730/921/699 729/923/700 790/924/700 789/922/699 
f 729/923/700 732/925/701 791/926/701 790/924/700 
f 732/925/701 731/927/702 792/928/702 791/926/701 
f 731/927/702 734/929/703 793/930/703 792/928/702 
f 734/929/703 733/931/704 794/932/704 793/930/703 
f 733/931/704 736/933/705 795/934/705 794/932/704 
f 736/933/705 735/935/706 796/936/706 795/934/705 
f 735/935/706 738/937/707 797/938/707 796/936/706 
f 738/937/707 737/939/708 798/940/708 797/938/707 
f 737/939/708 740/941/709 799/942/709 798/940/708 
f 740/941/709 739/943/710 800/944/710 799/942/709 
f 739/945/710 742/946/711 801/947/711 800/948/710 
f 742/946/711 741/949/712 802/950/712 801/947/711 
f 741/949/712 744/951/713 803/952/713 802/950/712 
f 744/951/713 743/953/714 804/954/714 803/952/713 
f 743/953/714 746/955/715 805/956/715 804/954/714 
f 746/955/715 745/957/716 806/958/716 805/956/715 
f 745/957/716 748/959/717 807/960/717 806/958/716 
f 748/959/717 747/961/718 808/962/718 807/960/717 
f 747/961/718 750/963/719 809/964/719 808/962/718 
f 750/963/719 749/965/720 810/966/720 809/964/719 
f 749/965/720 752/967/721 811/968/721 810/966/720 
f 752/967/721 751/969/722 812/970/722 811/968/721 
f 751/969/722 754/971/723 813/972/723 812/970/722 
f 754/971/723 753/973/724 814/974/724 813/972/723 
f 753/973/724 756/975/725 815/976/725 814/974/724 
f 756/975/725 755/977/726 816/978/726 815/976/725 
f 755/977/726 758/979/727 817/980/727 816/978/726 
f 758/979/727 757/981/728 818/982/728 817/980/727 
f 757/981/728 760/983/729 819/984/729 818/982/728 
f 760/983/729 759/985/730 820/986/730 819/984/729 
f 759/985/730 762/987/731 821/988/731 820/986/730 
f 762/987/731 761/989/732 822/990/732 821/988/731 
f 761/989/732 764/991/733 823/992/733 822/990/732 
f 764/991/733 763/993/734 824/994/734 823/992/733 
f 763/993/734 766/995/735 825/996/735 824/994/734 
f 766/995/735 765/997/736 826/998/736 825/996/735 
f 765/997/736 768/999/737 827/1000/737 826/998/736 
f 768/999/737 767/1001/738 828/1002/738 827/1000/737 
f 767/1001/738 770/1003/739 829/1004/739 828/1002/738 
f 770/1003/739 769/1005/740 830/1006/740 829/1004/739 
f 769/1005/740 772/1007/741 831/1008/741 830/1006/740 
f 772/1007/741 771/1009/742 832/1010/742 831/1008/741 
f 771/1009/742 774/1011/743 833/1012/743 832/1010/742 
f 774/1011/743 773/1013/744 834/1014/744 833/1012/743 
f 773/1013/744 776/1015/745 835/1016/745 834/1014/744 
f 776/1015/745 775/1017/746 836/1018/746 835/1016/745 
f 775/1017/746 778/1019/747 837/1020/747 836/1018/746 
f 778/1019/747 777/1021/748 838/1022/748 837/1020/747 
f 777/1021/748 780/1023/749 839/1024/749 838/1022/748 
f 780/1023/749 779/1025/750 840/1026/750 839/1024/749 
f 779/1025/750 782/1027/751 841/1028/751 840/1026/750 
f 782/1027/751 781/1029/752 842/1030/752 841/1028/751 
f 781/1029/752 784/1031/753 843/1032/753 842/1030/752 
f 784/1031/753 783/1033/754 844/1034/754 843/1032/753 
f 783/1033/754 785/1035/755 845/1036/755 844/1034/754 
f 785/1035/755 728/915/696 787/918/696 845/1036/755 
s 1
f 846/854/756 845/856/756 787/857/756 786/1037/756 
f 846/854/756 786/1037/756 788/912/756 789/1038/756 
f 846/854/756 789/1038/756 790/910/756 791/1039/756 
f 846/854/756 791/1039/756 792/908/756 793/1040/756 
f 846/854/756 793/1040/756 794/1041/756 795/1042/756 
f 846/854/756 795/1042/756 796/904/756 797/905/756 
f 846/854/756 797/905/756 798/902/756 799/1043/756 
f 846/854/756 799/1043/756 800/1044/756 801/901/756 
f 846/854/756 801/901/756 802/898/756 803/1045/756 
f 846/854/756 803/1045/756 804/896/756 805/897/756 
f 846/854/756 805/897/756 806/894/756 807/895/756 
f 846/854/756 807/895/756 808/892/756 809/893/756 
f 846/854/756 809/893/756 810/890/756 811/891/756 
f 846/854/756 811/891/756 812/888/756 813/889/756 
f 846/854/756 813/889/756 814/886/756 815/887/756 
f 846/854/756 815/887/756 816/884/756 817/1046/756 
f 846/854/756 817/1046/756 818/882/756 819/883/756 
f 846/854/756 819/883/756 820/1047/756 821/881/756 
f 846/854/756 821/881/756 822/878/756 823/879/756 
f 846/854/756 823/879/756 824/876/756 825/877/756 
f 846/854/756 825/877/756 826/874/756 827/875/756 
f 846/854/756 827/875/756 828/872/756 829/1048/756 
f 846/854/756 829/1048/756 830/870/756 831/871/756 
f 846/854/756 831/871/756 832/868/756 833/1049/756 
f 846/854/756 833/1049/756 834/866/756 835/867/756 
f 846/854/756 835/867/756 836/864/756 837/1050/756 
f 846/854/756 837/1050/756 838/862/756 839/863/756 
f 846/854/756 839/863/756 840/1051/756 841/1052/756 
f 846/854/756 841/1052/756 842/858/756 843/859/756 
f 846/854/756 843/859/756 844/1053/756 845/856/756 
# 120 polygons

#
# object Cone075
#

v  28.9131 1.0903 -3.0781
v  23.7172 1.0903 7.5286
v  21.6254 1.0903 6.2165
v  19.8522 1.0903 4.4982
v  28.4805 1.0903 8.7250
v  26.0359 1.0903 8.3771
v  33.3187 1.0903 7.8805
v  30.9440 1.0903 8.5570
v  37.3951 1.0903 5.1412
v  35.5008 1.0903 6.7251
v  40.0049 1.0903 0.9807
v  38.9186 1.0903 3.1981
v  40.6968 1.0903 -3.8816
v  40.6063 1.0903 -1.4141
v  39.3512 1.0903 -8.6050
v  40.2722 1.0903 -6.3140
v  36.2008 1.0903 -12.3727
v  37.9740 1.0903 -10.6544
v  31.7903 1.0903 -14.5333
v  34.1091 1.0903 -13.6848
v  26.8823 1.0903 -14.7132
v  29.3458 1.0903 -14.8812
v  22.3255 1.0903 -12.8813
v  24.5076 1.0903 -14.0367
v  18.9077 1.0903 -9.3543
v  20.4312 1.0903 -11.2974
v  17.2199 1.0903 -4.7422
v  17.8214 1.0903 -7.1369
v  17.5540 1.0903 0.1578
v  17.1295 1.0903 -2.2746
v  18.4750 1.0903 2.4487
v  22.0641 5.7467 5.6896
v  20.3797 5.7461 4.0572
v  24.0510 5.7484 6.9363
v  26.2535 5.7512 7.7427
v  28.5754 5.7549 8.0736
v  30.9151 5.7594 7.9145
v  33.1704 5.7645 7.2724
v  35.2427 5.7699 6.1753
v  37.0415 5.7754 4.6712
v  38.4882 5.7809 2.8259
v  39.5195 5.7859 0.7199
v  40.0903 5.7904 -1.5546
v  40.1757 5.7941 -3.8984
v  39.7720 5.7969 -6.2089
v  38.8969 5.7986 -8.3851
v  37.5884 5.7992 -10.3320
v  35.9040 5.7986 -11.9645
v  33.9171 5.7969 -13.2111
v  31.7146 5.7941 -14.0175
v  29.3927 5.7904 -14.3484
v  27.0530 5.7859 -14.1893
v  24.7977 5.7809 -13.5472
v  22.7254 5.7754 -12.4502
v  20.9266 5.7699 -10.9461
v  19.4799 5.7645 -9.1007
v  18.4487 5.7594 -6.9947
v  17.8778 5.7549 -4.7202
v  17.7924 5.7512 -2.3765
v  18.1961 5.7484 -0.0660
v  19.0712 5.7467 2.1103
v  22.4853 10.2833 5.1774
v  20.8897 10.2812 3.6307
v  24.3670 10.2897 6.3590
v  26.4526 10.3000 7.1238
v  28.6508 10.3138 7.4384
v  30.8657 10.3305 7.2891
v  33.0004 10.3493 6.6824
v  34.9616 10.3695 5.6448
v  36.6636 10.3901 4.2216
v  38.0321 10.4102 2.4751
v  39.0072 10.4291 0.4816
v  39.5463 10.4457 -1.6719
v  39.6259 10.4595 -3.8911
v  39.2424 10.4698 -6.0791
v  38.4126 10.4762 -8.1403
v  37.1728 10.4784 -9.9845
v  35.5772 10.4762 -11.5312
v  33.6956 10.4698 -12.7128
v  31.6100 10.4595 -13.4776
v  29.4118 10.4457 -13.7923
v  27.1969 10.4291 -13.6430
v  25.0622 10.4102 -13.0363
v  23.1010 10.3901 -11.9986
v  21.3990 10.3695 -10.5755
v  20.0305 10.3493 -8.8289
v  19.0554 10.3305 -6.8354
v  18.5163 10.3138 -4.6820
v  18.4367 10.3000 -2.4628
v  18.8202 10.2897 -0.2748
v  19.6500 10.2833 1.7864
v  22.8754 14.7241 4.6912
v  21.3688 14.7196 3.2301
v  24.6515 14.7374 5.8080
v  26.6195 14.7588 6.5317
v  28.6934 14.7876 6.8308
v  30.7825 14.8223 6.6920
v  32.7956 14.8615 6.1215
v  34.6446 14.9034 5.1443
v  36.2487 14.9463 3.8030
v  37.5379 14.9883 2.1562
v  38.4558 15.0275 0.2760
v  38.9623 15.0622 -1.7556
v  39.0352 15.0909 -3.8497
v  38.6713 15.1124 -5.9147
v  37.8866 15.1257 -7.8605
v  36.7154 15.1301 -9.6020
v  35.2088 15.1256 -11.0631
v  33.4327 15.1124 -12.1799
v  31.4647 15.0909 -12.9036
v  29.3908 15.0622 -13.2026
v  27.3017 15.0275 -13.0639
v  25.2886 14.9883 -12.4934
v  23.4396 14.9463 -11.5162
v  21.8354 14.9034 -10.1749
v  20.5462 14.8615 -8.5281
v  19.6284 14.8223 -6.6478
v  19.1219 14.7876 -4.6163
v  19.0490 14.7588 -2.5222
v  19.4128 14.7374 -0.4572
v  20.1975 14.7241 1.4886
v  23.2205 19.0924 4.2426
v  21.8030 19.0850 2.8670
v  24.8908 19.1141 5.2948
v  26.7408 19.1492 5.9778
v  28.6897 19.1963 6.2618
v  30.6524 19.2532 6.1342
v  32.5429 19.3174 5.6007
v  34.2788 19.3862 4.6846
v  35.7842 19.4565 3.4259
v  36.9932 19.5252 1.8796
v  37.8530 19.5895 0.1134
v  38.3260 19.6463 -1.7957
v  38.3917 19.6934 -3.7641
v  38.0470 19.7285 -5.7058
v  37.3071 19.7502 -7.5360
v  36.2043 19.7576 -9.1746
v  34.7868 19.7502 -10.5502
v  33.1165 19.7285 -11.6024
v  31.2665 19.6934 -12.2855
v  29.3176 19.6463 -12.5694
v  27.3550 19.5895 -12.4418
v  25.4644 19.5252 -11.9083
v  23.7285 19.4565 -10.9922
v  22.2231 19.3862 -9.7335
v  21.0141 19.3174 -8.1872
v  20.1543 19.2532 -6.4210
v  19.6813 19.1963 -4.5119
v  19.6156 19.1493 -2.5435
v  19.9603 19.1141 -0.6018
v  20.7002 19.0924 1.2284
v  23.5070 23.4107 3.8430
v  22.1787 23.4002 2.5529
v  25.0712 23.4418 4.8309
v  26.8029 23.4922 5.4735
v  28.6263 23.5597 5.7427
v  30.4619 23.6412 5.6268
v  32.2293 23.7333 5.1308
v  33.8514 23.8319 4.2764
v  35.2572 23.9327 3.1009
v  36.3854 24.0313 1.6557
v  37.1865 24.1234 0.0040
v  37.6256 24.2049 -1.7820
v  37.6834 24.2724 -3.6244
v  37.3576 24.3228 -5.4424
v  36.6623 24.3539 -7.1568
v  35.6278 24.3645 -8.6926
v  34.2994 24.3540 -9.9826
v  32.7353 24.3228 -10.9705
v  31.0036 24.2724 -11.6132
v  29.1801 24.2050 -11.8824
v  27.3446 24.1234 -11.7664
v  25.5771 24.0313 -11.2704
v  23.9550 23.9327 -10.4160
v  22.5492 23.8319 -9.2405
v  21.4211 23.7333 -7.7954
v  20.6200 23.6412 -6.1437
v  20.1809 23.5597 -4.3576
v  20.1230 23.4922 -2.5153
v  20.4488 23.4418 -0.6972
v  21.1442 23.4107 1.0172
v  23.7210 27.7011 3.5040
v  22.4819 27.6872 2.2994
v  25.1790 27.7420 4.4277
v  26.7920 27.8083 5.0301
v  28.4897 27.8970 5.2848
v  30.1978 28.0042 5.1809
v  31.8417 28.1253 4.7228
v  33.3495 28.2549 3.9305
v  34.6553 28.3875 2.8386
v  35.7020 28.5171 1.4949
v  36.4440 28.6382 -0.0418
v  36.8487 28.7454 -1.7046
v  36.8986 28.8341 -3.4205
v  36.5913 28.9004 -5.1148
v  35.9403 28.9413 -6.7133
v  34.9742 28.9552 -8.1461
v  33.7351 28.9413 -9.3507
v  32.2771 28.9004 -10.2744
v  30.6640 28.8341 -10.8767
v  28.9663 28.7454 -11.1315
v  27.2582 28.6382 -11.0276
v  25.6144 28.5171 -10.5695
v  24.1066 28.3875 -9.7772
v  22.8008 28.2549 -8.6853
v  21.7540 28.1253 -7.3416
v  21.0121 28.0042 -5.8049
v  20.6073 27.8970 -4.1421
v  20.5575 27.8083 -2.4262
v  20.8648 27.7420 -0.7319
v  21.5157 27.7011 0.8666
v  23.8487 31.9848 3.2372
v  22.6988 31.9677 2.1180
v  25.2003 32.0354 4.0967
v  26.6947 32.1173 4.6590
v  28.2664 32.2269 4.8995
v  29.8469 32.3594 4.8077
v  31.3669 32.5091 4.3876
v  32.7602 32.6693 3.6577
v  33.9657 32.8331 2.6496
v  34.9308 32.9934 1.4077
v  35.6134 33.1430 -0.0140
v  35.9836 33.2755 -1.5532
v  36.0251 33.3851 -3.1427
v  35.7363 33.4670 -4.7130
v  35.1297 33.5176 -6.1955
v  34.2318 33.5348 -7.5254
v  33.0819 33.5176 -8.6445
v  31.7303 33.4670 -9.5040
v  30.2359 33.3851 -10.0663
v  28.6642 33.2755 -10.3068
v  27.0837 33.1430 -10.2150
v  25.5637 32.9934 -9.7950
v  24.1705 32.8331 -9.0650
v  22.9649 32.6693 -8.0570
v  21.9998 32.5091 -6.8150
v  21.3172 32.3594 -5.3934
v  20.9471 32.2269 -3.8541
v  20.9055 32.1173 -2.2646
v  21.1943 32.0354 -0.6943
v  21.8009 31.9848 0.7881
v  23.8761 36.2825 3.0542
v  22.8155 36.2624 2.0205
v  25.1215 36.3422 3.8495
v  26.4971 36.4387 4.3717
v  27.9429 36.5679 4.5980
v  29.3956 36.7240 4.5184
v  30.7919 36.9004 4.1364
v  32.0705 37.0892 3.4687
v  33.1758 37.2822 2.5446
v  34.0593 37.4710 1.4043
v  34.6824 37.6473 0.0978
v  35.0180 37.8035 -1.3179
v  35.0513 37.9326 -2.7809
v  34.7809 38.0292 -4.2273
v  34.2187 38.0888 -5.5938
v  33.3891 38.1090 -6.8207
v  32.3284 38.0888 -7.8544
v  31.0831 38.0292 -8.6498
v  29.7074 37.9326 -9.1720
v  28.2617 37.8035 -9.3982
v  26.8089 37.6473 -9.3186
v  25.4127 37.4710 -8.9366
v  24.1340 37.2822 -8.2689
v  23.0288 37.0892 -7.3448
v  22.1453 36.9004 -6.2045
v  21.5221 36.7240 -4.8980
v  21.1865 36.5679 -3.4823
v  21.1532 36.4387 -2.0193
v  21.4236 36.3422 -0.5730
v  21.9859 36.2825 0.7935
v  23.7894 40.6143 2.9666
v  22.8180 40.5915 2.0184
v  24.9285 40.6819 3.6978
v  26.1855 40.7913 4.1798
v  27.5055 40.9377 4.3916
v  28.8308 41.1146 4.3240
v  30.1034 41.3145 3.9799
v  31.2677 41.5285 3.3744
v  32.2729 41.7472 2.5339
v  33.0750 41.9612 1.4952
v  33.6390 42.1610 0.3036
v  33.9401 42.3380 -0.9887
v  33.9653 42.4844 -2.3253
v  33.7135 42.5937 -3.6478
v  33.1956 42.6613 -4.8984
v  32.4343 42.6842 -6.0224
v  31.4629 42.6613 -6.9707
v  30.3238 42.5937 -7.7018
v  29.0668 42.4844 -8.1838
v  27.7468 42.3380 -8.3956
v  26.4216 42.1610 -8.3280
v  25.1489 41.9612 -7.9840
v  23.9846 41.7472 -7.3784
v  22.9794 41.5285 -6.5380
v  22.1773 41.3145 -5.4992
v  21.6134 41.1146 -4.3077
v  21.3122 40.9377 -3.0153
v  21.2870 40.7913 -1.6787
v  21.5388 40.6819 -0.3562
v  22.0567 40.6143 0.8944
v  23.5746 44.9995 2.9862
v  22.6923 44.9745 2.1235
v  24.6076 45.0736 3.6530
v  25.7462 45.1934 4.0946
v  26.9407 45.3538 4.2918
v  28.1389 45.5477 4.2359
v  29.2883 45.7667 3.9293
v  30.3388 46.0011 3.3856
v  31.2444 46.2408 2.6283
v  31.9656 46.4753 1.6907
v  32.4708 46.6942 0.6137
v  32.7380 46.8881 -0.5556
v  32.7554 47.0485 -1.7661
v  32.5224 47.1684 -2.9650
v  32.0490 47.2424 -4.0997
v  31.3561 47.2675 -5.1208
v  30.4738 47.2424 -5.9836
v  29.4408 47.1684 -6.6504
v  28.3022 47.0485 -7.0920
v  27.1077 46.8881 -7.2891
v  25.9095 46.6942 -7.2332
v  24.7601 46.4753 -6.9267
v  23.7096 46.2408 -6.3829
v  22.8040 46.0011 -5.6257
v  22.0828 45.7667 -4.6881
v  21.5776 45.5477 -3.6111
v  21.3104 45.3538 -2.4418
v  21.2930 45.1934 -1.2312
v  21.5260 45.0736 -0.0324
v  21.9993 44.9995 1.1024
v  23.2175 49.4568 3.1247
v  22.4244 49.4302 2.3475
v  24.1447 49.5355 3.7269
v  25.1654 49.6628 4.1278
v  26.2349 49.8332 4.3099
v  27.3066 50.0393 4.2652
v  28.3335 50.2719 3.9956
v  29.2709 50.5210 3.5129
v  30.0777 50.7757 2.8383
v  30.7186 51.0248 2.0012
v  31.1658 51.2575 1.0382
v  31.3996 51.4635 -0.0086
v  31.4098 51.6339 -1.0934
v  31.1959 51.7613 -2.1689
v  30.7674 51.8400 -3.1881
v  30.1428 51.8666 -4.1063
v  29.3497 51.8400 -4.8836
v  28.4225 51.7613 -5.4858
v  27.4018 51.6339 -5.8867
v  26.3323 51.4635 -6.0688
v  25.2607 51.2575 -6.0240
v  24.2337 51.0248 -5.7544
v  23.2963 50.7757 -5.2718
v  22.4895 50.5211 -4.5972
v  21.8486 50.2719 -3.7601
v  21.4014 50.0393 -2.7971
v  21.1676 49.8333 -1.7503
v  21.1575 49.6628 -0.6654
v  21.3713 49.5355 0.4101
v  21.7998 49.4568 1.4292
v  22.7043 54.0042 3.3938
v  22.0001 53.9767 2.7022
v  23.5259 54.0854 3.9312
v  24.4291 54.2167 4.2910
v  25.3744 54.3925 4.4574
v  26.3204 54.6051 4.4231
v  27.2258 54.8450 4.1897
v  28.0510 55.1020 3.7673
v  28.7601 55.3647 3.1745
v  29.3219 55.6217 2.4371
v  29.7119 55.8616 1.5873
v  29.9131 56.0742 0.6623
v  29.9167 56.2500 -0.2975
v  29.7225 56.3813 -1.2501
v  29.3391 56.4625 -2.1539
v  28.7831 56.4900 -2.9694
v  28.0789 56.4625 -3.6610
v  27.2573 56.3813 -4.1984
v  26.3541 56.2500 -4.5582
v  25.4089 56.0742 -4.7246
v  24.4629 55.8617 -4.6903
v  23.5575 55.6217 -4.4569
v  22.7322 55.3647 -4.0345
v  22.0232 55.1020 -3.4417
v  21.4614 54.8450 -2.7042
v  21.0714 54.6050 -1.8545
v  20.8701 54.3925 -0.9295
v  20.8665 54.2168 0.0303
v  21.0607 54.0854 0.9829
v  21.4441 54.0042 1.8867
v  22.0207 58.6591 3.8053
v  21.4054 58.6317 3.1995
v  22.7373 58.7404 4.2776
v  23.5236 58.8718 4.5957
v  24.3455 59.0477 4.7456
v  25.1669 59.2604 4.7209
v  25.9519 59.5006 4.5227
v  26.6664 59.7577 4.1595
v  27.2789 60.0206 3.6474
v  27.7628 60.2777 3.0085
v  28.0970 60.5179 2.2709
v  28.2667 60.7305 1.4669
v  28.2646 60.9065 0.6315
v  28.0908 61.0379 -0.1988
v  27.7529 61.1191 -0.9876
v  27.2656 61.1466 -1.7005
v  26.6502 61.1191 -2.3063
v  25.9337 61.0379 -2.7786
v  25.1473 60.9065 -3.0966
v  24.3255 60.7306 -3.2466
v  23.5041 60.5179 -3.2219
v  22.7190 60.2777 -3.0237
v  22.0046 60.0206 -2.6605
v  21.3920 59.7577 -2.1483
v  20.9081 59.5006 -1.5095
v  20.5740 59.2604 -0.7719
v  20.4043 59.0477 0.0321
v  20.4063 58.8718 0.8676
v  20.5802 58.7404 1.6978
v  20.9181 58.6591 2.4866
v  21.1527 63.4384 4.3711
v  20.6260 63.4118 3.8512
v  21.7646 63.5170 4.7778
v  22.4349 63.6442 5.0535
v  23.1345 63.8145 5.1861
v  23.8326 64.0204 5.1700
v  24.4988 64.2529 5.0056
v  25.1040 64.5018 4.7004
v  25.6217 64.7563 4.2675
v  26.0293 65.0052 3.7259
v  26.3090 65.2377 3.0993
v  26.4485 65.4436 2.4151
v  26.4418 65.6138 1.7031
v  26.2891 65.7411 0.9946
v  25.9972 65.8197 0.3203
v  25.5788 65.8463 -0.2901
v  25.0521 65.8197 -0.8100
v  24.4402 65.7411 -1.2167
v  23.7698 65.6138 -1.4924
v  23.0703 65.4436 -1.6250
v  22.3722 65.2377 -1.6088
v  21.7060 65.0052 -1.4445
v  21.1008 64.7563 -1.1393
v  20.5831 64.5018 -0.7064
v  20.1755 64.2529 -0.1648
v  19.8958 64.0204 0.4618
v  19.7563 63.8145 1.1460
v  19.7630 63.6443 1.8580
v  19.9156 63.5170 2.5665
v  20.2076 63.4384 3.2408
v  20.0860 68.3579 5.1030
v  19.6478 68.3332 4.6691
v  20.5938 68.4312 5.4436
v  21.1491 68.5496 5.6761
v  21.7276 68.7081 5.7904
v  22.3040 68.8997 5.7814
v  22.8531 69.1162 5.6496
v  23.3509 69.3479 5.4006
v  23.7757 69.5848 5.0455
v  24.1088 69.8165 4.5996
v  24.3358 70.0329 4.0825
v  24.4467 70.2246 3.5168
v  24.4367 70.3831 2.9273
v  24.3061 70.5015 2.3396
v  24.0608 70.5747 1.7794
v  23.7114 70.5995 1.2713
v  23.2732 70.5747 0.8375
v  22.7654 70.5016 0.4969
v  22.2101 70.3831 0.2643
v  21.6316 70.2246 0.1500
v  21.0552 70.0329 0.1590
v  20.5061 69.8165 0.2909
v  20.0083 69.5848 0.5398
v  19.5835 69.3479 0.8950
v  19.2504 69.1162 1.3409
v  19.0234 68.8997 1.8579
v  18.9125 68.7081 2.4236
v  18.9225 68.5496 3.0132
v  19.0531 68.4312 3.6009
v  19.2984 68.3579 4.1610
v  18.8064 73.4333 6.0129
v  18.4564 73.4114 5.6653
v  19.2109 73.4981 6.2869
v  19.6523 73.6029 6.4753
v  20.1112 73.7433 6.5699
v  20.5676 73.9129 6.5666
v  21.0017 74.1044 6.4656
v  21.3943 74.3095 6.2711
v  21.7283 74.5192 5.9918
v  21.9892 74.7242 5.6398
v  22.1655 74.9158 5.2306
v  22.2496 75.0854 4.7819
v  22.2377 75.2257 4.3135
v  22.1304 75.3305 3.8457
v  21.9323 75.3953 3.3991
v  21.6522 75.4172 2.9931
v  21.3023 75.3953 2.6455
v  20.8978 75.3305 2.3716
v  20.4564 75.2257 2.1831
v  19.9975 75.0854 2.0885
v  19.5410 74.9158 2.0918
v  19.1070 74.7242 2.1929
v  18.7144 74.5191 2.3873
v  18.3803 74.3095 2.6666
v  18.1195 74.1044 3.0186
v  17.9431 73.9129 3.4278
v  17.8591 73.7433 3.8765
v  17.8710 73.6029 4.3449
v  17.9783 73.4981 4.8127
v  18.1763 73.4333 5.2593
v  17.2996 78.6793 7.1127
v  17.0377 78.6612 6.8516
v  17.6016 78.7326 7.3194
v  17.9303 78.8188 7.4627
v  18.2714 78.9342 7.5362
v  18.6099 79.0737 7.5369
v  18.9312 79.2313 7.4647
v  19.2211 79.4000 7.3227
v  19.4670 79.5725 7.1171
v  19.6581 79.7412 6.8569
v  19.7861 79.8987 6.5535
v  19.8453 80.0382 6.2202
v  19.8333 80.1537 5.8714
v  19.7505 80.2399 5.5226
v  19.6005 80.2932 5.1888
v  19.3899 80.3112 4.8847
v  19.1280 80.2932 4.6236
v  18.8260 80.2399 4.4169
v  18.4973 80.1537 4.2737
v  18.1563 80.0383 4.2001
v  17.8177 79.8987 4.1994
v  17.4964 79.7412 4.2717
v  17.2065 79.5725 4.4137
v  16.9606 79.4000 4.6193
v  16.7695 79.2313 4.8795
v  16.6415 79.0737 5.1828
v  16.5823 78.9342 5.5162
v  16.5943 78.8188 5.8649
v  16.6771 78.7326 6.2138
v  16.8271 78.6793 6.5475
v  15.5514 84.1099 8.4144
v  15.3771 84.0968 8.2401
v  15.7517 84.1486 8.5531
v  15.9691 84.2111 8.6500
v  16.1943 84.2949 8.7009
v  16.4173 84.3961 8.7036
v  16.6284 84.5104 8.6580
v  16.8184 84.6328 8.5661
v  16.9790 84.7579 8.4318
v  17.1032 84.8803 8.2610
v  17.1855 84.9946 8.0613
v  17.2223 85.0959 7.8414
v  17.2120 85.1796 7.6107
v  17.1552 85.2422 7.3796
v  17.0542 85.2808 7.1579
v  16.9134 85.2939 6.9555
v  16.7391 85.2808 6.7811
v  16.5389 85.2422 6.6425
v  16.3214 85.1796 6.5456
v  16.0962 85.0959 6.4946
v  15.8732 84.9946 6.4919
v  15.6621 84.8803 6.5376
v  15.4721 84.7579 6.6295
v  15.3115 84.6328 6.7638
v  15.1873 84.5104 6.9345
v  15.1051 84.3961 7.1342
v  15.0682 84.2949 7.3542
v  15.0785 84.2112 7.5848
v  15.1354 84.1486 7.8160
v  15.2364 84.1099 8.0377
v  13.5473 89.7387 9.9301
v  13.4604 89.7317 9.8428
v  13.6469 89.7596 9.9999
v  13.7547 89.7934 10.0491
v  13.8661 89.8386 10.0756
v  13.9762 89.8933 10.0781
v  14.0801 89.9551 10.0567
v  14.1734 90.0212 10.0121
v  14.2519 90.0889 9.9465
v  14.3123 90.1550 9.8626
v  14.3518 90.2168 9.7641
v  14.3687 90.2715 9.6553
v  14.3624 90.3167 9.5410
v  14.3331 90.3505 9.4261
v  14.2820 90.3714 9.3158
v  14.2115 90.3784 9.2147
v  14.1245 90.3714 9.1274
v  14.0249 90.3505 9.0576
v  13.9171 90.3167 9.0084
v  13.8057 90.2714 8.9820
v  13.6956 90.2168 8.9794
v  13.5917 90.1550 9.0008
v  13.4984 90.0889 9.0454
v  13.4199 90.0212 9.1110
v  13.3596 89.9551 9.1949
v  13.3201 89.8933 9.2934
v  13.3031 89.8387 9.4022
v  13.3094 89.7934 9.5165
v  13.3388 89.7596 9.6314
v  13.3898 89.7387 9.7417
v  11.2730 95.5785 11.6717
# 602 vertices

vn 0.0000 -1.0000 -0.0000
vn -0.7589 0.1461 0.6346
vn -0.6107 0.1456 0.7784
vn -0.6106 0.1451 0.7785
vn -0.7590 0.1456 0.6346
vn -0.4359 0.1441 0.8884
vn -0.4356 0.1437 0.8886
vn -0.2420 0.1419 0.9599
vn -0.2415 0.1415 0.9600
vn -0.0373 0.1389 0.9896
vn -0.0366 0.1386 0.9897
vn 0.1692 0.1353 0.9763
vn 0.1700 0.1353 0.9761
vn 0.3686 0.1314 0.9203
vn 0.3695 0.1317 0.9198
vn 0.5521 0.1272 0.8240
vn 0.5531 0.1279 0.8233
vn 0.7118 0.1230 0.6915
vn 0.7125 0.1243 0.6905
vn 0.8405 0.1191 0.5286
vn 0.8410 0.1209 0.5274
vn 0.9325 0.1154 0.3424
vn 0.9326 0.1179 0.3411
vn 0.9836 0.1122 0.1409
vn 0.9835 0.1153 0.1397
vn 0.9917 0.1096 -0.0669
vn 0.9913 0.1132 -0.0678
vn 0.9563 0.1077 -0.2719
vn 0.9557 0.1117 -0.2724
vn 0.8788 0.1065 -0.4651
vn 0.8783 0.1108 -0.4651
vn 0.7628 0.1061 -0.6378
vn 0.7625 0.1105 -0.6375
vn 0.6133 0.1065 -0.7826
vn 0.6133 0.1108 -0.7820
vn 0.4369 0.1077 -0.8930
vn 0.4373 0.1117 -0.8923
vn 0.2414 0.1096 -0.9642
vn 0.2422 0.1132 -0.9636
vn 0.0355 0.1122 -0.9930
vn 0.0366 0.1153 -0.9927
vn -0.1719 0.1154 -0.9783
vn -0.1706 0.1179 -0.9783
vn -0.3715 0.1191 -0.9208
vn -0.3702 0.1209 -0.9210
vn -0.5546 0.1231 -0.8230
vn -0.5535 0.1244 -0.8235
vn -0.7132 0.1273 -0.6893
vn -0.7123 0.1280 -0.6901
vn -0.8405 0.1315 -0.5257
vn -0.8399 0.1318 -0.5265
vn -0.9309 0.1355 -0.3394
vn -0.9306 0.1354 -0.3402
vn -0.9806 0.1390 -0.1385
vn -0.9805 0.1388 -0.1392
vn -0.9875 0.1420 0.0682
vn -0.9876 0.1416 0.0677
vn -0.9515 0.1442 0.2717
vn -0.9517 0.1438 0.2713
vn -0.8742 0.1456 0.4632
vn -0.8744 0.1451 0.4631
vn -0.6113 0.1418 0.7786
vn -0.7594 0.1422 0.6349
vn -0.4365 0.1406 0.8887
vn -0.2426 0.1389 0.9601
vn -0.0378 0.1366 0.9899
vn 0.1689 0.1341 0.9765
vn 0.3685 0.1316 0.9203
vn 0.5522 0.1291 0.8236
vn 0.7119 0.1269 0.6907
vn 0.8403 0.1251 0.5274
vn 0.9319 0.1236 0.3410
vn 0.9826 0.1226 0.1396
vn 0.9902 0.1218 -0.0678
vn 0.9545 0.1214 -0.2722
vn 0.8772 0.1211 -0.4646
vn 0.7615 0.1210 -0.6367
vn 0.6126 0.1211 -0.7810
vn 0.4369 0.1214 -0.8913
vn 0.2421 0.1218 -0.9626
vn 0.0366 0.1226 -0.9918
vn -0.1706 0.1237 -0.9775
vn -0.3704 0.1251 -0.9204
vn -0.5538 0.1270 -0.8229
vn -0.7129 0.1292 -0.6893
vn -0.8405 0.1317 -0.5256
vn -0.9311 0.1342 -0.3391
vn -0.9809 0.1367 -0.1381
vn -0.9879 0.1390 0.0687
vn -0.9519 0.1407 0.2722
vn -0.8746 0.1418 0.4637
vn -0.6125 0.1337 0.7791
vn -0.7603 0.1339 0.6356
vn -0.4381 0.1331 0.8890
vn -0.2444 0.1323 0.9606
vn -0.0398 0.1313 0.9905
vn 0.1670 0.1305 0.9773
vn 0.3669 0.1298 0.9211
vn 0.5510 0.1295 0.8244
vn 0.7108 0.1296 0.6913
vn 0.8394 0.1302 0.5277
vn 0.9309 0.1310 0.3410
vn 0.9814 0.1320 0.1395
vn 0.9888 0.1331 -0.0678
vn 0.9530 0.1340 -0.2719
vn 0.8756 0.1345 -0.4639
vn 0.7602 0.1348 -0.6356
vn 0.6116 0.1345 -0.7796
vn 0.4363 0.1340 -0.8898
vn 0.2418 0.1331 -0.9612
vn 0.0364 0.1320 -0.9906
vn -0.1708 0.1310 -0.9766
vn -0.3708 0.1302 -0.9195
vn -0.5546 0.1297 -0.8220
vn -0.7139 0.1296 -0.6882
vn -0.8416 0.1299 -0.5242
vn -0.9323 0.1305 -0.3374
vn -0.9819 0.1314 -0.1362
vn -0.9887 0.1324 0.0704
vn -0.9526 0.1332 0.2737
vn -0.8753 0.1337 0.4648
vn -0.6142 0.1207 0.7799
vn -0.7616 0.1207 0.6367
vn -0.4403 0.1210 0.8897
vn -0.2469 0.1216 0.9614
vn -0.0424 0.1226 0.9915
vn 0.1646 0.1242 0.9785
vn 0.3648 0.1263 0.9225
vn 0.5492 0.1291 0.8256
vn 0.7095 0.1324 0.6922
vn 0.8381 0.1361 0.5282
vn 0.9295 0.1399 0.3412
vn 0.9797 0.1436 0.1395
vn 0.9868 0.1469 -0.0676
vn 0.9508 0.1495 -0.2714
vn 0.8735 0.1511 -0.4628
vn 0.7583 0.1517 -0.6340
vn 0.6102 0.1511 -0.7777
vn 0.4354 0.1495 -0.8877
vn 0.2413 0.1469 -0.9593
vn 0.0361 0.1436 -0.9890
vn -0.1713 0.1399 -0.9752
vn -0.3716 0.1361 -0.9184
vn -0.5557 0.1324 -0.8208
vn -0.7154 0.1291 -0.6867
vn -0.8433 0.1264 -0.5223
vn -0.9339 0.1242 -0.3352
vn -0.9834 0.1227 -0.1339
vn -0.9899 0.1217 0.0727
vn -0.9536 0.1211 0.2757
vn -0.8763 0.1208 0.4663
vn -0.6162 0.1028 0.7808
vn -0.7632 0.1023 0.6380
vn -0.4428 0.1043 0.8905
vn -0.2499 0.1068 0.9624
vn -0.0455 0.1104 0.9928
vn 0.1617 0.1152 0.9801
vn 0.3623 0.1210 0.9242
vn 0.5471 0.1277 0.8272
vn 0.7077 0.1351 0.6935
vn 0.8365 0.1427 0.5291
vn 0.9277 0.1503 0.3417
vn 0.9776 0.1573 0.1399
vn 0.9843 0.1632 -0.0671
vn 0.9480 0.1678 -0.2704
vn 0.8707 0.1707 -0.4613
vn 0.7558 0.1716 -0.6319
vn 0.6082 0.1707 -0.7752
vn 0.4340 0.1678 -0.8852
vn 0.2403 0.1633 -0.9569
vn 0.0354 0.1573 -0.9869
vn -0.1721 0.1503 -0.9735
vn -0.3727 0.1428 -0.9169
vn -0.5573 0.1351 -0.8192
vn -0.7173 0.1277 -0.6849
vn -0.8455 0.1210 -0.5201
vn -0.9360 0.1152 -0.3326
vn -0.9852 0.1104 -0.1311
vn -0.9914 0.1068 0.0754
vn -0.9549 0.1043 0.2780
vn -0.8777 0.1028 0.4681
vn -0.6184 0.0799 0.7818
vn -0.7648 0.0789 0.6394
vn -0.4454 0.0829 0.8915
vn -0.2529 0.0878 0.9635
vn -0.0487 0.0948 0.9943
vn 0.1585 0.1035 0.9819
vn 0.3595 0.1138 0.9262
vn 0.5447 0.1254 0.8292
vn 0.7056 0.1377 0.6951
vn 0.8344 0.1501 0.5303
vn 0.9254 0.1621 0.3425
vn 0.9749 0.1729 0.1407
vn 0.9811 0.1819 -0.0662
vn 0.9445 0.1888 -0.2689
vn 0.8671 0.1931 -0.4592
vn 0.7525 0.1945 -0.6292
vn 0.6055 0.1931 -0.7721
vn 0.4319 0.1888 -0.8819
vn 0.2388 0.1820 -0.9539
vn 0.0341 0.1729 -0.9844
vn -0.1734 0.1621 -0.9714
vn -0.3743 0.1501 -0.9151
vn -0.5593 0.1377 -0.8175
vn -0.7197 0.1254 -0.6829
vn -0.8479 0.1138 -0.5177
vn -0.9383 0.1035 -0.3299
vn -0.9872 0.0947 -0.1282
vn -0.9931 0.0878 0.0783
vn -0.9563 0.0829 0.2804
vn -0.8790 0.0799 0.4700
vn -0.6202 0.0523 0.7827
vn -0.7662 0.0507 0.6406
vn -0.4479 0.0571 0.8923
vn -0.2559 0.0649 0.9645
vn -0.0519 0.0757 0.9958
vn 0.1554 0.0891 0.9838
vn 0.3565 0.1048 0.9284
vn 0.5421 0.1220 0.8314
vn 0.7031 0.1400 0.6971
vn 0.8319 0.1580 0.5320
vn 0.9225 0.1750 0.3439
vn 0.9714 0.1902 0.1420
vn 0.9771 0.2028 -0.0646
vn 0.9401 0.2122 -0.2668
vn 0.8627 0.2181 -0.4564
vn 0.7484 0.2200 -0.6257
vn 0.6019 0.2181 -0.7682
vn 0.4290 0.2123 -0.8780
vn 0.2365 0.2028 -0.9502
vn 0.0322 0.1902 -0.9812
vn -0.1752 0.1750 -0.9688
vn -0.3763 0.1580 -0.9129
vn -0.5617 0.1400 -0.8154
vn -0.7223 0.1220 -0.6807
vn -0.8506 0.1047 -0.5152
vn -0.9408 0.0891 -0.3271
vn -0.9892 0.0757 -0.1253
vn -0.9946 0.0649 0.0809
vn -0.9575 0.0570 0.2827
vn -0.8802 0.0523 0.4717
vn -0.6215 0.0204 0.7831
vn -0.7671 0.0181 0.6413
vn -0.4498 0.0272 0.8927
vn -0.2583 0.0383 0.9653
vn -0.0547 0.0535 0.9971
vn 0.1525 0.0723 0.9857
vn 0.3537 0.0940 0.9306
vn 0.5394 0.1176 0.8338
vn 0.7004 0.1421 0.6995
vn 0.8289 0.1663 0.5341
vn 0.9190 0.1890 0.3459
vn 0.9672 0.2090 0.1441
vn 0.9723 0.2255 -0.0621
vn 0.9348 0.2378 -0.2638
vn 0.8573 0.2454 -0.4527
vn 0.7432 0.2479 -0.6214
vn 0.5973 0.2454 -0.7636
vn 0.4251 0.2378 -0.8733
vn 0.2333 0.2256 -0.9459
vn 0.0294 0.2090 -0.9775
vn -0.1778 0.1890 -0.9657
vn -0.3790 0.1663 -0.9103
vn -0.5645 0.1421 -0.8131
vn -0.7252 0.1175 -0.6784
vn -0.8533 0.0939 -0.5129
vn -0.9431 0.0722 -0.3246
vn -0.9910 0.0534 -0.1228
vn -0.9958 0.0383 0.0832
vn -0.9583 0.0271 0.2845
vn -0.8809 0.0204 0.4729
vn -0.6220 -0.0152 0.7829
vn -0.7671 -0.0182 0.6413
vn -0.4508 -0.0062 0.8926
vn -0.2599 0.0085 0.9656
vn -0.0568 0.0285 0.9980
vn 0.1500 0.0532 0.9872
vn 0.3511 0.0815 0.9328
vn 0.5366 0.1122 0.8363
vn 0.6974 0.1438 0.7021
vn 0.8254 0.1748 0.5368
vn 0.9148 0.2037 0.3487
vn 0.9623 0.2290 0.1470
vn 0.9665 0.2498 -0.0588
vn 0.9285 0.2652 -0.2598
vn 0.8508 0.2746 -0.4480
vn 0.7370 0.2778 -0.6162
vn 0.5916 0.2746 -0.7581
vn 0.4201 0.2652 -0.8679
vn 0.2289 0.2498 -0.9408
vn 0.0256 0.2290 -0.9731
vn -0.1812 0.2037 -0.9621
vn -0.3822 0.1748 -0.9074
vn -0.5676 0.1438 -0.8106
vn -0.7281 0.1121 -0.6762
vn -0.8559 0.0814 -0.5107
vn -0.9451 0.0531 -0.3225
vn -0.9923 0.0284 -0.1209
vn -0.9964 0.0084 0.0847
vn -0.9584 -0.0063 0.2855
vn -0.8807 -0.0152 0.4734
vn -0.6212 -0.0538 0.7818
vn -0.7659 -0.0577 0.6403
vn -0.4506 -0.0425 0.8917
vn -0.2604 -0.0240 0.9652
vn -0.0579 0.0012 0.9983
vn 0.1484 0.0321 0.9884
vn 0.3489 0.0675 0.9347
vn 0.5340 0.1058 0.8389
vn 0.6941 0.1450 0.7051
vn 0.8214 0.1834 0.5400
vn 0.9100 0.2189 0.3522
vn 0.9564 0.2499 0.1509
vn 0.9598 0.2752 -0.0543
vn 0.9213 0.2939 -0.2547
vn 0.8433 0.3053 -0.4423
vn 0.7296 0.3091 -0.6101
vn 0.5846 0.3053 -0.7517
vn 0.4138 0.2939 -0.8616
vn 0.2234 0.2752 -0.9351
vn 0.0207 0.2499 -0.9680
vn -0.1856 0.2188 -0.9580
vn -0.3861 0.1833 -0.9040
vn -0.5711 0.1450 -0.8080
vn -0.7311 0.1057 -0.6741
vn -0.8582 0.0674 -0.5089
vn -0.9465 0.0320 -0.3211
vn -0.9928 0.0011 -0.1199
vn -0.9961 -0.0241 0.0853
vn -0.9574 -0.0426 0.2855
vn -0.8795 -0.0539 0.4728
vn -0.6190 -0.0947 0.7797
vn -0.7634 -0.0993 0.6382
vn -0.4489 -0.0810 0.8899
vn -0.2595 -0.0585 0.9640
vn -0.0578 -0.0280 0.9979
vn 0.1476 0.0095 0.9890
vn 0.3473 0.0523 0.9363
vn 0.5315 0.0984 0.8413
vn 0.6907 0.1457 0.7083
vn 0.8170 0.1917 0.5439
vn 0.9044 0.2342 0.3566
vn 0.9498 0.2712 0.1559
vn 0.9523 0.3013 -0.0487
vn 0.9130 0.3235 -0.2485
vn 0.8347 0.3370 -0.4355
vn 0.7210 0.3415 -0.6029
vn 0.5764 0.3370 -0.7444
vn 0.4062 0.3235 -0.8546
vn 0.2165 0.3013 -0.9286
vn 0.0147 0.2712 -0.9624
vn -0.1909 0.2342 -0.9533
vn -0.3907 0.1917 -0.9004
vn -0.5748 0.1456 -0.8052
vn -0.7339 0.0983 -0.6721
vn -0.8600 0.0521 -0.5077
vn -0.9472 0.0093 -0.3204
vn -0.9924 -0.0281 -0.1199
vn -0.9947 -0.0586 0.0846
vn -0.9553 -0.0810 0.2842
vn -0.8770 -0.0948 0.4710
vn -0.6152 -0.1369 0.7764
vn -0.7594 -0.1424 0.6349
vn -0.4457 -0.1207 0.8870
vn -0.2570 -0.0942 0.9618
vn -0.0563 -0.0583 0.9967
vn 0.1480 -0.0142 0.9889
vn 0.3465 0.0361 0.9374
vn 0.5294 0.0903 0.8436
vn 0.6873 0.1458 0.7116
vn 0.8121 0.1997 0.5482
vn 0.8983 0.2494 0.3619
vn 0.9424 0.2926 0.1620
vn 0.9439 0.3277 -0.0419
vn 0.9038 0.3535 -0.2411
vn 0.8251 0.3692 -0.4277
vn 0.7113 0.3744 -0.5948
vn 0.5670 0.3692 -0.7364
vn 0.3973 0.3535 -0.8469
vn 0.2083 0.3277 -0.9215
vn 0.0074 0.2926 -0.9562
vn -0.1971 0.2493 -0.9481
vn -0.3958 0.1996 -0.8964
vn -0.5787 0.1457 -0.8024
vn -0.7365 0.0902 -0.6704
vn -0.8612 0.0360 -0.5070
vn -0.9471 -0.0144 -0.3208
vn -0.9909 -0.0584 -0.1211
vn -0.9921 -0.0943 0.0826
vn -0.9519 -0.1208 0.2815
vn -0.8731 -0.1370 0.4679
vn -0.6097 -0.1797 0.7720
vn -0.7538 -0.1860 0.6302
vn -0.4408 -0.1610 0.8831
vn -0.2529 -0.1305 0.9586
vn -0.0534 -0.0892 0.9946
vn 0.1495 -0.0385 0.9880
vn 0.3464 0.0193 0.9379
vn 0.5276 0.0816 0.8456
vn 0.6838 0.1453 0.7151
vn 0.8070 0.2071 0.5531
vn 0.8916 0.2641 0.3680
vn 0.9344 0.3136 0.1692
vn 0.9347 0.3538 -0.0339
vn 0.8939 0.3833 -0.2325
vn 0.8146 0.4013 -0.4188
vn 0.7006 0.4074 -0.5858
vn 0.5564 0.4013 -0.7276
vn 0.3871 0.3833 -0.8386
vn 0.1988 0.3538 -0.9139
vn -0.0011 0.3136 -0.9496
vn -0.2043 0.2640 -0.9426
vn -0.4015 0.2070 -0.8922
vn -0.5827 0.1452 -0.7996
vn -0.7388 0.0815 -0.6690
vn -0.8617 0.0192 -0.5070
vn -0.9459 -0.0386 -0.3221
vn -0.9883 -0.0893 -0.1236
vn -0.9883 -0.1306 0.0791
vn -0.9472 -0.1611 0.2774
vn -0.8678 -0.1797 0.4634
vn -0.6027 -0.2222 0.7664
vn -0.7467 -0.2293 0.6244
vn -0.4342 -0.2011 0.8781
vn -0.2472 -0.1667 0.9545
vn -0.0490 -0.1201 0.9916
vn 0.1522 -0.0629 0.9863
vn 0.3472 0.0022 0.9378
vn 0.5263 0.0724 0.8472
vn 0.6803 0.1442 0.7186
vn 0.8016 0.2138 0.5583
vn 0.8844 0.2781 0.3748
vn 0.9258 0.3340 0.1773
vn 0.9249 0.3793 -0.0248
vn 0.8832 0.4127 -0.2229
vn 0.8033 0.4330 -0.4089
vn 0.6890 0.4398 -0.5761
vn 0.5447 0.4330 -0.7182
vn 0.3757 0.4126 -0.8298
vn 0.1882 0.3793 -0.9059
vn -0.0106 0.3339 -0.9425
vn -0.2123 0.2780 -0.9368
vn -0.4076 0.2138 -0.8878
vn -0.5867 0.1441 -0.7969
vn -0.7406 0.0723 -0.6680
vn -0.8615 0.0021 -0.5078
vn -0.9438 -0.0630 -0.3245
vn -0.9845 -0.1201 -0.1274
vn -0.9832 -0.1668 0.0743
vn -0.9411 -0.2012 0.2718
vn -0.8610 -0.2222 0.4575
vn -0.5943 -0.2637 0.7598
vn -0.7383 -0.2715 0.6174
vn -0.4261 -0.2403 0.8722
vn -0.2400 -0.2021 0.9495
vn -0.0432 -0.1503 0.9877
vn 0.1561 -0.0870 0.9839
vn 0.3488 -0.0148 0.9371
vn 0.5254 0.0630 0.8485
vn 0.6770 0.1425 0.7220
vn 0.7960 0.2198 0.5639
vn 0.8770 0.2911 0.3823
vn 0.9168 0.3533 0.1863
vn 0.9147 0.4038 -0.0148
vn 0.8721 0.4410 -0.2123
vn 0.7914 0.4637 -0.3983
vn 0.6766 0.4713 -0.5658
vn 0.5321 0.4636 -0.7084
vn 0.3633 0.4409 -0.8207
vn 0.1765 0.4037 -0.8977
vn -0.0211 0.3532 -0.9353
vn -0.2210 0.2910 -0.9308
vn -0.4140 0.2197 -0.8833
vn -0.5907 0.1424 -0.7942
vn -0.7420 0.0629 -0.6674
vn -0.8605 -0.0149 -0.5093
vn -0.9407 -0.0871 -0.3279
vn -0.9797 -0.1504 -0.1324
vn -0.9770 -0.2021 0.0681
vn -0.9339 -0.2403 0.2649
vn -0.8530 -0.2637 0.4503
vn -0.5846 -0.3036 0.7524
vn -0.7288 -0.3123 0.6094
vn -0.4167 -0.2780 0.8655
vn -0.2314 -0.2361 0.9438
vn -0.0361 -0.1795 0.9831
vn 0.1611 -0.1103 0.9807
vn 0.3512 -0.0315 0.9358
vn 0.5251 0.0534 0.8494
vn 0.6739 0.1403 0.7254
vn 0.7905 0.2248 0.5697
vn 0.8694 0.3030 0.3904
vn 0.9076 0.3713 0.1961
vn 0.9043 0.4269 -0.0039
vn 0.8606 0.4679 -0.2010
vn 0.7792 0.4930 -0.3871
vn 0.6637 0.5014 -0.5550
vn 0.5189 0.4930 -0.6984
vn 0.3502 0.4679 -0.8115
vn 0.1640 0.4268 -0.8893
vn -0.0323 0.3712 -0.9280
vn -0.2302 0.3029 -0.9248
vn -0.4207 0.2247 -0.8789
vn -0.5945 0.1402 -0.7918
vn -0.7430 0.0534 -0.6672
vn -0.8588 -0.0315 -0.5114
vn -0.9367 -0.1104 -0.3323
vn -0.9739 -0.1796 -0.1386
vn -0.9698 -0.2362 0.0606
vn -0.9256 -0.2780 0.2568
vn -0.8440 -0.3036 0.4421
vn -0.5738 -0.3417 0.7443
vn -0.7183 -0.3510 0.6006
vn -0.4061 -0.3139 0.8582
vn -0.2217 -0.2685 0.9374
vn -0.0279 -0.2073 0.9779
vn 0.1670 -0.1326 0.9770
vn 0.3544 -0.0476 0.9339
vn 0.5251 0.0440 0.8499
vn 0.6710 0.1377 0.7285
vn 0.7850 0.2290 0.5756
vn 0.8618 0.3136 0.3987
vn 0.8983 0.3878 0.2064
vn 0.8938 0.4484 0.0075
vn 0.8491 0.4933 -0.1892
vn 0.7668 0.5207 -0.3754
vn 0.6506 0.5300 -0.5440
vn 0.5052 0.5207 -0.6882
vn 0.3365 0.4932 -0.8022
vn 0.1509 0.4484 -0.8810
vn -0.0440 0.3877 -0.9207
vn -0.2398 0.3135 -0.9188
vn -0.4275 0.2289 -0.8746
vn -0.5982 0.1376 -0.7895
vn -0.7434 0.0439 -0.6674
vn -0.8564 -0.0476 -0.5142
vn -0.9320 -0.1327 -0.3374
vn -0.9673 -0.2074 -0.1457
vn -0.9618 -0.2686 0.0522
vn -0.9166 -0.3139 0.2477
vn -0.8342 -0.3417 0.4330
vn -0.5623 -0.3775 0.7357
vn -0.7072 -0.3876 0.5913
vn -0.3947 -0.3476 0.8505
vn -0.2111 -0.2990 0.9306
vn -0.0189 -0.2335 0.9722
vn 0.1737 -0.1537 0.9727
vn 0.3581 -0.0629 0.9316
vn 0.5257 0.0347 0.8500
vn 0.6685 0.1347 0.7315
vn 0.7797 0.2323 0.5815
vn 0.8543 0.3230 0.4073
vn 0.8892 0.4028 0.2170
vn 0.8834 0.4682 0.0193
vn 0.8376 0.5168 -0.1770
vn 0.7544 0.5466 -0.3636
vn 0.6373 0.5566 -0.5329
vn 0.4914 0.5466 -0.6781
vn 0.3225 0.5167 -0.7931
vn 0.1374 0.4682 -0.8729
vn -0.0561 0.4027 -0.9136
vn -0.2495 0.3229 -0.9129
vn -0.4342 0.2322 -0.8704
vn -0.6015 0.1346 -0.7874
vn -0.7434 0.0346 -0.6679
vn -0.8534 -0.0630 -0.5174
vn -0.9266 -0.1537 -0.3432
vn -0.9601 -0.2335 -0.1536
vn -0.9533 -0.2991 0.0430
vn -0.9070 -0.3476 0.2379
vn -0.8237 -0.3775 0.4231
vn -0.5502 -0.4110 0.7269
vn -0.6956 -0.4217 0.5817
vn -0.3827 -0.3792 0.8425
vn -0.1998 -0.3275 0.9235
vn -0.0092 -0.2579 0.9661
vn 0.1810 -0.1733 0.9681
vn 0.3623 -0.0774 0.9288
vn 0.5266 0.0258 0.8497
vn 0.6661 0.1315 0.7341
vn 0.7746 0.2348 0.5873
vn 0.8470 0.3312 0.4158
vn 0.8803 0.4162 0.2276
vn 0.8733 0.4862 0.0312
vn 0.8265 0.5384 -0.1647
vn 0.7422 0.5705 -0.3517
vn 0.6242 0.5813 -0.5220
vn 0.4776 0.5704 -0.6682
vn 0.3085 0.5383 -0.7843
vn 0.1239 0.4862 -0.8650
vn -0.0681 0.4161 -0.9068
vn -0.2592 0.3311 -0.9073
vn -0.4408 0.2347 -0.8664
vn -0.6046 0.1314 -0.7857
vn -0.7431 0.0257 -0.6687
vn -0.8500 -0.0774 -0.5211
vn -0.9207 -0.1734 -0.3495
vn -0.9525 -0.2579 -0.1620
vn -0.9443 -0.3275 0.0332
vn -0.8969 -0.3792 0.2275
vn -0.8128 -0.4110 0.4129
vn -0.6198 -0.4360 0.6526
vn -0.7519 -0.4360 0.4945
vn -0.4626 -0.4140 0.7840
vn -0.2868 -0.3708 0.8833
vn -0.0996 -0.3081 0.9461
vn 0.0910 -0.2285 0.9693
vn 0.2767 -0.1351 0.9514
vn 0.4491 -0.0323 0.8929
vn 0.6005 0.0757 0.7960
vn 0.7237 0.1837 0.6652
vn 0.8133 0.2869 0.5062
vn 0.8652 0.3807 0.3263
vn 0.8773 0.4609 0.1339
vn 0.8494 0.5241 -0.0627
vn 0.7829 0.5676 -0.2547
vn 0.6809 0.5899 -0.4341
vn 0.5478 0.5899 -0.5932
vn 0.3893 0.5676 -0.7254
vn 0.2121 0.5241 -0.8248
vn 0.0235 0.4609 -0.8872
vn -0.1680 0.3807 -0.9093
vn -0.3542 0.2869 -0.8901
vn -0.5265 0.1837 -0.8301
vn -0.6772 0.0757 -0.7319
vn -0.7993 -0.0322 -0.6001
vn -0.8874 -0.1351 -0.4408
vn -0.9379 -0.2285 -0.2611
vn -0.9488 -0.3081 -0.0695
vn -0.9201 -0.3708 0.1259
vn -0.8535 -0.4140 0.3165
vn -0.7672 0.0000 0.6415
# 632 vertex normals

vt 11.8110 11.7463 0.0000
vt 22.6009 6.9423 0.0000
vt 23.3639 9.2907 0.0000
vt 23.6220 11.7463 0.0000
vt 19.7141 2.9690 0.0000
vt 21.3663 4.8040 0.0000
vt 15.4608 0.5134 0.0000
vt 17.7165 1.5177 0.0000
vt 10.5764 0.0000 0.0000
vt 13.0456 0.0000 0.0000
vt 5.9055 1.5177 0.0000
vt 8.1612 0.5134 0.0000
vt 2.2557 4.8040 0.0000
vt 3.9079 2.9690 0.0000
vt 0.2581 9.2907 0.0000
vt 1.0211 6.9423 0.0000
vt 0.2581 14.2020 0.0000
vt 0.0000 11.7463 0.0000
vt 2.2557 18.6887 0.0000
vt 1.0211 16.5503 0.0000
vt 5.9055 21.9750 0.0000
vt 3.9079 20.5236 0.0000
vt 10.5764 23.4926 0.0000
vt 8.1612 22.9793 0.0000
vt 15.4608 22.9793 0.0000
vt 13.0456 23.4926 0.0000
vt 19.7141 20.5236 0.0000
vt 17.7165 21.9750 0.0000
vt 22.6009 16.5503 0.0000
vt 21.3663 18.6887 0.0000
vt 23.3639 14.2020 0.0000
vt 55.6581 0.0000 1.0000
vt 58.1318 0.0000 1.0000
vt 58.1318 4.7244 0.9500
vt 55.6581 4.7244 0.9500
vt 60.6055 0.0000 1.0000
vt 60.6055 4.7244 0.9500
vt 63.0792 0.0000 1.0000
vt 63.0792 4.7244 0.9500
vt 65.5529 0.0000 1.0000
vt 65.5529 4.7244 0.9500
vt 68.0266 0.0000 1.0000
vt 68.0266 4.7244 0.9500
vt 70.5003 0.0000 1.0000
vt 70.5003 4.7244 0.9500
vt 72.9740 0.0000 1.0000
vt 72.9740 4.7244 0.9500
vt -1.2368 0.0000 1.0000
vt 1.2368 0.0000 1.0000
vt 1.2368 4.7244 0.9500
vt -1.2368 4.7244 0.9500
vt 3.7105 0.0000 1.0000
vt 3.7105 4.7244 0.9500
vt 6.1842 0.0000 1.0000
vt 6.1842 4.7244 0.9500
vt 8.6579 0.0000 1.0000
vt 8.6579 4.7244 0.9500
vt 11.1316 0.0000 1.0000
vt 11.1316 4.7244 0.9500
vt 13.6053 0.0000 1.0000
vt 13.6053 4.7244 0.9500
vt 16.0790 0.0000 1.0000
vt 16.0790 4.7244 0.9500
vt 18.5527 0.0000 1.0000
vt 18.5527 4.7244 0.9500
vt 21.0264 0.0000 1.0000
vt 21.0264 4.7244 0.9500
vt 23.5001 0.0000 1.0000
vt 23.5001 4.7244 0.9500
vt 25.9738 0.0000 1.0000
vt 25.9738 4.7244 0.9500
vt 28.4475 0.0000 1.0000
vt 28.4475 4.7244 0.9500
vt 30.9212 0.0000 1.0000
vt 30.9212 4.7244 0.9500
vt 33.3949 0.0000 1.0000
vt 33.3949 4.7244 0.9500
vt 35.8686 0.0000 1.0000
vt 35.8686 4.7244 0.9500
vt 38.3423 0.0000 1.0000
vt 38.3423 4.7244 0.9500
vt 40.8160 0.0000 1.0000
vt 40.8160 4.7244 0.9500
vt 43.2896 0.0000 1.0000
vt 43.2896 4.7244 0.9500
vt 45.7633 0.0000 1.0000
vt 45.7633 4.7244 0.9500
vt 48.2370 0.0000 1.0000
vt 48.2370 4.7244 0.9500
vt 50.7107 0.0000 1.0000
vt 50.7107 4.7244 0.9500
vt 53.1844 0.0000 1.0000
vt 53.1844 4.7244 0.9500
vt 58.1318 9.4488 0.9000
vt 55.6581 9.4488 0.9000
vt 60.6055 9.4488 0.9000
vt 63.0792 9.4488 0.9000
vt 65.5529 9.4488 0.9000
vt 68.0266 9.4488 0.9000
vt 70.5003 9.4488 0.9000
vt 72.9740 9.4488 0.9000
vt 1.2368 9.4488 0.9000
vt -1.2368 9.4488 0.9000
vt 3.7105 9.4488 0.9000
vt 6.1842 9.4488 0.9000
vt 8.6579 9.4488 0.9000
vt 11.1316 9.4488 0.9000
vt 13.6053 9.4488 0.9000
vt 16.0790 9.4488 0.9000
vt 18.5527 9.4488 0.9000
vt 21.0264 9.4488 0.9000
vt 23.5001 9.4488 0.9000
vt 25.9738 9.4488 0.9000
vt 28.4475 9.4488 0.9000
vt 30.9212 9.4488 0.9000
vt 33.3949 9.4488 0.9000
vt 35.8686 9.4488 0.9000
vt 38.3423 9.4488 0.9000
vt 40.8160 9.4488 0.9000
vt 43.2896 9.4488 0.9000
vt 45.7633 9.4488 0.9000
vt 48.2370 9.4488 0.9000
vt 50.7107 9.4488 0.9000
vt 53.1844 9.4488 0.9000
vt 58.1318 14.1732 0.8500
vt 55.6581 14.1732 0.8500
vt 60.6055 14.1732 0.8500
vt 63.0792 14.1732 0.8500
vt 65.5529 14.1732 0.8500
vt 68.0266 14.1732 0.8500
vt 70.5003 14.1732 0.8500
vt 72.9740 14.1732 0.8500
vt 1.2368 14.1732 0.8500
vt -1.2368 14.1732 0.8500
vt 3.7105 14.1732 0.8500
vt 6.1842 14.1732 0.8500
vt 8.6579 14.1732 0.8500
vt 11.1316 14.1732 0.8500
vt 13.6053 14.1732 0.8500
vt 16.0790 14.1732 0.8500
vt 18.5527 14.1732 0.8500
vt 21.0264 14.1732 0.8500
vt 23.5001 14.1732 0.8500
vt 25.9738 14.1732 0.8500
vt 28.4475 14.1732 0.8500
vt 30.9212 14.1732 0.8500
vt 33.3949 14.1732 0.8500
vt 35.8686 14.1732 0.8500
vt 38.3423 14.1732 0.8500
vt 40.8160 14.1732 0.8500
vt 43.2896 14.1732 0.8500
vt 45.7633 14.1732 0.8500
vt 48.2370 14.1732 0.8500
vt 50.7107 14.1732 0.8500
vt 53.1844 14.1732 0.8500
vt 58.1318 18.8976 0.8000
vt 55.6581 18.8976 0.8000
vt 60.6055 18.8976 0.8000
vt 63.0792 18.8976 0.8000
vt 65.5529 18.8976 0.8000
vt 68.0266 18.8976 0.8000
vt 70.5003 18.8976 0.8000
vt 72.9740 18.8976 0.8000
vt 1.2368 18.8976 0.8000
vt -1.2368 18.8976 0.8000
vt 3.7105 18.8976 0.8000
vt 6.1842 18.8976 0.8000
vt 8.6579 18.8976 0.8000
vt 11.1316 18.8976 0.8000
vt 13.6053 18.8976 0.8000
vt 16.0790 18.8976 0.8000
vt 18.5527 18.8976 0.8000
vt 21.0264 18.8976 0.8000
vt 23.5001 18.8976 0.8000
vt 25.9738 18.8976 0.8000
vt 28.4475 18.8976 0.8000
vt 30.9212 18.8976 0.8000
vt 33.3949 18.8976 0.8000
vt 35.8686 18.8976 0.8000
vt 38.3423 18.8976 0.8000
vt 40.8160 18.8976 0.8000
vt 43.2896 18.8976 0.8000
vt 45.7633 18.8976 0.8000
vt 48.2370 18.8976 0.8000
vt 50.7107 18.8976 0.8000
vt 53.1844 18.8976 0.8000
vt 58.1318 23.6220 0.7500
vt 55.6581 23.6220 0.7500
vt 60.6055 23.6220 0.7500
vt 63.0792 23.6220 0.7500
vt 65.5529 23.6220 0.7500
vt 68.0266 23.6220 0.7500
vt 70.5003 23.6220 0.7500
vt 72.9740 23.6220 0.7500
vt 1.2368 23.6220 0.7500
vt -1.2368 23.6220 0.7500
vt 3.7105 23.6220 0.7500
vt 6.1842 23.6220 0.7500
vt 8.6579 23.6220 0.7500
vt 11.1316 23.6220 0.7500
vt 13.6053 23.6220 0.7500
vt 16.0790 23.6220 0.7500
vt 18.5527 23.6220 0.7500
vt 21.0264 23.6220 0.7500
vt 23.5001 23.6220 0.7500
vt 25.9738 23.6220 0.7500
vt 28.4475 23.6220 0.7500
vt 30.9212 23.6220 0.7500
vt 33.3949 23.6220 0.7500
vt 35.8686 23.6220 0.7500
vt 38.3423 23.6220 0.7500
vt 40.8160 23.6220 0.7500
vt 43.2896 23.6220 0.7500
vt 45.7633 23.6220 0.7500
vt 48.2370 23.6220 0.7500
vt 50.7107 23.6220 0.7500
vt 53.1844 23.6220 0.7500
vt 58.1318 28.3465 0.7000
vt 55.6581 28.3465 0.7000
vt 60.6055 28.3465 0.7000
vt 63.0792 28.3465 0.7000
vt 65.5529 28.3465 0.7000
vt 68.0266 28.3465 0.7000
vt 70.5003 28.3465 0.7000
vt 72.9740 28.3465 0.7000
vt 1.2368 28.3465 0.7000
vt -1.2368 28.3465 0.7000
vt 3.7105 28.3465 0.7000
vt 6.1842 28.3465 0.7000
vt 8.6579 28.3465 0.7000
vt 11.1316 28.3465 0.7000
vt 13.6053 28.3465 0.7000
vt 16.0790 28.3465 0.7000
vt 18.5527 28.3465 0.7000
vt 21.0264 28.3465 0.7000
vt 23.5001 28.3465 0.7000
vt 25.9738 28.3465 0.7000
vt 28.4475 28.3465 0.7000
vt 30.9212 28.3465 0.7000
vt 33.3949 28.3465 0.7000
vt 35.8686 28.3465 0.7000
vt 38.3423 28.3465 0.7000
vt 40.8160 28.3465 0.7000
vt 43.2896 28.3465 0.7000
vt 45.7633 28.3465 0.7000
vt 48.2370 28.3465 0.7000
vt 50.7107 28.3465 0.7000
vt 53.1844 28.3465 0.7000
vt 58.1318 33.0709 0.6500
vt 55.6581 33.0709 0.6500
vt 60.6055 33.0709 0.6500
vt 63.0792 33.0709 0.6500
vt 65.5529 33.0709 0.6500
vt 68.0266 33.0709 0.6500
vt 70.5003 33.0709 0.6500
vt 72.9740 33.0709 0.6500
vt 1.2368 33.0709 0.6500
vt -1.2368 33.0709 0.6500
vt 3.7105 33.0709 0.6500
vt 6.1842 33.0709 0.6500
vt 8.6579 33.0709 0.6500
vt 11.1316 33.0709 0.6500
vt 13.6053 33.0709 0.6500
vt 16.0790 33.0709 0.6500
vt 18.5527 33.0709 0.6500
vt 21.0264 33.0709 0.6500
vt 23.5001 33.0709 0.6500
vt 25.9738 33.0709 0.6500
vt 28.4475 33.0709 0.6500
vt 30.9212 33.0709 0.6500
vt 33.3949 33.0709 0.6500
vt 35.8686 33.0709 0.6500
vt 38.3423 33.0709 0.6500
vt 40.8160 33.0709 0.6500
vt 43.2896 33.0709 0.6500
vt 45.7633 33.0709 0.6500
vt 48.2370 33.0709 0.6500
vt 50.7107 33.0709 0.6500
vt 53.1844 33.0709 0.6500
vt 58.1318 37.7953 0.6000
vt 55.6581 37.7953 0.6000
vt 60.6055 37.7953 0.6000
vt 63.0792 37.7953 0.6000
vt 65.5529 37.7953 0.6000
vt 68.0266 37.7953 0.6000
vt 70.5003 37.7953 0.6000
vt 72.9740 37.7953 0.6000
vt 1.2368 37.7953 0.6000
vt -1.2368 37.7953 0.6000
vt 3.7105 37.7953 0.6000
vt 6.1842 37.7953 0.6000
vt 8.6579 37.7953 0.6000
vt 11.1316 37.7953 0.6000
vt 13.6053 37.7953 0.6000
vt 16.0790 37.7953 0.6000
vt 18.5527 37.7953 0.6000
vt 21.0264 37.7953 0.6000
vt 23.5001 37.7953 0.6000
vt 25.9738 37.7953 0.6000
vt 28.4475 37.7953 0.6000
vt 30.9212 37.7953 0.6000
vt 33.3949 37.7953 0.6000
vt 35.8686 37.7953 0.6000
vt 38.3423 37.7953 0.6000
vt 40.8160 37.7953 0.6000
vt 43.2896 37.7953 0.6000
vt 45.7633 37.7953 0.6000
vt 48.2370 37.7953 0.6000
vt 50.7107 37.7953 0.6000
vt 53.1844 37.7953 0.6000
vt 58.1318 42.5197 0.5500
vt 55.6581 42.5197 0.5500
vt 60.6055 42.5197 0.5500
vt 63.0792 42.5197 0.5500
vt 65.5529 42.5197 0.5500
vt 68.0266 42.5197 0.5500
vt 70.5003 42.5197 0.5500
vt 72.9740 42.5197 0.5500
vt 1.2368 42.5197 0.5500
vt -1.2368 42.5197 0.5500
vt 3.7105 42.5197 0.5500
vt 6.1842 42.5197 0.5500
vt 8.6579 42.5197 0.5500
vt 11.1316 42.5197 0.5500
vt 13.6053 42.5197 0.5500
vt 16.0790 42.5197 0.5500
vt 18.5527 42.5197 0.5500
vt 21.0264 42.5197 0.5500
vt 23.5001 42.5197 0.5500
vt 25.9738 42.5197 0.5500
vt 28.4475 42.5197 0.5500
vt 30.9212 42.5197 0.5500
vt 33.3949 42.5197 0.5500
vt 35.8686 42.5197 0.5500
vt 38.3423 42.5197 0.5500
vt 40.8160 42.5197 0.5500
vt 43.2896 42.5197 0.5500
vt 45.7633 42.5197 0.5500
vt 48.2370 42.5197 0.5500
vt 50.7107 42.5197 0.5500
vt 53.1844 42.5197 0.5500
vt 58.1318 47.2441 0.5000
vt 55.6581 47.2441 0.5000
vt 60.6055 47.2441 0.5000
vt 63.0792 47.2441 0.5000
vt 65.5529 47.2441 0.5000
vt 68.0266 47.2441 0.5000
vt 70.5003 47.2441 0.5000
vt 72.9740 47.2441 0.5000
vt 1.2368 47.2441 0.5000
vt -1.2368 47.2441 0.5000
vt 3.7105 47.2441 0.5000
vt 6.1842 47.2441 0.5000
vt 8.6579 47.2441 0.5000
vt 11.1316 47.2441 0.5000
vt 13.6053 47.2441 0.5000
vt 16.0790 47.2441 0.5000
vt 18.5527 47.2441 0.5000
vt 21.0264 47.2441 0.5000
vt 23.5001 47.2441 0.5000
vt 25.9738 47.2441 0.5000
vt 28.4475 47.2441 0.5000
vt 30.9212 47.2441 0.5000
vt 33.3949 47.2441 0.5000
vt 35.8686 47.2441 0.5000
vt 38.3423 47.2441 0.5000
vt 40.8160 47.2441 0.5000
vt 43.2896 47.2441 0.5000
vt 45.7633 47.2441 0.5000
vt 48.2370 47.2441 0.5000
vt 50.7107 47.2441 0.5000
vt 53.1844 47.2441 0.5000
vt 58.1318 51.9685 0.4500
vt 55.6581 51.9685 0.4500
vt 60.6055 51.9685 0.4500
vt 63.0792 51.9685 0.4500
vt 65.5529 51.9685 0.4500
vt 68.0266 51.9685 0.4500
vt 70.5003 51.9685 0.4500
vt 72.9740 51.9685 0.4500
vt 1.2368 51.9685 0.4500
vt -1.2368 51.9685 0.4500
vt 3.7105 51.9685 0.4500
vt 6.1842 51.9685 0.4500
vt 8.6579 51.9685 0.4500
vt 11.1316 51.9685 0.4500
vt 13.6053 51.9685 0.4500
vt 16.0790 51.9685 0.4500
vt 18.5527 51.9685 0.4500
vt 21.0264 51.9685 0.4500
vt 23.5001 51.9685 0.4500
vt 25.9738 51.9685 0.4500
vt 28.4475 51.9685 0.4500
vt 30.9212 51.9685 0.4500
vt 33.3949 51.9685 0.4500
vt 35.8686 51.9685 0.4500
vt 38.3423 51.9685 0.4500
vt 40.8160 51.9685 0.4500
vt 43.2896 51.9685 0.4500
vt 45.7633 51.9685 0.4500
vt 48.2370 51.9685 0.4500
vt 50.7107 51.9685 0.4500
vt 53.1844 51.9685 0.4500
vt 58.1318 56.6929 0.4000
vt 55.6581 56.6929 0.4000
vt 60.6055 56.6929 0.4000
vt 63.0792 56.6929 0.4000
vt 65.5529 56.6929 0.4000
vt 68.0266 56.6929 0.4000
vt 70.5003 56.6929 0.4000
vt 72.9740 56.6929 0.4000
vt 1.2368 56.6929 0.4000
vt -1.2368 56.6929 0.4000
vt 3.7105 56.6929 0.4000
vt 6.1842 56.6929 0.4000
vt 8.6579 56.6929 0.4000
vt 11.1316 56.6929 0.4000
vt 13.6053 56.6929 0.4000
vt 16.0790 56.6929 0.4000
vt 18.5527 56.6929 0.4000
vt 21.0264 56.6929 0.4000
vt 23.5001 56.6929 0.4000
vt 25.9738 56.6929 0.4000
vt 28.4475 56.6929 0.4000
vt 30.9212 56.6929 0.4000
vt 33.3949 56.6929 0.4000
vt 35.8686 56.6929 0.4000
vt 38.3423 56.6929 0.4000
vt 40.8160 56.6929 0.4000
vt 43.2896 56.6929 0.4000
vt 45.7633 56.6929 0.4000
vt 48.2370 56.6929 0.4000
vt 50.7107 56.6929 0.4000
vt 53.1844 56.6929 0.4000
vt 58.1318 61.4173 0.3500
vt 55.6581 61.4173 0.3500
vt 60.6055 61.4173 0.3500
vt 63.0792 61.4173 0.3500
vt 65.5529 61.4173 0.3500
vt 68.0266 61.4173 0.3500
vt 70.5003 61.4173 0.3500
vt 72.9740 61.4173 0.3500
vt 1.2368 61.4173 0.3500
vt -1.2368 61.4173 0.3500
vt 3.7105 61.4173 0.3500
vt 6.1842 61.4173 0.3500
vt 8.6579 61.4173 0.3500
vt 11.1316 61.4173 0.3500
vt 13.6053 61.4173 0.3500
vt 16.0790 61.4173 0.3500
vt 18.5527 61.4173 0.3500
vt 21.0264 61.4173 0.3500
vt 23.5001 61.4173 0.3500
vt 25.9738 61.4173 0.3500
vt 28.4475 61.4173 0.3500
vt 30.9212 61.4173 0.3500
vt 33.3949 61.4173 0.3500
vt 35.8686 61.4173 0.3500
vt 38.3423 61.4173 0.3500
vt 40.8160 61.4173 0.3500
vt 43.2896 61.4173 0.3500
vt 45.7633 61.4173 0.3500
vt 48.2370 61.4173 0.3500
vt 50.7107 61.4173 0.3500
vt 53.1844 61.4173 0.3500
vt 58.1318 66.1417 0.3000
vt 55.6581 66.1417 0.3000
vt 60.6055 66.1417 0.3000
vt 63.0792 66.1417 0.3000
vt 65.5529 66.1417 0.3000
vt 68.0266 66.1417 0.3000
vt 70.5003 66.1417 0.3000
vt 72.9740 66.1417 0.3000
vt 1.2368 66.1417 0.3000
vt -1.2368 66.1417 0.3000
vt 3.7105 66.1417 0.3000
vt 6.1842 66.1417 0.3000
vt 8.6579 66.1417 0.3000
vt 11.1316 66.1417 0.3000
vt 13.6053 66.1417 0.3000
vt 16.0790 66.1417 0.3000
vt 18.5527 66.1417 0.3000
vt 21.0264 66.1417 0.3000
vt 23.5001 66.1417 0.3000
vt 25.9738 66.1417 0.3000
vt 28.4475 66.1417 0.3000
vt 30.9212 66.1417 0.3000
vt 33.3949 66.1417 0.3000
vt 35.8686 66.1417 0.3000
vt 38.3423 66.1417 0.3000
vt 40.8160 66.1417 0.3000
vt 43.2896 66.1417 0.3000
vt 45.7633 66.1417 0.3000
vt 48.2370 66.1417 0.3000
vt 50.7107 66.1417 0.3000
vt 53.1844 66.1417 0.3000
vt 58.1318 70.8661 0.2500
vt 55.6581 70.8661 0.2500
vt 60.6055 70.8661 0.2500
vt 63.0792 70.8661 0.2500
vt 65.5529 70.8661 0.2500
vt 68.0266 70.8661 0.2500
vt 70.5003 70.8661 0.2500
vt 72.9740 70.8661 0.2500
vt 1.2368 70.8661 0.2500
vt -1.2368 70.8661 0.2500
vt 3.7105 70.8661 0.2500
vt 6.1842 70.8661 0.2500
vt 8.6579 70.8661 0.2500
vt 11.1316 70.8661 0.2500
vt 13.6053 70.8661 0.2500
vt 16.0790 70.8661 0.2500
vt 18.5527 70.8661 0.2500
vt 21.0264 70.8661 0.2500
vt 23.5001 70.8661 0.2500
vt 25.9738 70.8661 0.2500
vt 28.4475 70.8661 0.2500
vt 30.9212 70.8661 0.2500
vt 33.3949 70.8661 0.2500
vt 35.8686 70.8661 0.2500
vt 38.3423 70.8661 0.2500
vt 40.8160 70.8661 0.2500
vt 43.2896 70.8661 0.2500
vt 45.7633 70.8661 0.2500
vt 48.2370 70.8661 0.2500
vt 50.7107 70.8661 0.2500
vt 53.1844 70.8661 0.2500
vt 58.1318 75.5906 0.2000
vt 55.6581 75.5906 0.2000
vt 60.6055 75.5906 0.2000
vt 63.0792 75.5906 0.2000
vt 65.5529 75.5906 0.2000
vt 68.0266 75.5906 0.2000
vt 70.5003 75.5906 0.2000
vt 72.9740 75.5906 0.2000
vt 1.2368 75.5906 0.2000
vt -1.2368 75.5906 0.2000
vt 3.7105 75.5906 0.2000
vt 6.1842 75.5906 0.2000
vt 8.6579 75.5906 0.2000
vt 11.1316 75.5906 0.2000
vt 13.6053 75.5906 0.2000
vt 16.0790 75.5906 0.2000
vt 18.5527 75.5906 0.2000
vt 21.0264 75.5906 0.2000
vt 23.5001 75.5906 0.2000
vt 25.9738 75.5906 0.2000
vt 28.4475 75.5906 0.2000
vt 30.9212 75.5906 0.2000
vt 33.3949 75.5906 0.2000
vt 35.8686 75.5906 0.2000
vt 38.3423 75.5906 0.2000
vt 40.8160 75.5906 0.2000
vt 43.2896 75.5906 0.2000
vt 45.7633 75.5906 0.2000
vt 48.2370 75.5906 0.2000
vt 50.7107 75.5906 0.2000
vt 53.1844 75.5906 0.2000
vt 58.1318 80.3150 0.1500
vt 55.6581 80.3150 0.1500
vt 60.6055 80.3150 0.1500
vt 63.0792 80.3150 0.1500
vt 65.5529 80.3150 0.1500
vt 68.0266 80.3150 0.1500
vt 70.5003 80.3150 0.1500
vt 72.9740 80.3150 0.1500
vt 1.2368 80.3150 0.1500
vt -1.2368 80.3150 0.1500
vt 3.7105 80.3150 0.1500
vt 6.1842 80.3150 0.1500
vt 8.6579 80.3150 0.1500
vt 11.1316 80.3150 0.1500
vt 13.6053 80.3150 0.1500
vt 16.0790 80.3150 0.1500
vt 18.5527 80.3150 0.1500
vt 21.0264 80.3150 0.1500
vt 23.5001 80.3150 0.1500
vt 25.9738 80.3150 0.1500
vt 28.4475 80.3150 0.1500
vt 30.9212 80.3150 0.1500
vt 33.3949 80.3150 0.1500
vt 35.8686 80.3150 0.1500
vt 38.3423 80.3150 0.1500
vt 40.8160 80.3150 0.1500
vt 43.2896 80.3150 0.1500
vt 45.7633 80.3150 0.1500
vt 48.2370 80.3150 0.1500
vt 50.7107 80.3150 0.1500
vt 53.1844 80.3150 0.1500
vt 58.1318 85.0394 0.1000
vt 55.6581 85.0394 0.1000
vt 60.6055 85.0394 0.1000
vt 63.0792 85.0394 0.1000
vt 65.5529 85.0394 0.1000
vt 68.0266 85.0394 0.1000
vt 70.5003 85.0394 0.1000
vt 72.9740 85.0394 0.1000
vt 1.2368 85.0394 0.1000
vt -1.2368 85.0394 0.1000
vt 3.7105 85.0394 0.1000
vt 6.1842 85.0394 0.1000
vt 8.6579 85.0394 0.1000
vt 11.1316 85.0394 0.1000
vt 13.6053 85.0394 0.1000
vt 16.0790 85.0394 0.1000
vt 18.5527 85.0394 0.1000
vt 21.0264 85.0394 0.1000
vt 23.5001 85.0394 0.1000
vt 25.9738 85.0394 0.1000
vt 28.4475 85.0394 0.1000
vt 30.9212 85.0394 0.1000
vt 33.3949 85.0394 0.1000
vt 35.8686 85.0394 0.1000
vt 38.3423 85.0394 0.1000
vt 40.8160 85.0394 0.1000
vt 43.2896 85.0394 0.1000
vt 45.7633 85.0394 0.1000
vt 48.2370 85.0394 0.1000
vt 50.7107 85.0394 0.1000
vt 53.1844 85.0394 0.1000
vt 58.1318 89.7638 0.0500
vt 55.6581 89.7638 0.0500
vt 60.6055 89.7638 0.0500
vt 63.0792 89.7638 0.0500
vt 65.5529 89.7638 0.0500
vt 68.0266 89.7638 0.0500
vt 70.5003 89.7638 0.0500
vt 72.9740 89.7638 0.0500
vt 1.2368 89.7638 0.0500
vt -1.2368 89.7638 0.0500
vt 3.7105 89.7638 0.0500
vt 6.1842 89.7638 0.0500
vt 8.6579 89.7638 0.0500
vt 11.1316 89.7638 0.0500
vt 13.6053 89.7638 0.0500
vt 16.0790 89.7638 0.0500
vt 18.5527 89.7638 0.0500
vt 21.0264 89.7638 0.0500
vt 23.5001 89.7638 0.0500
vt 25.9738 89.7638 0.0500
vt 28.4475 89.7638 0.0500
vt 30.9212 89.7638 0.0500
vt 33.3949 89.7638 0.0500
vt 35.8686 89.7638 0.0500
vt 38.3423 89.7638 0.0500
vt 40.8160 89.7638 0.0500
vt 43.2896 89.7638 0.0500
vt 45.7633 89.7638 0.0500
vt 48.2370 89.7638 0.0500
vt 50.7107 89.7638 0.0500
vt 53.1844 89.7638 0.0500
vt 37.1054 94.4882 0.0000
vt 0.0000 0.0000 0.0000
# 653 texture coords

g Cone075
usemtl wire_255255255
s 1
f 847/1054/757 848/1055/757 849/1056/757 850/1057/757 
f 847/1054/757 851/1058/757 852/1059/757 848/1055/757 
f 847/1054/757 853/1060/757 854/1061/757 851/1058/757 
f 847/1054/757 855/1062/757 856/1063/757 853/1060/757 
f 847/1054/757 857/1064/757 858/1065/757 855/1062/757 
f 847/1054/757 859/1066/757 860/1067/757 857/1064/757 
f 847/1054/757 861/1068/757 862/1069/757 859/1066/757 
f 847/1054/757 863/1070/757 864/1071/757 861/1068/757 
f 847/1054/757 865/1072/757 866/1073/757 863/1070/757 
f 847/1054/757 867/1074/757 868/1075/757 865/1072/757 
f 847/1054/757 869/1076/757 870/1077/757 867/1074/757 
f 847/1054/757 871/1078/757 872/1079/757 869/1076/757 
f 847/1054/757 873/1080/757 874/1081/757 871/1078/757 
f 847/1054/757 875/1082/757 876/1083/757 873/1080/757 
f 847/1054/757 850/1057/757 877/1084/757 875/1082/757 
s 8
f 850/1085/758 849/1086/759 878/1087/760 879/1088/761 
f 849/1086/759 848/1089/762 880/1090/763 878/1087/760 
f 848/1089/762 852/1091/764 881/1092/765 880/1090/763 
f 852/1091/764 851/1093/766 882/1094/767 881/1092/765 
f 851/1093/766 854/1095/768 883/1096/769 882/1094/767 
f 854/1095/768 853/1097/770 884/1098/771 883/1096/769 
f 853/1097/770 856/1099/772 885/1100/773 884/1098/771 
f 856/1101/772 855/1102/774 886/1103/775 885/1104/773 
f 855/1102/774 858/1105/776 887/1106/777 886/1103/775 
f 858/1105/776 857/1107/778 888/1108/779 887/1106/777 
f 857/1107/778 860/1109/780 889/1110/781 888/1108/779 
f 860/1109/780 859/1111/782 890/1112/783 889/1110/781 
f 859/1111/782 862/1113/784 891/1114/785 890/1112/783 
f 862/1113/784 861/1115/786 892/1116/787 891/1114/785 
f 861/1115/786 864/1117/788 893/1118/789 892/1116/787 
f 864/1117/788 863/1119/790 894/1120/791 893/1118/789 
f 863/1119/790 866/1121/792 895/1122/793 894/1120/791 
f 866/1121/792 865/1123/794 896/1124/795 895/1122/793 
f 865/1123/794 868/1125/796 897/1126/797 896/1124/795 
f 868/1125/796 867/1127/798 898/1128/799 897/1126/797 
f 867/1127/798 870/1129/800 899/1130/801 898/1128/799 
f 870/1129/800 869/1131/802 900/1132/803 899/1130/801 
f 869/1131/802 872/1133/804 901/1134/805 900/1132/803 
f 872/1133/804 871/1135/806 902/1136/807 901/1134/805 
f 871/1135/806 874/1137/808 903/1138/809 902/1136/807 
f 874/1137/808 873/1139/810 904/1140/811 903/1138/809 
f 873/1139/810 876/1141/812 905/1142/813 904/1140/811 
f 876/1141/812 875/1143/814 906/1144/815 905/1142/813 
f 875/1143/814 877/1145/816 907/1146/817 906/1144/815 
f 877/1145/816 850/1085/758 879/1088/761 907/1146/817 
f 879/1088/761 878/1087/760 908/1147/818 909/1148/819 
f 878/1087/760 880/1090/763 910/1149/820 908/1147/818 
f 880/1090/763 881/1092/765 911/1150/821 910/1149/820 
f 881/1092/765 882/1094/767 912/1151/822 911/1150/821 
f 882/1094/767 883/1096/769 913/1152/823 912/1151/822 
f 883/1096/769 884/1098/771 914/1153/824 913/1152/823 
f 884/1098/771 885/1100/773 915/1154/825 914/1153/824 
f 885/1104/773 886/1103/775 916/1155/826 915/1156/825 
f 886/1103/775 887/1106/777 917/1157/827 916/1155/826 
f 887/1106/777 888/1108/779 918/1158/828 917/1157/827 
f 888/1108/779 889/1110/781 919/1159/829 918/1158/828 
f 889/1110/781 890/1112/783 920/1160/830 919/1159/829 
f 890/1112/783 891/1114/785 921/1161/831 920/1160/830 
f 891/1114/785 892/1116/787 922/1162/832 921/1161/831 
f 892/1116/787 893/1118/789 923/1163/833 922/1162/832 
f 893/1118/789 894/1120/791 924/1164/834 923/1163/833 
f 894/1120/791 895/1122/793 925/1165/835 924/1164/834 
f 895/1122/793 896/1124/795 926/1166/836 925/1165/835 
f 896/1124/795 897/1126/797 927/1167/837 926/1166/836 
f 897/1126/797 898/1128/799 928/1168/838 927/1167/837 
f 898/1128/799 899/1130/801 929/1169/839 928/1168/838 
f 899/1130/801 900/1132/803 930/1170/840 929/1169/839 
f 900/1132/803 901/1134/805 931/1171/841 930/1170/840 
f 901/1134/805 902/1136/807 932/1172/842 931/1171/841 
f 902/1136/807 903/1138/809 933/1173/843 932/1172/842 
f 903/1138/809 904/1140/811 934/1174/844 933/1173/843 
f 904/1140/811 905/1142/813 935/1175/845 934/1174/844 
f 905/1142/813 906/1144/815 936/1176/846 935/1175/845 
f 906/1144/815 907/1146/817 937/1177/847 936/1176/846 
f 907/1146/817 879/1088/761 909/1148/819 937/1177/847 
f 909/1148/819 908/1147/818 938/1178/848 939/1179/849 
f 908/1147/818 910/1149/820 940/1180/850 938/1178/848 
f 910/1149/820 911/1150/821 941/1181/851 940/1180/850 
f 911/1150/821 912/1151/822 942/1182/852 941/1181/851 
f 912/1151/822 913/1152/823 943/1183/853 942/1182/852 
f 913/1152/823 914/1153/824 944/1184/854 943/1183/853 
f 914/1153/824 915/1154/825 945/1185/855 944/1184/854 
f 915/1156/825 916/1155/826 946/1186/856 945/1187/855 
f 916/1155/826 917/1157/827 947/1188/857 946/1186/856 
f 917/1157/827 918/1158/828 948/1189/858 947/1188/857 
f 918/1158/828 919/1159/829 949/1190/859 948/1189/858 
f 919/1159/829 920/1160/830 950/1191/860 949/1190/859 
f 920/1160/830 921/1161/831 951/1192/861 950/1191/860 
f 921/1161/831 922/1162/832 952/1193/862 951/1192/861 
f 922/1162/832 923/1163/833 953/1194/863 952/1193/862 
f 923/1163/833 924/1164/834 954/1195/864 953/1194/863 
f 924/1164/834 925/1165/835 955/1196/865 954/1195/864 
f 925/1165/835 926/1166/836 956/1197/866 955/1196/865 
f 926/1166/836 927/1167/837 957/1198/867 956/1197/866 
f 927/1167/837 928/1168/838 958/1199/868 957/1198/867 
f 928/1168/838 929/1169/839 959/1200/869 958/1199/868 
f 929/1169/839 930/1170/840 960/1201/870 959/1200/869 
f 930/1170/840 931/1171/841 961/1202/871 960/1201/870 
f 931/1171/841 932/1172/842 962/1203/872 961/1202/871 
f 932/1172/842 933/1173/843 963/1204/873 962/1203/872 
f 933/1173/843 934/1174/844 964/1205/874 963/1204/873 
f 934/1174/844 935/1175/845 965/1206/875 964/1205/874 
f 935/1175/845 936/1176/846 966/1207/876 965/1206/875 
f 936/1176/846 937/1177/847 967/1208/877 966/1207/876 
f 937/1177/847 909/1148/819 939/1179/849 967/1208/877 
f 939/1179/849 938/1178/848 968/1209/878 969/1210/879 
f 938/1178/848 940/1180/850 970/1211/880 968/1209/878 
f 940/1180/850 941/1181/851 971/1212/881 970/1211/880 
f 941/1181/851 942/1182/852 972/1213/882 971/1212/881 
f 942/1182/852 943/1183/853 973/1214/883 972/1213/882 
f 943/1183/853 944/1184/854 974/1215/884 973/1214/883 
f 944/1184/854 945/1185/855 975/1216/885 974/1215/884 
f 945/1187/855 946/1186/856 976/1217/886 975/1218/885 
f 946/1186/856 947/1188/857 977/1219/887 976/1217/886 
f 947/1188/857 948/1189/858 978/1220/888 977/1219/887 
f 948/1189/858 949/1190/859 979/1221/889 978/1220/888 
f 949/1190/859 950/1191/860 980/1222/890 979/1221/889 
f 950/1191/860 951/1192/861 981/1223/891 980/1222/890 
f 951/1192/861 952/1193/862 982/1224/892 981/1223/891 
f 952/1193/862 953/1194/863 983/1225/893 982/1224/892 
f 953/1194/863 954/1195/864 984/1226/894 983/1225/893 
f 954/1195/864 955/1196/865 985/1227/895 984/1226/894 
f 955/1196/865 956/1197/866 986/1228/896 985/1227/895 
f 956/1197/866 957/1198/867 987/1229/897 986/1228/896 
f 957/1198/867 958/1199/868 988/1230/898 987/1229/897 
f 958/1199/868 959/1200/869 989/1231/899 988/1230/898 
f 959/1200/869 960/1201/870 990/1232/900 989/1231/899 
f 960/1201/870 961/1202/871 991/1233/901 990/1232/900 
f 961/1202/871 962/1203/872 992/1234/902 991/1233/901 
f 962/1203/872 963/1204/873 993/1235/903 992/1234/902 
f 963/1204/873 964/1205/874 994/1236/904 993/1235/903 
f 964/1205/874 965/1206/875 995/1237/905 994/1236/904 
f 965/1206/875 966/1207/876 996/1238/906 995/1237/905 
f 966/1207/876 967/1208/877 997/1239/907 996/1238/906 
f 967/1208/877 939/1179/849 969/1210/879 997/1239/907 
f 969/1210/879 968/1209/878 998/1240/908 999/1241/909 
f 968/1209/878 970/1211/880 1000/1242/910 998/1240/908 
f 970/1211/880 971/1212/881 1001/1243/911 1000/1242/910 
f 971/1212/881 972/1213/882 1002/1244/912 1001/1243/911 
f 972/1213/882 973/1214/883 1003/1245/913 1002/1244/912 
f 973/1214/883 974/1215/884 1004/1246/914 1003/1245/913 
f 974/1215/884 975/1216/885 1005/1247/915 1004/1246/914 
f 975/1218/885 976/1217/886 1006/1248/916 1005/1249/915 
f 976/1217/886 977/1219/887 1007/1250/917 1006/1248/916 
f 977/1219/887 978/1220/888 1008/1251/918 1007/1250/917 
f 978/1220/888 979/1221/889 1009/1252/919 1008/1251/918 
f 979/1221/889 980/1222/890 1010/1253/920 1009/1252/919 
f 980/1222/890 981/1223/891 1011/1254/921 1010/1253/920 
f 981/1223/891 982/1224/892 1012/1255/922 1011/1254/921 
f 982/1224/892 983/1225/893 1013/1256/923 1012/1255/922 
f 983/1225/893 984/1226/894 1014/1257/924 1013/1256/923 
f 984/1226/894 985/1227/895 1015/1258/925 1014/1257/924 
f 985/1227/895 986/1228/896 1016/1259/926 1015/1258/925 
f 986/1228/896 987/1229/897 1017/1260/927 1016/1259/926 
f 987/1229/897 988/1230/898 1018/1261/928 1017/1260/927 
f 988/1230/898 989/1231/899 1019/1262/929 1018/1261/928 
f 989/1231/899 990/1232/900 1020/1263/930 1019/1262/929 
f 990/1232/900 991/1233/901 1021/1264/931 1020/1263/930 
f 991/1233/901 992/1234/902 1022/1265/932 1021/1264/931 
f 992/1234/902 993/1235/903 1023/1266/933 1022/1265/932 
f 993/1235/903 994/1236/904 1024/1267/934 1023/1266/933 
f 994/1236/904 995/1237/905 1025/1268/935 1024/1267/934 
f 995/1237/905 996/1238/906 1026/1269/936 1025/1268/935 
f 996/1238/906 997/1239/907 1027/1270/937 1026/1269/936 
f 997/1239/907 969/1210/879 999/1241/909 1027/1270/937 
f 999/1241/909 998/1240/908 1028/1271/938 1029/1272/939 
f 998/1240/908 1000/1242/910 1030/1273/940 1028/1271/938 
f 1000/1242/910 1001/1243/911 1031/1274/941 1030/1273/940 
f 1001/1243/911 1002/1244/912 1032/1275/942 1031/1274/941 
f 1002/1244/912 1003/1245/913 1033/1276/943 1032/1275/942 
f 1003/1245/913 1004/1246/914 1034/1277/944 1033/1276/943 
f 1004/1246/914 1005/1247/915 1035/1278/945 1034/1277/944 
f 1005/1249/915 1006/1248/916 1036/1279/946 1035/1280/945 
f 1006/1248/916 1007/1250/917 1037/1281/947 1036/1279/946 
f 1007/1250/917 1008/1251/918 1038/1282/948 1037/1281/947 
f 1008/1251/918 1009/1252/919 1039/1283/949 1038/1282/948 
f 1009/1252/919 1010/1253/920 1040/1284/950 1039/1283/949 
f 1010/1253/920 1011/1254/921 1041/1285/951 1040/1284/950 
f 1011/1254/921 1012/1255/922 1042/1286/952 1041/1285/951 
f 1012/1255/922 1013/1256/923 1043/1287/953 1042/1286/952 
f 1013/1256/923 1014/1257/924 1044/1288/954 1043/1287/953 
f 1014/1257/924 1015/1258/925 1045/1289/955 1044/1288/954 
f 1015/1258/925 1016/1259/926 1046/1290/956 1045/1289/955 
f 1016/1259/926 1017/1260/927 1047/1291/957 1046/1290/956 
f 1017/1260/927 1018/1261/928 1048/1292/958 1047/1291/957 
f 1018/1261/928 1019/1262/929 1049/1293/959 1048/1292/958 
f 1019/1262/929 1020/1263/930 1050/1294/960 1049/1293/959 
f 1020/1263/930 1021/1264/931 1051/1295/961 1050/1294/960 
f 1021/1264/931 1022/1265/932 1052/1296/962 1051/1295/961 
f 1022/1265/932 1023/1266/933 1053/1297/963 1052/1296/962 
f 1023/1266/933 1024/1267/934 1054/1298/964 1053/1297/963 
f 1024/1267/934 1025/1268/935 1055/1299/965 1054/1298/964 
f 1025/1268/935 1026/1269/936 1056/1300/966 1055/1299/965 
f 1026/1269/936 1027/1270/937 1057/1301/967 1056/1300/966 
f 1027/1270/937 999/1241/909 1029/1272/939 1057/1301/967 
f 1029/1272/939 1028/1271/938 1058/1302/968 1059/1303/969 
f 1028/1271/938 1030/1273/940 1060/1304/970 1058/1302/968 
f 1030/1273/940 1031/1274/941 1061/1305/971 1060/1304/970 
f 1031/1274/941 1032/1275/942 1062/1306/972 1061/1305/971 
f 1032/1275/942 1033/1276/943 1063/1307/973 1062/1306/972 
f 1033/1276/943 1034/1277/944 1064/1308/974 1063/1307/973 
f 1034/1277/944 1035/1278/945 1065/1309/975 1064/1308/974 
f 1035/1280/945 1036/1279/946 1066/1310/976 1065/1311/975 
f 1036/1279/946 1037/1281/947 1067/1312/977 1066/1310/976 
f 1037/1281/947 1038/1282/948 1068/1313/978 1067/1312/977 
f 1038/1282/948 1039/1283/949 1069/1314/979 1068/1313/978 
f 1039/1283/949 1040/1284/950 1070/1315/980 1069/1314/979 
f 1040/1284/950 1041/1285/951 1071/1316/981 1070/1315/980 
f 1041/1285/951 1042/1286/952 1072/1317/982 1071/1316/981 
f 1042/1286/952 1043/1287/953 1073/1318/983 1072/1317/982 
f 1043/1287/953 1044/1288/954 1074/1319/984 1073/1318/983 
f 1044/1288/954 1045/1289/955 1075/1320/985 1074/1319/984 
f 1045/1289/955 1046/1290/956 1076/1321/986 1075/1320/985 
f 1046/1290/956 1047/1291/957 1077/1322/987 1076/1321/986 
f 1047/1291/957 1048/1292/958 1078/1323/988 1077/1322/987 
f 1048/1292/958 1049/1293/959 1079/1324/989 1078/1323/988 
f 1049/1293/959 1050/1294/960 1080/1325/990 1079/1324/989 
f 1050/1294/960 1051/1295/961 1081/1326/991 1080/1325/990 
f 1051/1295/961 1052/1296/962 1082/1327/992 1081/1326/991 
f 1052/1296/962 1053/1297/963 1083/1328/993 1082/1327/992 
f 1053/1297/963 1054/1298/964 1084/1329/994 1083/1328/993 
f 1054/1298/964 1055/1299/965 1085/1330/995 1084/1329/994 
f 1055/1299/965 1056/1300/966 1086/1331/996 1085/1330/995 
f 1056/1300/966 1057/1301/967 1087/1332/997 1086/1331/996 
f 1057/1301/967 1029/1272/939 1059/1303/969 1087/1332/997 
f 1059/1303/969 1058/1302/968 1088/1333/998 1089/1334/999 
f 1058/1302/968 1060/1304/970 1090/1335/1000 1088/1333/998 
f 1060/1304/970 1061/1305/971 1091/1336/1001 1090/1335/1000 
f 1061/1305/971 1062/1306/972 1092/1337/1002 1091/1336/1001 
f 1062/1306/972 1063/1307/973 1093/1338/1003 1092/1337/1002 
f 1063/1307/973 1064/1308/974 1094/1339/1004 1093/1338/1003 
f 1064/1308/974 1065/1309/975 1095/1340/1005 1094/1339/1004 
f 1065/1311/975 1066/1310/976 1096/1341/1006 1095/1342/1005 
f 1066/1310/976 1067/1312/977 1097/1343/1007 1096/1341/1006 
f 1067/1312/977 1068/1313/978 1098/1344/1008 1097/1343/1007 
f 1068/1313/978 1069/1314/979 1099/1345/1009 1098/1344/1008 
f 1069/1314/979 1070/1315/980 1100/1346/1010 1099/1345/1009 
f 1070/1315/980 1071/1316/981 1101/1347/1011 1100/1346/1010 
f 1071/1316/981 1072/1317/982 1102/1348/1012 1101/1347/1011 
f 1072/1317/982 1073/1318/983 1103/1349/1013 1102/1348/1012 
f 1073/1318/983 1074/1319/984 1104/1350/1014 1103/1349/1013 
f 1074/1319/984 1075/1320/985 1105/1351/1015 1104/1350/1014 
f 1075/1320/985 1076/1321/986 1106/1352/1016 1105/1351/1015 
f 1076/1321/986 1077/1322/987 1107/1353/1017 1106/1352/1016 
f 1077/1322/987 1078/1323/988 1108/1354/1018 1107/1353/1017 
f 1078/1323/988 1079/1324/989 1109/1355/1019 1108/1354/1018 
f 1079/1324/989 1080/1325/990 1110/1356/1020 1109/1355/1019 
f 1080/1325/990 1081/1326/991 1111/1357/1021 1110/1356/1020 
f 1081/1326/991 1082/1327/992 1112/1358/1022 1111/1357/1021 
f 1082/1327/992 1083/1328/993 1113/1359/1023 1112/1358/1022 
f 1083/1328/993 1084/1329/994 1114/1360/1024 1113/1359/1023 
f 1084/1329/994 1085/1330/995 1115/1361/1025 1114/1360/1024 
f 1085/1330/995 1086/1331/996 1116/1362/1026 1115/1361/1025 
f 1086/1331/996 1087/1332/997 1117/1363/1027 1116/1362/1026 
f 1087/1332/997 1059/1303/969 1089/1334/999 1117/1363/1027 
f 1089/1334/999 1088/1333/998 1118/1364/1028 1119/1365/1029 
f 1088/1333/998 1090/1335/1000 1120/1366/1030 1118/1364/1028 
f 1090/1335/1000 1091/1336/1001 1121/1367/1031 1120/1366/1030 
f 1091/1336/1001 1092/1337/1002 1122/1368/1032 1121/1367/1031 
f 1092/1337/1002 1093/1338/1003 1123/1369/1033 1122/1368/1032 
f 1093/1338/1003 1094/1339/1004 1124/1370/1034 1123/1369/1033 
f 1094/1339/1004 1095/1340/1005 1125/1371/1035 1124/1370/1034 
f 1095/1342/1005 1096/1341/1006 1126/1372/1036 1125/1373/1035 
f 1096/1341/1006 1097/1343/1007 1127/1374/1037 1126/1372/1036 
f 1097/1343/1007 1098/1344/1008 1128/1375/1038 1127/1374/1037 
f 1098/1344/1008 1099/1345/1009 1129/1376/1039 1128/1375/1038 
f 1099/1345/1009 1100/1346/1010 1130/1377/1040 1129/1376/1039 
f 1100/1346/1010 1101/1347/1011 1131/1378/1041 1130/1377/1040 
f 1101/1347/1011 1102/1348/1012 1132/1379/1042 1131/1378/1041 
f 1102/1348/1012 1103/1349/1013 1133/1380/1043 1132/1379/1042 
f 1103/1349/1013 1104/1350/1014 1134/1381/1044 1133/1380/1043 
f 1104/1350/1014 1105/1351/1015 1135/1382/1045 1134/1381/1044 
f 1105/1351/1015 1106/1352/1016 1136/1383/1046 1135/1382/1045 
f 1106/1352/1016 1107/1353/1017 1137/1384/1047 1136/1383/1046 
f 1107/1353/1017 1108/1354/1018 1138/1385/1048 1137/1384/1047 
f 1108/1354/1018 1109/1355/1019 1139/1386/1049 1138/1385/1048 
f 1109/1355/1019 1110/1356/1020 1140/1387/1050 1139/1386/1049 
f 1110/1356/1020 1111/1357/1021 1141/1388/1051 1140/1387/1050 
f 1111/1357/1021 1112/1358/1022 1142/1389/1052 1141/1388/1051 
f 1112/1358/1022 1113/1359/1023 1143/1390/1053 1142/1389/1052 
f 1113/1359/1023 1114/1360/1024 1144/1391/1054 1143/1390/1053 
f 1114/1360/1024 1115/1361/1025 1145/1392/1055 1144/1391/1054 
f 1115/1361/1025 1116/1362/1026 1146/1393/1056 1145/1392/1055 
f 1116/1362/1026 1117/1363/1027 1147/1394/1057 1146/1393/1056 
f 1117/1363/1027 1089/1334/999 1119/1365/1029 1147/1394/1057 
f 1119/1365/1029 1118/1364/1028 1148/1395/1058 1149/1396/1059 
f 1118/1364/1028 1120/1366/1030 1150/1397/1060 1148/1395/1058 
f 1120/1366/1030 1121/1367/1031 1151/1398/1061 1150/1397/1060 
f 1121/1367/1031 1122/1368/1032 1152/1399/1062 1151/1398/1061 
f 1122/1368/1032 1123/1369/1033 1153/1400/1063 1152/1399/1062 
f 1123/1369/1033 1124/1370/1034 1154/1401/1064 1153/1400/1063 
f 1124/1370/1034 1125/1371/1035 1155/1402/1065 1154/1401/1064 
f 1125/1373/1035 1126/1372/1036 1156/1403/1066 1155/1404/1065 
f 1126/1372/1036 1127/1374/1037 1157/1405/1067 1156/1403/1066 
f 1127/1374/1037 1128/1375/1038 1158/1406/1068 1157/1405/1067 
f 1128/1375/1038 1129/1376/1039 1159/1407/1069 1158/1406/1068 
f 1129/1376/1039 1130/1377/1040 1160/1408/1070 1159/1407/1069 
f 1130/1377/1040 1131/1378/1041 1161/1409/1071 1160/1408/1070 
f 1131/1378/1041 1132/1379/1042 1162/1410/1072 1161/1409/1071 
f 1132/1379/1042 1133/1380/1043 1163/1411/1073 1162/1410/1072 
f 1133/1380/1043 1134/1381/1044 1164/1412/1074 1163/1411/1073 
f 1134/1381/1044 1135/1382/1045 1165/1413/1075 1164/1412/1074 
f 1135/1382/1045 1136/1383/1046 1166/1414/1076 1165/1413/1075 
f 1136/1383/1046 1137/1384/1047 1167/1415/1077 1166/1414/1076 
f 1137/1384/1047 1138/1385/1048 1168/1416/1078 1167/1415/1077 
f 1138/1385/1048 1139/1386/1049 1169/1417/1079 1168/1416/1078 
f 1139/1386/1049 1140/1387/1050 1170/1418/1080 1169/1417/1079 
f 1140/1387/1050 1141/1388/1051 1171/1419/1081 1170/1418/1080 
f 1141/1388/1051 1142/1389/1052 1172/1420/1082 1171/1419/1081 
f 1142/1389/1052 1143/1390/1053 1173/1421/1083 1172/1420/1082 
f 1143/1390/1053 1144/1391/1054 1174/1422/1084 1173/1421/1083 
f 1144/1391/1054 1145/1392/1055 1175/1423/1085 1174/1422/1084 
f 1145/1392/1055 1146/1393/1056 1176/1424/1086 1175/1423/1085 
f 1146/1393/1056 1147/1394/1057 1177/1425/1087 1176/1424/1086 
f 1147/1394/1057 1119/1365/1029 1149/1396/1059 1177/1425/1087 
f 1149/1396/1059 1148/1395/1058 1178/1426/1088 1179/1427/1089 
f 1148/1395/1058 1150/1397/1060 1180/1428/1090 1178/1426/1088 
f 1150/1397/1060 1151/1398/1061 1181/1429/1091 1180/1428/1090 
f 1151/1398/1061 1152/1399/1062 1182/1430/1092 1181/1429/1091 
f 1152/1399/1062 1153/1400/1063 1183/1431/1093 1182/1430/1092 
f 1153/1400/1063 1154/1401/1064 1184/1432/1094 1183/1431/1093 
f 1154/1401/1064 1155/1402/1065 1185/1433/1095 1184/1432/1094 
f 1155/1404/1065 1156/1403/1066 1186/1434/1096 1185/1435/1095 
f 1156/1403/1066 1157/1405/1067 1187/1436/1097 1186/1434/1096 
f 1157/1405/1067 1158/1406/1068 1188/1437/1098 1187/1436/1097 
f 1158/1406/1068 1159/1407/1069 1189/1438/1099 1188/1437/1098 
f 1159/1407/1069 1160/1408/1070 1190/1439/1100 1189/1438/1099 
f 1160/1408/1070 1161/1409/1071 1191/1440/1101 1190/1439/1100 
f 1161/1409/1071 1162/1410/1072 1192/1441/1102 1191/1440/1101 
f 1162/1410/1072 1163/1411/1073 1193/1442/1103 1192/1441/1102 
f 1163/1411/1073 1164/1412/1074 1194/1443/1104 1193/1442/1103 
f 1164/1412/1074 1165/1413/1075 1195/1444/1105 1194/1443/1104 
f 1165/1413/1075 1166/1414/1076 1196/1445/1106 1195/1444/1105 
f 1166/1414/1076 1167/1415/1077 1197/1446/1107 1196/1445/1106 
f 1167/1415/1077 1168/1416/1078 1198/1447/1108 1197/1446/1107 
f 1168/1416/1078 1169/1417/1079 1199/1448/1109 1198/1447/1108 
f 1169/1417/1079 1170/1418/1080 1200/1449/1110 1199/1448/1109 
f 1170/1418/1080 1171/1419/1081 1201/1450/1111 1200/1449/1110 
f 1171/1419/1081 1172/1420/1082 1202/1451/1112 1201/1450/1111 
f 1172/1420/1082 1173/1421/1083 1203/1452/1113 1202/1451/1112 
f 1173/1421/1083 1174/1422/1084 1204/1453/1114 1203/1452/1113 
f 1174/1422/1084 1175/1423/1085 1205/1454/1115 1204/1453/1114 
f 1175/1423/1085 1176/1424/1086 1206/1455/1116 1205/1454/1115 
f 1176/1424/1086 1177/1425/1087 1207/1456/1117 1206/1455/1116 
f 1177/1425/1087 1149/1396/1059 1179/1427/1089 1207/1456/1117 
f 1179/1427/1089 1178/1426/1088 1208/1457/1118 1209/1458/1119 
f 1178/1426/1088 1180/1428/1090 1210/1459/1120 1208/1457/1118 
f 1180/1428/1090 1181/1429/1091 1211/1460/1121 1210/1459/1120 
f 1181/1429/1091 1182/1430/1092 1212/1461/1122 1211/1460/1121 
f 1182/1430/1092 1183/1431/1093 1213/1462/1123 1212/1461/1122 
f 1183/1431/1093 1184/1432/1094 1214/1463/1124 1213/1462/1123 
f 1184/1432/1094 1185/1433/1095 1215/1464/1125 1214/1463/1124 
f 1185/1435/1095 1186/1434/1096 1216/1465/1126 1215/1466/1125 
f 1186/1434/1096 1187/1436/1097 1217/1467/1127 1216/1465/1126 
f 1187/1436/1097 1188/1437/1098 1218/1468/1128 1217/1467/1127 
f 1188/1437/1098 1189/1438/1099 1219/1469/1129 1218/1468/1128 
f 1189/1438/1099 1190/1439/1100 1220/1470/1130 1219/1469/1129 
f 1190/1439/1100 1191/1440/1101 1221/1471/1131 1220/1470/1130 
f 1191/1440/1101 1192/1441/1102 1222/1472/1132 1221/1471/1131 
f 1192/1441/1102 1193/1442/1103 1223/1473/1133 1222/1472/1132 
f 1193/1442/1103 1194/1443/1104 1224/1474/1134 1223/1473/1133 
f 1194/1443/1104 1195/1444/1105 1225/1475/1135 1224/1474/1134 
f 1195/1444/1105 1196/1445/1106 1226/1476/1136 1225/1475/1135 
f 1196/1445/1106 1197/1446/1107 1227/1477/1137 1226/1476/1136 
f 1197/1446/1107 1198/1447/1108 1228/1478/1138 1227/1477/1137 
f 1198/1447/1108 1199/1448/1109 1229/1479/1139 1228/1478/1138 
f 1199/1448/1109 1200/1449/1110 1230/1480/1140 1229/1479/1139 
f 1200/1449/1110 1201/1450/1111 1231/1481/1141 1230/1480/1140 
f 1201/1450/1111 1202/1451/1112 1232/1482/1142 1231/1481/1141 
f 1202/1451/1112 1203/1452/1113 1233/1483/1143 1232/1482/1142 
f 1203/1452/1113 1204/1453/1114 1234/1484/1144 1233/1483/1143 
f 1204/1453/1114 1205/1454/1115 1235/1485/1145 1234/1484/1144 
f 1205/1454/1115 1206/1455/1116 1236/1486/1146 1235/1485/1145 
f 1206/1455/1116 1207/1456/1117 1237/1487/1147 1236/1486/1146 
f 1207/1456/1117 1179/1427/1089 1209/1458/1119 1237/1487/1147 
f 1209/1458/1119 1208/1457/1118 1238/1488/1148 1239/1489/1149 
f 1208/1457/1118 1210/1459/1120 1240/1490/1150 1238/1488/1148 
f 1210/1459/1120 1211/1460/1121 1241/1491/1151 1240/1490/1150 
f 1211/1460/1121 1212/1461/1122 1242/1492/1152 1241/1491/1151 
f 1212/1461/1122 1213/1462/1123 1243/1493/1153 1242/1492/1152 
f 1213/1462/1123 1214/1463/1124 1244/1494/1154 1243/1493/1153 
f 1214/1463/1124 1215/1464/1125 1245/1495/1155 1244/1494/1154 
f 1215/1466/1125 1216/1465/1126 1246/1496/1156 1245/1497/1155 
f 1216/1465/1126 1217/1467/1127 1247/1498/1157 1246/1496/1156 
f 1217/1467/1127 1218/1468/1128 1248/1499/1158 1247/1498/1157 
f 1218/1468/1128 1219/1469/1129 1249/1500/1159 1248/1499/1158 
f 1219/1469/1129 1220/1470/1130 1250/1501/1160 1249/1500/1159 
f 1220/1470/1130 1221/1471/1131 1251/1502/1161 1250/1501/1160 
f 1221/1471/1131 1222/1472/1132 1252/1503/1162 1251/1502/1161 
f 1222/1472/1132 1223/1473/1133 1253/1504/1163 1252/1503/1162 
f 1223/1473/1133 1224/1474/1134 1254/1505/1164 1253/1504/1163 
f 1224/1474/1134 1225/1475/1135 1255/1506/1165 1254/1505/1164 
f 1225/1475/1135 1226/1476/1136 1256/1507/1166 1255/1506/1165 
f 1226/1476/1136 1227/1477/1137 1257/1508/1167 1256/1507/1166 
f 1227/1477/1137 1228/1478/1138 1258/1509/1168 1257/1508/1167 
f 1228/1478/1138 1229/1479/1139 1259/1510/1169 1258/1509/1168 
f 1229/1479/1139 1230/1480/1140 1260/1511/1170 1259/1510/1169 
f 1230/1480/1140 1231/1481/1141 1261/1512/1171 1260/1511/1170 
f 1231/1481/1141 1232/1482/1142 1262/1513/1172 1261/1512/1171 
f 1232/1482/1142 1233/1483/1143 1263/1514/1173 1262/1513/1172 
f 1233/1483/1143 1234/1484/1144 1264/1515/1174 1263/1514/1173 
f 1234/1484/1144 1235/1485/1145 1265/1516/1175 1264/1515/1174 
f 1235/1485/1145 1236/1486/1146 1266/1517/1176 1265/1516/1175 
f 1236/1486/1146 1237/1487/1147 1267/1518/1177 1266/1517/1176 
f 1237/1487/1147 1209/1458/1119 1239/1489/1149 1267/1518/1177 
f 1239/1489/1149 1238/1488/1148 1268/1519/1178 1269/1520/1179 
f 1238/1488/1148 1240/1490/1150 1270/1521/1180 1268/1519/1178 
f 1240/1490/1150 1241/1491/1151 1271/1522/1181 1270/1521/1180 
f 1241/1491/1151 1242/1492/1152 1272/1523/1182 1271/1522/1181 
f 1242/1492/1152 1243/1493/1153 1273/1524/1183 1272/1523/1182 
f 1243/1493/1153 1244/1494/1154 1274/1525/1184 1273/1524/1183 
f 1244/1494/1154 1245/1495/1155 1275/1526/1185 1274/1525/1184 
f 1245/1497/1155 1246/1496/1156 1276/1527/1186 1275/1528/1185 
f 1246/1496/1156 1247/1498/1157 1277/1529/1187 1276/1527/1186 
f 1247/1498/1157 1248/1499/1158 1278/1530/1188 1277/1529/1187 
f 1248/1499/1158 1249/1500/1159 1279/1531/1189 1278/1530/1188 
f 1249/1500/1159 1250/1501/1160 1280/1532/1190 1279/1531/1189 
f 1250/1501/1160 1251/1502/1161 1281/1533/1191 1280/1532/1190 
f 1251/1502/1161 1252/1503/1162 1282/1534/1192 1281/1533/1191 
f 1252/1503/1162 1253/1504/1163 1283/1535/1193 1282/1534/1192 
f 1253/1504/1163 1254/1505/1164 1284/1536/1194 1283/1535/1193 
f 1254/1505/1164 1255/1506/1165 1285/1537/1195 1284/1536/1194 
f 1255/1506/1165 1256/1507/1166 1286/1538/1196 1285/1537/1195 
f 1256/1507/1166 1257/1508/1167 1287/1539/1197 1286/1538/1196 
f 1257/1508/1167 1258/1509/1168 1288/1540/1198 1287/1539/1197 
f 1258/1509/1168 1259/1510/1169 1289/1541/1199 1288/1540/1198 
f 1259/1510/1169 1260/1511/1170 1290/1542/1200 1289/1541/1199 
f 1260/1511/1170 1261/1512/1171 1291/1543/1201 1290/1542/1200 
f 1261/1512/1171 1262/1513/1172 1292/1544/1202 1291/1543/1201 
f 1262/1513/1172 1263/1514/1173 1293/1545/1203 1292/1544/1202 
f 1263/1514/1173 1264/1515/1174 1294/1546/1204 1293/1545/1203 
f 1264/1515/1174 1265/1516/1175 1295/1547/1205 1294/1546/1204 
f 1265/1516/1175 1266/1517/1176 1296/1548/1206 1295/1547/1205 
f 1266/1517/1176 1267/1518/1177 1297/1549/1207 1296/1548/1206 
f 1267/1518/1177 1239/1489/1149 1269/1520/1179 1297/1549/1207 
f 1269/1520/1179 1268/1519/1178 1298/1550/1208 1299/1551/1209 
f 1268/1519/1178 1270/1521/1180 1300/1552/1210 1298/1550/1208 
f 1270/1521/1180 1271/1522/1181 1301/1553/1211 1300/1552/1210 
f 1271/1522/1181 1272/1523/1182 1302/1554/1212 1301/1553/1211 
f 1272/1523/1182 1273/1524/1183 1303/1555/1213 1302/1554/1212 
f 1273/1524/1183 1274/1525/1184 1304/1556/1214 1303/1555/1213 
f 1274/1525/1184 1275/1526/1185 1305/1557/1215 1304/1556/1214 
f 1275/1528/1185 1276/1527/1186 1306/1558/1216 1305/1559/1215 
f 1276/1527/1186 1277/1529/1187 1307/1560/1217 1306/1558/1216 
f 1277/1529/1187 1278/1530/1188 1308/1561/1218 1307/1560/1217 
f 1278/1530/1188 1279/1531/1189 1309/1562/1219 1308/1561/1218 
f 1279/1531/1189 1280/1532/1190 1310/1563/1220 1309/1562/1219 
f 1280/1532/1190 1281/1533/1191 1311/1564/1221 1310/1563/1220 
f 1281/1533/1191 1282/1534/1192 1312/1565/1222 1311/1564/1221 
f 1282/1534/1192 1283/1535/1193 1313/1566/1223 1312/1565/1222 
f 1283/1535/1193 1284/1536/1194 1314/1567/1224 1313/1566/1223 
f 1284/1536/1194 1285/1537/1195 1315/1568/1225 1314/1567/1224 
f 1285/1537/1195 1286/1538/1196 1316/1569/1226 1315/1568/1225 
f 1286/1538/1196 1287/1539/1197 1317/1570/1227 1316/1569/1226 
f 1287/1539/1197 1288/1540/1198 1318/1571/1228 1317/1570/1227 
f 1288/1540/1198 1289/1541/1199 1319/1572/1229 1318/1571/1228 
f 1289/1541/1199 1290/1542/1200 1320/1573/1230 1319/1572/1229 
f 1290/1542/1200 1291/1543/1201 1321/1574/1231 1320/1573/1230 
f 1291/1543/1201 1292/1544/1202 1322/1575/1232 1321/1574/1231 
f 1292/1544/1202 1293/1545/1203 1323/1576/1233 1322/1575/1232 
f 1293/1545/1203 1294/1546/1204 1324/1577/1234 1323/1576/1233 
f 1294/1546/1204 1295/1547/1205 1325/1578/1235 1324/1577/1234 
f 1295/1547/1205 1296/1548/1206 1326/1579/1236 1325/1578/1235 
f 1296/1548/1206 1297/1549/1207 1327/1580/1237 1326/1579/1236 
f 1297/1549/1207 1269/1520/1179 1299/1551/1209 1327/1580/1237 
f 1299/1551/1209 1298/1550/1208 1328/1581/1238 1329/1582/1239 
f 1298/1550/1208 1300/1552/1210 1330/1583/1240 1328/1581/1238 
f 1300/1552/1210 1301/1553/1211 1331/1584/1241 1330/1583/1240 
f 1301/1553/1211 1302/1554/1212 1332/1585/1242 1331/1584/1241 
f 1302/1554/1212 1303/1555/1213 1333/1586/1243 1332/1585/1242 
f 1303/1555/1213 1304/1556/1214 1334/1587/1244 1333/1586/1243 
f 1304/1556/1214 1305/1557/1215 1335/1588/1245 1334/1587/1244 
f 1305/1559/1215 1306/1558/1216 1336/1589/1246 1335/1590/1245 
f 1306/1558/1216 1307/1560/1217 1337/1591/1247 1336/1589/1246 
f 1307/1560/1217 1308/1561/1218 1338/1592/1248 1337/1591/1247 
f 1308/1561/1218 1309/1562/1219 1339/1593/1249 1338/1592/1248 
f 1309/1562/1219 1310/1563/1220 1340/1594/1250 1339/1593/1249 
f 1310/1563/1220 1311/1564/1221 1341/1595/1251 1340/1594/1250 
f 1311/1564/1221 1312/1565/1222 1342/1596/1252 1341/1595/1251 
f 1312/1565/1222 1313/1566/1223 1343/1597/1253 1342/1596/1252 
f 1313/1566/1223 1314/1567/1224 1344/1598/1254 1343/1597/1253 
f 1314/1567/1224 1315/1568/1225 1345/1599/1255 1344/1598/1254 
f 1315/1568/1225 1316/1569/1226 1346/1600/1256 1345/1599/1255 
f 1316/1569/1226 1317/1570/1227 1347/1601/1257 1346/1600/1256 
f 1317/1570/1227 1318/1571/1228 1348/1602/1258 1347/1601/1257 
f 1318/1571/1228 1319/1572/1229 1349/1603/1259 1348/1602/1258 
f 1319/1572/1229 1320/1573/1230 1350/1604/1260 1349/1603/1259 
f 1320/1573/1230 1321/1574/1231 1351/1605/1261 1350/1604/1260 
f 1321/1574/1231 1322/1575/1232 1352/1606/1262 1351/1605/1261 
f 1322/1575/1232 1323/1576/1233 1353/1607/1263 1352/1606/1262 
f 1323/1576/1233 1324/1577/1234 1354/1608/1264 1353/1607/1263 
f 1324/1577/1234 1325/1578/1235 1355/1609/1265 1354/1608/1264 
f 1325/1578/1235 1326/1579/1236 1356/1610/1266 1355/1609/1265 
f 1326/1579/1236 1327/1580/1237 1357/1611/1267 1356/1610/1266 
f 1327/1580/1237 1299/1551/1209 1329/1582/1239 1357/1611/1267 
f 1329/1582/1239 1328/1581/1238 1358/1612/1268 1359/1613/1269 
f 1328/1581/1238 1330/1583/1240 1360/1614/1270 1358/1612/1268 
f 1330/1583/1240 1331/1584/1241 1361/1615/1271 1360/1614/1270 
f 1331/1584/1241 1332/1585/1242 1362/1616/1272 1361/1615/1271 
f 1332/1585/1242 1333/1586/1243 1363/1617/1273 1362/1616/1272 
f 1333/1586/1243 1334/1587/1244 1364/1618/1274 1363/1617/1273 
f 1334/1587/1244 1335/1588/1245 1365/1619/1275 1364/1618/1274 
f 1335/1590/1245 1336/1589/1246 1366/1620/1276 1365/1621/1275 
f 1336/1589/1246 1337/1591/1247 1367/1622/1277 1366/1620/1276 
f 1337/1591/1247 1338/1592/1248 1368/1623/1278 1367/1622/1277 
f 1338/1592/1248 1339/1593/1249 1369/1624/1279 1368/1623/1278 
f 1339/1593/1249 1340/1594/1250 1370/1625/1280 1369/1624/1279 
f 1340/1594/1250 1341/1595/1251 1371/1626/1281 1370/1625/1280 
f 1341/1595/1251 1342/1596/1252 1372/1627/1282 1371/1626/1281 
f 1342/1596/1252 1343/1597/1253 1373/1628/1283 1372/1627/1282 
f 1343/1597/1253 1344/1598/1254 1374/1629/1284 1373/1628/1283 
f 1344/1598/1254 1345/1599/1255 1375/1630/1285 1374/1629/1284 
f 1345/1599/1255 1346/1600/1256 1376/1631/1286 1375/1630/1285 
f 1346/1600/1256 1347/1601/1257 1377/1632/1287 1376/1631/1286 
f 1347/1601/1257 1348/1602/1258 1378/1633/1288 1377/1632/1287 
f 1348/1602/1258 1349/1603/1259 1379/1634/1289 1378/1633/1288 
f 1349/1603/1259 1350/1604/1260 1380/1635/1290 1379/1634/1289 
f 1350/1604/1260 1351/1605/1261 1381/1636/1291 1380/1635/1290 
f 1351/1605/1261 1352/1606/1262 1382/1637/1292 1381/1636/1291 
f 1352/1606/1262 1353/1607/1263 1383/1638/1293 1382/1637/1292 
f 1353/1607/1263 1354/1608/1264 1384/1639/1294 1383/1638/1293 
f 1354/1608/1264 1355/1609/1265 1385/1640/1295 1384/1639/1294 
f 1355/1609/1265 1356/1610/1266 1386/1641/1296 1385/1640/1295 
f 1356/1610/1266 1357/1611/1267 1387/1642/1297 1386/1641/1296 
f 1357/1611/1267 1329/1582/1239 1359/1613/1269 1387/1642/1297 
f 1359/1613/1269 1358/1612/1268 1388/1643/1298 1389/1644/1299 
f 1358/1612/1268 1360/1614/1270 1390/1645/1300 1388/1643/1298 
f 1360/1614/1270 1361/1615/1271 1391/1646/1301 1390/1645/1300 
f 1361/1615/1271 1362/1616/1272 1392/1647/1302 1391/1646/1301 
f 1362/1616/1272 1363/1617/1273 1393/1648/1303 1392/1647/1302 
f 1363/1617/1273 1364/1618/1274 1394/1649/1304 1393/1648/1303 
f 1364/1618/1274 1365/1619/1275 1395/1650/1305 1394/1649/1304 
f 1365/1621/1275 1366/1620/1276 1396/1651/1306 1395/1652/1305 
f 1366/1620/1276 1367/1622/1277 1397/1653/1307 1396/1651/1306 
f 1367/1622/1277 1368/1623/1278 1398/1654/1308 1397/1653/1307 
f 1368/1623/1278 1369/1624/1279 1399/1655/1309 1398/1654/1308 
f 1369/1624/1279 1370/1625/1280 1400/1656/1310 1399/1655/1309 
f 1370/1625/1280 1371/1626/1281 1401/1657/1311 1400/1656/1310 
f 1371/1626/1281 1372/1627/1282 1402/1658/1312 1401/1657/1311 
f 1372/1627/1282 1373/1628/1283 1403/1659/1313 1402/1658/1312 
f 1373/1628/1283 1374/1629/1284 1404/1660/1314 1403/1659/1313 
f 1374/1629/1284 1375/1630/1285 1405/1661/1315 1404/1660/1314 
f 1375/1630/1285 1376/1631/1286 1406/1662/1316 1405/1661/1315 
f 1376/1631/1286 1377/1632/1287 1407/1663/1317 1406/1662/1316 
f 1377/1632/1287 1378/1633/1288 1408/1664/1318 1407/1663/1317 
f 1378/1633/1288 1379/1634/1289 1409/1665/1319 1408/1664/1318 
f 1379/1634/1289 1380/1635/1290 1410/1666/1320 1409/1665/1319 
f 1380/1635/1290 1381/1636/1291 1411/1667/1321 1410/1666/1320 
f 1381/1636/1291 1382/1637/1292 1412/1668/1322 1411/1667/1321 
f 1382/1637/1292 1383/1638/1293 1413/1669/1323 1412/1668/1322 
f 1383/1638/1293 1384/1639/1294 1414/1670/1324 1413/1669/1323 
f 1384/1639/1294 1385/1640/1295 1415/1671/1325 1414/1670/1324 
f 1385/1640/1295 1386/1641/1296 1416/1672/1326 1415/1671/1325 
f 1386/1641/1296 1387/1642/1297 1417/1673/1327 1416/1672/1326 
f 1387/1642/1297 1359/1613/1269 1389/1644/1299 1417/1673/1327 
f 1389/1644/1299 1388/1643/1298 1418/1674/1328 1419/1675/1329 
f 1388/1643/1298 1390/1645/1300 1420/1676/1330 1418/1674/1328 
f 1390/1645/1300 1391/1646/1301 1421/1677/1331 1420/1676/1330 
f 1391/1646/1301 1392/1647/1302 1422/1678/1332 1421/1677/1331 
f 1392/1647/1302 1393/1648/1303 1423/1679/1333 1422/1678/1332 
f 1393/1648/1303 1394/1649/1304 1424/1680/1334 1423/1679/1333 
f 1394/1649/1304 1395/1650/1305 1425/1681/1335 1424/1680/1334 
f 1395/1652/1305 1396/1651/1306 1426/1682/1336 1425/1683/1335 
f 1396/1651/1306 1397/1653/1307 1427/1684/1337 1426/1682/1336 
f 1397/1653/1307 1398/1654/1308 1428/1685/1338 1427/1684/1337 
f 1398/1654/1308 1399/1655/1309 1429/1686/1339 1428/1685/1338 
f 1399/1655/1309 1400/1656/1310 1430/1687/1340 1429/1686/1339 
f 1400/1656/1310 1401/1657/1311 1431/1688/1341 1430/1687/1340 
f 1401/1657/1311 1402/1658/1312 1432/1689/1342 1431/1688/1341 
f 1402/1658/1312 1403/1659/1313 1433/1690/1343 1432/1689/1342 
f 1403/1659/1313 1404/1660/1314 1434/1691/1344 1433/1690/1343 
f 1404/1660/1314 1405/1661/1315 1435/1692/1345 1434/1691/1344 
f 1405/1661/1315 1406/1662/1316 1436/1693/1346 1435/1692/1345 
f 1406/1662/1316 1407/1663/1317 1437/1694/1347 1436/1693/1346 
f 1407/1663/1317 1408/1664/1318 1438/1695/1348 1437/1694/1347 
f 1408/1664/1318 1409/1665/1319 1439/1696/1349 1438/1695/1348 
f 1409/1665/1319 1410/1666/1320 1440/1697/1350 1439/1696/1349 
f 1410/1666/1320 1411/1667/1321 1441/1698/1351 1440/1697/1350 
f 1411/1667/1321 1412/1668/1322 1442/1699/1352 1441/1698/1351 
f 1412/1668/1322 1413/1669/1323 1443/1700/1353 1442/1699/1352 
f 1413/1669/1323 1414/1670/1324 1444/1701/1354 1443/1700/1353 
f 1414/1670/1324 1415/1671/1325 1445/1702/1355 1444/1701/1354 
f 1415/1671/1325 1416/1672/1326 1446/1703/1356 1445/1702/1355 
f 1416/1672/1326 1417/1673/1327 1447/1704/1357 1446/1703/1356 
f 1417/1673/1327 1389/1644/1299 1419/1675/1329 1447/1704/1357 
f 1419/1675/1329 1418/1674/1328 1448/1705/1358 1448/1705/1359 
f 1418/1674/1328 1420/1676/1330 1448/1705/1360 1448/1705/1358 
f 1420/1676/1330 1421/1677/1331 1448/1705/1361 1448/1705/1360 
f 1421/1677/1331 1422/1678/1332 1448/1705/1362 1448/1705/1361 
f 1422/1678/1332 1423/1679/1333 1448/1705/1363 1448/1705/1362 
f 1423/1679/1333 1424/1680/1334 1448/1705/1364 1448/1705/1363 
f 1424/1680/1334 1425/1681/1335 1448/1705/1365 1448/1705/1364 
f 1425/1683/1335 1426/1682/1336 1448/1705/1366 1448/1705/1365 
f 1426/1682/1336 1427/1684/1337 1448/1705/1367 1448/1705/1366 
f 1427/1684/1337 1428/1685/1338 1448/1705/1368 1448/1705/1367 
f 1428/1685/1338 1429/1686/1339 1448/1705/1369 1448/1705/1368 
f 1429/1686/1339 1430/1687/1340 1448/1705/1370 1448/1705/1369 
f 1430/1687/1340 1431/1688/1341 1448/1705/1371 1448/1705/1370 
f 1431/1688/1341 1432/1689/1342 1448/1705/1372 1448/1705/1371 
f 1432/1689/1342 1433/1690/1343 1448/1705/1373 1448/1705/1372 
f 1433/1690/1343 1434/1691/1344 1448/1705/1374 1448/1705/1373 
f 1434/1691/1344 1435/1692/1345 1448/1705/1375 1448/1705/1374 
f 1435/1692/1345 1436/1693/1346 1448/1705/1376 1448/1705/1375 
f 1436/1693/1346 1437/1694/1347 1448/1705/1377 1448/1705/1376 
f 1437/1694/1347 1438/1695/1348 1448/1705/1378 1448/1705/1377 
f 1438/1695/1348 1439/1696/1349 1448/1705/1379 1448/1705/1378 
f 1439/1696/1349 1440/1697/1350 1448/1705/1380 1448/1705/1379 
f 1440/1697/1350 1441/1698/1351 1448/1705/1381 1448/1705/1380 
f 1441/1698/1351 1442/1699/1352 1448/1705/1382 1448/1705/1381 
f 1442/1699/1352 1443/1700/1353 1448/1705/1383 1448/1705/1382 
f 1443/1700/1353 1444/1701/1354 1448/1705/1384 1448/1705/1383 
f 1444/1701/1354 1445/1702/1355 1448/1705/1385 1448/1705/1384 
f 1445/1702/1355 1446/1703/1356 1448/1705/1386 1448/1705/1385 
f 1446/1703/1356 1447/1704/1357 1448/1705/1387 1448/1705/1386 
f 1447/1704/1357 1419/1675/1329 1448/1705/1359 1448/1705/1387 
s 1
f 1448/1706/1388 1448/1706/1388 1448/1706/1388 1448/1706/1388 
f 1448/1706/1388 1448/1706/1388 1448/1706/1388 1448/1706/1388 
f 1448/1706/1388 1448/1706/1388 1448/1706/1388 1448/1706/1388 
f 1448/1706/1388 1448/1706/1388 1448/1706/1388 1448/1706/1388 
f 1448/1706/1388 1448/1706/1388 1448/1706/1388 1448/1706/1388 
f 1448/1706/1388 1448/1706/1388 1448/1706/1388 1448/1706/1388 
f 1448/1706/1388 1448/1706/1388 1448/1706/1388 1448/1706/1388 
f 1448/1706/1388 1448/1706/1388 1448/1706/1388 1448/1706/1388 
f 1448/1706/1388 1448/1706/1388 1448/1706/1388 1448/1706/1388 
f 1448/1706/1388 1448/1706/1388 1448/1706/1388 1448/1706/1388 
f 1448/1706/1388 1448/1706/1388 1448/1706/1388 1448/1706/1388 
f 1448/1706/1388 1448/1706/1388 1448/1706/1388 1448/1706/1388 
f 1448/1706/1388 1448/1706/1388 1448/1706/1388 1448/1706/1388 
f 1448/1706/1388 1448/1706/1388 1448/1706/1388 1448/1706/1388 
f 1448/1706/1388 1448/1706/1388 1448/1706/1388 1448/1706/1388 
# 630 polygons

